epoch,total,diff,kl,bond,atom
1,0.022950,0.401831,0.002858,0.000000,0.000000
2,0.033358,0.615398,0.002588,0.000000,0.000000
3,0.035590,0.665035,0.002339,0.000000,0.000000
4,0.033409,0.626016,0.002108,0.000000,0.000000
5,0.036608,0.694230,0.001897,0.000000,0.000000
6,0.025257,0.471060,0.001704,0.000000,0.000000
7,0.033312,0.635645,0.001530,0.000000,0.000000
8,0.028395,0.540402,0.001374,0.000000,0.000000
9,0.022579,0.426845,0.001236,0.000000,0.000000
10,0.029671,0.571120,0.001115,0.000000,0.000000
1,0.033802,0.397010,0.027879,0.012304,0.013951,0.000000,0.000000,0.000000,0.000000,0.000000
2,0.043405,0.601705,0.236402,0.012177,0.013320,0.000000,0.000000,0.000000,0.000000,0.000000
3,0.045490,0.655714,0.297935,0.011926,0.012704,0.000000,0.000000,0.000000,0.000000,0.000000
4,0.042843,0.614761,0.260453,0.011810,0.012105,0.000000,0.000000,0.000000,0.000000,0.000000
5,0.045879,0.687120,0.336106,0.011700,0.011523,0.000000,0.000000,0.000000,0.000000,0.000000
6,0.033998,0.460815,0.114743,0.011536,0.010957,0.000000,0.000000,0.000000,0.000000,0.000000
7,0.041664,0.625125,0.288265,0.011229,0.010408,0.000000,0.000000,0.000000,0.000000,0.000000
8,0.036290,0.528258,0.193960,0.011143,0.009877,0.000000,0.000000,0.000000,0.000000,0.000000
9,0.030232,0.417384,0.085244,0.011071,0.009363,0.000000,0.000000,0.000000,0.000000,0.000000
10,0.036861,0.559905,0.234602,0.010843,0.008866,0.000000,0.000000,0.000000,0.000000,0.000000
1,0.033802,0.397010,0.027879,0.012304,0.013951,0.000000,0.000000,0.000000,0.000000,0.000000
2,0.043405,0.601705,0.236402,0.012177,0.013320,0.000000,0.000000,0.000000,0.000000,0.000000
3,0.045490,0.655714,0.297935,0.011926,0.012704,0.000000,0.000000,0.000000,0.000000,0.000000
4,0.042843,0.614761,0.260453,0.011810,0.012105,0.000000,0.000000,0.000000,0.000000,0.000000
5,0.045879,0.687120,0.336106,0.011700,0.011523,0.000000,0.000000,0.000000,0.000000,0.000000
6,0.033998,0.460815,0.114743,0.011536,0.010957,0.000000,0.000000,0.000000,0.000000,0.000000
7,0.041664,0.625125,0.288265,0.011229,0.010408,0.000000,0.000000,0.000000,0.000000,0.000000
8,0.036290,0.528258,0.193960,0.011143,0.009877,0.000000,0.000000,0.000000,0.000000,0.000000
9,0.030232,0.417384,0.085244,0.011071,0.009363,0.000000,0.000000,0.000000,0.000000,0.000000
10,0.036861,0.559905,0.234602,0.010843,0.008866,0.000000,0.000000,0.000000,0.000000,0.000000
1,668.163330,0.396958,0.027832,0.012304,0.013951,1.619361,2.223369,666.855896,0.000000,0.000000
2,6.257105,0.604197,0.236813,0.012246,0.014015,1.654017,2.219392,4.937782,0.000000,0.000000
3,5.258794,0.661025,0.298413,0.012087,0.014068,1.655363,2.216972,3.937652,0.000000,0.000000
4,6.273746,0.621965,0.260599,0.012046,0.014131,1.644831,2.210772,4.958648,0.000000,0.000000
5,3.964918,0.697000,0.337297,0.011990,0.014207,1.639254,2.203348,2.650262,0.000000,0.000000
6,43.310631,0.471046,0.114006,0.011901,0.014240,1.610561,2.201926,42.010818,0.000000,0.000000
7,4.691170,0.640663,0.289909,0.011692,0.014324,1.637167,2.200016,3.381088,0.000000,0.000000
8,6.889357,0.546224,0.195950,0.011676,0.014398,1.623134,2.193392,5.588638,0.000000,0.000000
9,87.749016,0.433772,0.084323,0.011648,0.014494,1.607788,2.187989,86.458061,0.000000,0.000000
10,7.028840,0.581587,0.235945,0.011521,0.014617,1.616770,2.185400,5.730767,0.000000,0.000000
1,668.163330,0.396958,0.027832,0.012304,0.013951,1.619361,2.223369,666.855896,0.000000,0.000000
2,6.257105,0.604197,0.236813,0.012246,0.014015,1.654017,2.219392,4.937782,0.000000,0.000000
3,5.258794,0.661025,0.298413,0.012087,0.014068,1.655363,2.216972,3.937652,0.000000,0.000000
4,6.273746,0.621965,0.260599,0.012046,0.014131,1.644831,2.210772,4.958648,0.000000,0.000000
5,3.964918,0.697000,0.337297,0.011990,0.014207,1.639254,2.203348,2.650262,0.000000,0.000000
6,43.310631,0.471046,0.114006,0.011901,0.014240,1.610561,2.201926,42.010818,0.000000,0.000000
7,4.691170,0.640663,0.289909,0.011692,0.014324,1.637167,2.200016,3.381088,0.000000,0.000000
8,6.889357,0.546224,0.195950,0.011676,0.014398,1.623134,2.193392,5.588638,0.000000,0.000000
9,87.749016,0.433772,0.084323,0.011648,0.014494,1.607788,2.187989,86.458061,0.000000,0.000000
10,7.028840,0.581587,0.235945,0.011521,0.014617,1.616770,2.185400,5.730767,0.000000,0.000000
1,668.163330,0.396958,0.027832,0.012304,0.013951,1.619361,2.223369,666.855896,0.000000,0.000000
2,6.257105,0.604197,0.236813,0.012246,0.014015,1.654017,2.219392,4.937782,0.000000,0.000000
3,5.258794,0.661025,0.298413,0.012087,0.014068,1.655363,2.216972,3.937652,0.000000,0.000000
4,6.273746,0.621965,0.260599,0.012046,0.014131,1.644831,2.210772,4.958648,0.000000,0.000000
5,3.964918,0.697000,0.337297,0.011990,0.014207,1.639254,2.203348,2.650262,0.000000,0.000000
6,43.310631,0.471046,0.114006,0.011901,0.014240,1.610561,2.201926,42.010818,0.000000,0.000000
7,4.691170,0.640663,0.289909,0.011692,0.014324,1.637167,2.200016,3.381088,0.000000,0.000000
8,6.889357,0.546224,0.195950,0.011676,0.014398,1.623134,2.193392,5.588638,0.000000,0.000000
9,87.749016,0.433772,0.084323,0.011648,0.014494,1.607788,2.187989,86.458061,0.000000,0.000000
10,7.028840,0.581587,0.235945,0.011521,0.014617,1.616770,2.185400,5.730767,0.000000,0.000000
1,668.989685,0.396958,0.027832,0.012304,0.013951,1.619361,2.223369,666.855896,0.000000,0.000000
2,7.190272,0.603696,0.236762,0.012231,0.014015,1.653822,2.219414,4.937792,0.000000,0.000000
3,6.217844,0.660024,0.298388,0.012055,0.014069,1.654838,2.217442,3.937623,0.000000,0.000000
4,7.210458,0.620185,0.260393,0.011993,0.014132,1.643911,2.211783,4.958386,0.000000,0.000000
5,4.933392,0.694752,0.337080,0.011922,0.014210,1.638473,2.204600,2.650270,0.000000,0.000000
6,44.166813,0.468544,0.113817,0.011824,0.014244,1.609628,2.203364,42.011803,0.000000,0.000000
7,5.632562,0.637276,0.289431,0.011595,0.014328,1.635104,2.201982,3.381053,0.000000,0.000000
8,7.782548,0.542386,0.195493,0.011563,0.014402,1.621092,2.195685,5.588564,0.000000,0.000000
9,88.595612,0.430236,0.083996,0.011541,0.014498,1.606446,2.189919,86.467812,0.000000,0.000000
10,7.934536,0.576822,0.235275,0.011385,0.014620,1.613999,2.188164,5.730423,0.000000,0.000000
1,670.752747,0.040136,0.027832,0.012304,0.013951,1.619361,2.223369,666.855896,0.000000,0.000000
2,9.073271,0.248979,0.236726,0.012253,0.014015,1.653616,2.218857,4.937803,0.000000,0.000000
3,8.132959,0.310460,0.298362,0.012098,0.014069,1.654552,2.216242,3.937636,0.000000,0.000000
4,9.098886,0.272415,0.260354,0.012061,0.014133,1.643588,2.210020,4.958730,0.000000,0.000000
5,6.854242,0.348942,0.336936,0.012006,0.014212,1.638208,2.202528,2.650353,0.000000,0.000000
6,45.970249,0.125688,0.113775,0.011914,0.014248,1.609113,2.200777,42.020424,0.000000,0.000000
7,7.529710,0.300914,0.289210,0.011704,0.014334,1.634118,2.198628,3.381716,0.000000,0.000000
8,9.623550,0.206952,0.195269,0.011683,0.014409,1.619987,2.191605,5.590597,0.000000,0.000000
9,90.423637,0.095562,0.083914,0.011648,0.014504,1.605616,2.185908,86.522049,0.000000,0.000000
10,9.789797,0.246673,0.235152,0.011520,0.014626,1.612218,2.182909,5.733371,0.000000,0.000000
1,3.896817,0.040136,0.027832,0.012304,0.013951,1.619361,2.223369,0.000000,0.000000
2,4.131452,0.248805,0.236569,0.012235,0.013323,1.653437,2.215887,0.000000,0.000000
3,4.187294,0.309822,0.297769,0.012053,0.012816,1.653137,2.211519,0.000000,0.000000
4,4.131968,0.271988,0.259987,0.012000,0.012335,1.642523,2.205122,0.000000,0.000000
5,4.194116,0.347660,0.335728,0.011933,0.011883,1.637248,2.197324,0.000000,0.000000
6,3.937155,0.126043,0.114215,0.011827,0.011431,1.606076,2.193605,0.000000,0.000000
7,4.129862,0.298996,0.287401,0.011595,0.011005,1.629737,2.190124,0.000000,0.000000
8,4.012439,0.204328,0.192771,0.011558,0.010610,1.615047,2.182454,0.000000,0.000000
9,3.878289,0.095979,0.084476,0.011502,0.010253,1.598210,2.173846,0.000000,0.000000
10,4.029241,0.244582,0.233232,0.011350,0.009905,1.604109,2.170645,0.000000,0.000000
1,3.947023,0.029126,0.017021,0.012105,0.003085,1.598029,2.316784,0.000000,0.000000
2,4.229317,0.340012,0.328045,0.011967,0.002751,1.574360,2.312194,0.000000,0.000000
3,3.970022,0.068264,0.056444,0.011821,0.002515,1.593002,2.306241,0.000000,0.000000
4,4.067826,0.173687,0.162000,0.011687,0.002301,1.590559,2.301280,0.000000,0.000000
5,3.928757,0.033673,0.022123,0.011550,0.002119,1.597265,2.295699,0.000000,0.000000
6,4.079484,0.199300,0.187876,0.011424,0.001947,1.587281,2.290956,0.000000,0.000000
7,4.014671,0.151100,0.139800,0.011300,0.001808,1.576326,2.285437,0.000000,0.000000
8,3.950961,0.093461,0.082280,0.011180,0.001701,1.575547,2.280252,0.000000,0.000000
9,4.127369,0.297304,0.286236,0.011068,0.001624,1.552279,2.276161,0.000000,0.000000
10,3.971494,0.134568,0.123620,0.010948,0.001576,1.565658,2.269692,0.000000,0.000000
1,2.303403,0.123038,0.113857,0.009181,0.003699,0.992486,1.184180,0.000000,0.000000
1,2.304102,0.122953,0.113770,0.009184,0.003822,0.992575,1.184752,0.000000,0.000000
2,1.920324,0.110805,0.102738,0.008067,0.003291,0.758898,1.047329,0.000000,0.000000
3,1.877240,0.104352,0.096303,0.008049,0.006613,0.723441,1.042834,0.000000,0.000000
4,1.840883,0.098820,0.090753,0.008067,0.016533,0.690966,1.034564,0.000000,0.000000
5,1.789929,0.097571,0.089534,0.008037,0.024421,0.642701,1.025236,0.000000,0.000000
6,1.762904,0.097841,0.089970,0.007871,0.028223,0.626383,1.010457,0.000000,0.000000
7,1.753970,0.096240,0.088425,0.007815,0.029992,0.621923,1.005814,0.000000,0.000000
8,1.739246,0.101036,0.093245,0.007791,0.033084,0.601326,1.003801,0.000000,0.000000
9,1.750048,0.099007,0.091235,0.007772,0.032723,0.615845,1.002473,0.000000,0.000000
10,1.731188,0.095429,0.087652,0.007777,0.034476,0.604812,0.996471,0.000000,0.000000
11,1.751020,0.088979,0.081264,0.007715,0.039701,0.632680,0.989661,0.000000,0.000000
12,1.743768,0.095740,0.088040,0.007700,0.040379,0.618380,0.989269,0.000000,0.000000
13,1.724990,0.096522,0.088842,0.007679,0.039956,0.603036,0.985476,0.000000,0.000000
14,1.738977,0.096990,0.089326,0.007664,0.041991,0.612192,0.987803,0.000000,0.000000
15,1.734512,0.090269,0.082640,0.007629,0.041668,0.612738,0.989837,0.000000,0.000000
16,1.738504,0.086511,0.078886,0.007624,0.043315,0.623740,0.984937,0.000000,0.000000
17,1.738227,0.098574,0.090959,0.007615,0.041245,0.610623,0.987785,0.000000,0.000000
18,1.734610,0.100021,0.092415,0.007606,0.043935,0.609165,0.981489,0.000000,0.000000
19,1.723393,0.090908,0.083293,0.007615,0.047679,0.609546,0.975260,0.000000,0.000000
20,1.727070,0.090045,0.082416,0.007629,0.041034,0.610613,0.985378,0.000000,0.000000
21,1.737857,0.092360,0.084709,0.007651,0.042875,0.613183,0.989439,0.000000,0.000000
22,1.712485,0.083287,0.075699,0.007588,0.045437,0.606025,0.977737,0.000000,0.000000
23,1.690641,0.096725,0.089144,0.007580,0.036628,0.578794,0.978494,0.000000,0.000000
24,1.714135,0.097649,0.090054,0.007596,0.041247,0.595107,0.980132,0.000000,0.000000
25,1.716674,0.090354,0.082790,0.007563,0.043235,0.613993,0.969092,0.000000,0.000000
26,1.726469,0.096745,0.089176,0.007568,0.043849,0.611054,0.974822,0.000000,0.000000
27,1.703971,0.090827,0.083266,0.007561,0.044864,0.602095,0.966185,0.000000,0.000000
28,1.713492,0.093173,0.085608,0.007564,0.044887,0.603269,0.972162,0.000000,0.000000
29,1.716174,0.092091,0.084565,0.007525,0.046301,0.612261,0.965521,0.000000,0.000000
30,1.704741,0.097186,0.089655,0.007532,0.043230,0.596800,0.967525,0.000000,0.000000
31,1.716051,0.088256,0.080657,0.007599,0.044526,0.607285,0.975983,0.000000,0.000000
32,1.717127,0.085171,0.077611,0.007560,0.050593,0.611796,0.969568,0.000000,0.000000
33,1.717809,0.095881,0.088335,0.007546,0.045825,0.608662,0.967440,0.000000,0.000000
34,1.697584,0.090941,0.083461,0.007481,0.047156,0.592722,0.966764,0.000000,0.000000
35,1.705054,0.089465,0.081931,0.007535,0.043309,0.607620,0.964659,0.000000,0.000000
36,1.708029,0.087737,0.080236,0.007501,0.046283,0.611986,0.962024,0.000000,0.000000
1,2.303701,0.123038,0.113855,0.009183,0.003732,0.992492,1.184439,0.000000,0.000000
2,1.920795,0.110391,0.102325,0.008067,0.003429,0.759168,1.047806,0.000000,0.000000
3,1.877370,0.104546,0.096500,0.008047,0.006390,0.723309,1.043125,0.000000,0.000000
4,1.841151,0.099569,0.091506,0.008063,0.015975,0.690142,1.035465,0.000000,0.000000
5,1.790297,0.097827,0.089784,0.008044,0.024585,0.642414,1.025471,0.000000,0.000000
6,1.763479,0.097995,0.090110,0.007884,0.027293,0.625715,1.012476,0.000000,0.000000
7,1.753870,0.096458,0.088641,0.007817,0.029848,0.621798,1.005766,0.000000,0.000000
8,1.743055,0.102967,0.095163,0.007804,0.031964,0.601502,1.006622,0.000000,0.000000
9,1.750582,0.098978,0.091204,0.007774,0.032115,0.615888,1.003601,0.000000,0.000000
10,1.731223,0.095496,0.087724,0.007772,0.034352,0.604797,0.996577,0.000000,0.000000
11,1.750483,0.089059,0.081348,0.007712,0.039385,0.632402,0.989637,0.000000,0.000000
12,1.742903,0.095688,0.087990,0.007698,0.040990,0.618324,0.987901,0.000000,0.000000
13,1.724772,0.095395,0.087711,0.007684,0.041011,0.603241,0.985125,0.000000,0.000000
14,1.740167,0.096749,0.089082,0.007667,0.042246,0.612029,0.989142,0.000000,0.000000
15,1.735329,0.089086,0.081433,0.007653,0.042251,0.613233,0.990757,0.000000,0.000000
16,1.739464,0.087695,0.080068,0.007627,0.042845,0.623421,0.985504,0.000000,0.000000
17,1.738181,0.099299,0.091672,0.007627,0.040899,0.610408,0.987575,0.000000,0.000000
18,1.733520,0.099946,0.092333,0.007613,0.043474,0.609011,0.981089,0.000000,0.000000
19,1.723730,0.090754,0.083140,0.007614,0.048490,0.609740,0.974746,0.000000,0.000000
20,1.724203,0.088934,0.081305,0.007629,0.041181,0.610508,0.983580,0.000000,0.000000
21,1.739549,0.093735,0.086079,0.007656,0.041984,0.613181,0.990649,0.000000,0.000000
22,1.711438,0.083363,0.075778,0.007585,0.044093,0.606360,0.977621,0.000000,0.000000
23,1.688505,0.096369,0.088796,0.007573,0.035745,0.578914,0.977477,0.000000,0.000000
24,1.713711,0.097442,0.089841,0.007601,0.041140,0.594949,0.980180,0.000000,0.000000
25,1.719533,0.090748,0.083193,0.007555,0.044014,0.614414,0.970357,0.000000,0.000000
26,1.722647,0.094590,0.087039,0.007551,0.045846,0.610930,0.971281,0.000000,0.000000
27,1.705995,0.091034,0.083477,0.007557,0.045216,0.602450,0.967295,0.000000,0.000000
28,1.714949,0.093074,0.085495,0.007579,0.044465,0.603912,0.973498,0.000000,0.000000
29,1.716341,0.090485,0.082951,0.007533,0.047340,0.612116,0.966400,0.000000,0.000000
30,1.705923,0.097772,0.090236,0.007536,0.043171,0.596826,0.968154,0.000000,0.000000
31,1.714479,0.087213,0.079629,0.007584,0.045186,0.606969,0.975110,0.000000,0.000000
32,1.716438,0.084106,0.076559,0.007547,0.050948,0.612288,0.969095,0.000000,0.000000
33,1.715722,0.095682,0.088161,0.007521,0.045726,0.608279,0.966035,0.000000,0.000000
34,1.695252,0.092788,0.085300,0.007488,0.044715,0.593151,0.964598,0.000000,0.000000
35,1.704276,0.090851,0.083328,0.007523,0.042388,0.607961,0.963075,0.000000,0.000000
36,1.709096,0.088401,0.080888,0.007513,0.044879,0.612362,0.963454,0.000000,0.000000
37,1.708104,0.087512,0.079996,0.007516,0.046420,0.612716,0.961455,0.000000,0.000000
38,1.696851,0.083012,0.075553,0.007460,0.043885,0.615019,0.954935,0.000000,0.000000
39,1.694444,0.097822,0.090350,0.007472,0.046308,0.589639,0.960674,0.000000,0.000000
40,1.707158,0.089198,0.081696,0.007502,0.045551,0.614665,0.957744,0.000000,0.000000
41,1.692791,0.087235,0.079788,0.007447,0.045866,0.607244,0.952446,0.000000,0.000000
42,1.706311,0.081467,0.074017,0.007450,0.053534,0.618681,0.952629,0.000000,0.000000
43,1.691176,0.083716,0.076226,0.007490,0.045287,0.610017,0.952156,0.000000,0.000000
44,1.674496,0.090377,0.082946,0.007431,0.042075,0.595293,0.946751,0.000000,0.000000
45,1.685476,0.092138,0.084693,0.007445,0.046195,0.593726,0.953417,0.000000,0.000000
46,1.677481,0.090148,0.082670,0.007478,0.038124,0.588928,0.960281,0.000000,0.000000
47,1.672569,0.090469,0.083011,0.007458,0.039175,0.592569,0.950356,0.000000,0.000000
48,1.685588,0.086585,0.079169,0.007415,0.042242,0.605792,0.950970,0.000000,0.000000
49,1.672222,0.090711,0.083301,0.007410,0.040526,0.595323,0.945662,0.000000,0.000000
50,1.681111,0.086601,0.079240,0.007362,0.040899,0.606549,0.947061,0.000000,0.000000
51,1.672199,0.087161,0.079824,0.007337,0.047245,0.601508,0.936285,0.000000,0.000000
1,2.105854,0.124786,0.115755,0.009031,0.005593,0.872673,1.102801
2,1.924432,0.126116,0.118031,0.008085,0.016353,0.739242,1.042721
3,1.890895,0.128980,0.120892,0.008088,0.022898,0.707383,1.031634
4,1.886648,0.124032,0.115986,0.008046,0.027412,0.706364,1.028840
5,1.859357,0.124570,0.116601,0.007969,0.029996,0.680271,1.024519
6,1.855241,0.131041,0.123061,0.007980,0.029739,0.676744,1.017717
7,1.850643,0.126479,0.118485,0.007994,0.031771,0.675150,1.017243
8,1.845446,0.131239,0.123350,0.007889,0.028757,0.663676,1.021775
9,1.854654,0.126857,0.118980,0.007877,0.031588,0.671277,1.024932
10,1.834454,0.124365,0.116443,0.007921,0.036257,0.667245,1.006587
11,1.839290,0.118318,0.110503,0.007815,0.038405,0.680506,1.002061
12,1.838948,0.131210,0.123350,0.007860,0.033674,0.668635,1.005429
13,1.824867,0.127726,0.119830,0.007896,0.036473,0.659279,1.001389
14,1.837687,0.122392,0.114505,0.007887,0.034780,0.671006,1.009508
1,2.095701,0.124639,0.115316,0.009323,0.006590,0.861215,1.103258
2,2.085699,0.126976,0.117831,0.009145,0.017773,0.740284,1.200666
3,1.896078,0.128485,0.120433,0.008052,0.023147,0.710053,1.034393
4,1.892712,0.124115,0.116122,0.007993,0.029362,0.710575,1.028659
5,1.865875,0.124728,0.116742,0.007986,0.029862,0.681892,1.029392
6,1.859590,0.131172,0.123214,0.007958,0.029838,0.677128,1.021451
7,1.854319,0.126563,0.118543,0.008020,0.031882,0.674522,1.021352
8,1.844699,0.131268,0.123373,0.007895,0.029696,0.663682,1.020053
9,1.852690,0.126157,0.118282,0.007875,0.032753,0.670380,1.023400
10,1.836108,0.123979,0.116060,0.007919,0.035857,0.666922,1.009350
11,1.842059,0.117689,0.109838,0.007851,0.037545,0.679155,1.007671
12,1.842464,0.131240,0.123343,0.007896,0.034757,0.667349,1.009119
1,2.100525,0.124705,0.115613,0.009091,0.006788,0.866713,1.102319
2,1.921926,0.125917,0.117845,0.008072,0.017382,0.735408,1.043219
3,1.890821,0.128537,0.120478,0.008059,0.023429,0.707809,1.031046
4,1.888384,0.123916,0.115919,0.007997,0.029697,0.708407,1.026364
5,1.865214,0.125434,0.117467,0.007967,0.029749,0.681321,1.028710
6,1.861686,0.131415,0.123450,0.007966,0.028996,0.677555,1.023720
7,1.854800,0.126381,0.118350,0.008031,0.031184,0.674673,1.022562
8,1.845640,0.131011,0.123081,0.007930,0.029899,0.663384,1.021347
9,1.849673,0.126612,0.118698,0.007914,0.033355,0.670951,1.018755
10,1.842923,0.124804,0.116842,0.007962,0.035321,0.667079,1.015718
1,0.128022,0.125051,0.117014,0.008037,0.002971,0.000000,0.000000
2,0.134709,0.131467,0.123603,0.007864,0.003242,0.000000,0.000000
3,0.138434,0.135390,0.127550,0.007840,0.003044,0.000000,0.000000
4,0.135865,0.133063,0.125188,0.007874,0.002802,0.000000,0.000000
5,0.136872,0.134320,0.126477,0.007844,0.002551,0.000000,0.000000
6,0.143806,0.141162,0.133319,0.007843,0.002644,0.000000,0.000000
1,2.982690,0.090156,0.082005,0.008151,0.277999,0.000000,0.000000
2,2.982278,0.087109,0.079252,0.007857,0.369013,0.000000,0.000000
3,3.085452,0.091503,0.083731,0.007772,0.340349,0.000000,0.000000
4,3.090190,0.091636,0.083867,0.007769,0.341114,0.000000,0.000000
5,3.090676,0.091875,0.084054,0.007822,0.334417,0.000000,0.000000
1,2289284896.533627,76307472.612215,60702869.915317,15604600.871364,60709.562357,0.000000,0.000000
2,3.260671,0.087053,0.076390,0.010662,0.649092,0.000000,0.000000
3,3.343932,0.091668,0.080568,0.011100,0.593882,0.000000,0.000000
4,3.362796,0.089468,0.078412,0.011055,0.678766,0.000000,0.000000
5,3.279334,0.089442,0.078631,0.010811,0.596085,0.000000,0.000000
6,3.489681,0.096150,0.084854,0.011296,0.605191,0.000000,0.000000
7,3.492719,0.096751,0.085343,0.011408,0.590183,0.000000,0.000000
8,3.554400,0.096377,0.085180,0.011197,0.663100,0.000000,0.000000
9,3.517111,0.096557,0.085596,0.010961,0.620394,0.000000,0.000000
10,3.469147,0.092616,0.081624,0.010991,0.690669,0.000000,0.000000
11,3.314750,0.089197,0.078484,0.010713,0.638829,0.000000,0.000000
12,3.724609,0.101266,0.090273,0.010993,0.686622,0.000000,0.000000
13,3.558853,0.096750,0.085352,0.011398,0.656365,0.000000,0.000000
14,3.445818,0.092678,0.081489,0.011190,0.665470,0.000000,0.000000
15,3.348201,0.090868,0.079392,0.011477,0.622155,0.000000,0.000000
16,3.115511,0.085101,0.074151,0.010951,0.562471,0.000000,0.000000
17,3.783198,0.097453,0.086239,0.011214,0.859609,0.000000,0.000000
1,1075549188.578442,35851638.477066,31785422.269658,4066216.446770,29.450767,0.000000,0.000000
2,3.380515,0.090165,0.079030,0.011135,0.675571,0.000000,0.000000
3,3.386172,0.094953,0.084109,0.010843,0.537596,0.000000,0.000000
4,3.365228,0.090883,0.080031,0.010852,0.638752,0.000000,0.000000
5,3.255103,0.090167,0.079153,0.011014,0.550078,0.000000,0.000000
6,3.529450,0.096148,0.085276,0.010872,0.645013,0.000000,0.000000
7,3.463216,0.096817,0.085864,0.010954,0.558702,0.000000,0.000000
8,3.567879,0.098087,0.087099,0.010988,0.625268,0.000000,0.000000
9,3.588568,0.099396,0.088546,0.010850,0.606686,0.000000,0.000000
10,3.463744,0.093586,0.082574,0.011013,0.656158,0.000000,0.000000
11,3.277025,0.091064,0.079931,0.011133,0.545101,0.000000,0.000000
12,3.776007,0.102687,0.091903,0.010784,0.695396,0.000000,0.000000
13,3.537151,0.096896,0.085755,0.011141,0.630284,0.000000,0.000000
14,3.425801,0.094011,0.082695,0.011316,0.605462,0.000000,0.000000
15,3.335918,0.090900,0.079602,0.011298,0.608919,0.000000,0.000000
16,11238016370.195358,374600532.576548,374600532.565453,0.011176,0.648064,0.000000,0.000000
17,7.752431,0.224717,0.213872,0.010846,1.010912,0.000000,0.000000
18,7.750815,0.228885,0.218147,0.010737,0.884275,0.000000,0.000000
19,7.587084,0.226068,0.214948,0.011119,0.805048,0.000000,0.000000
1,2.939431,0.089187,0.081131,0.008056,0.263834,0.000000,0.000000
2,2.978610,0.087780,0.079949,0.007831,0.345215,0.000000,0.000000
3,3.082226,0.091084,0.083287,0.007796,0.349716,0.000000,0.000000
4,3.098148,0.092595,0.084795,0.007800,0.320311,0.000000,0.000000
5,3.065662,0.090885,0.083048,0.007837,0.339100,0.000000,0.000000
6,3.261129,0.095986,0.088154,0.007832,0.381549,0.000000,0.000000
7,3.281869,0.098368,0.090480,0.007888,0.330836,0.000000,0.000000
8,3.280473,0.095511,0.087759,0.007753,0.415129,0.000000,0.000000
1,0.127976,0.124944,0.116909,0.008035,0.003032,0.000000,0.000000
2,0.134881,0.131629,0.123764,0.007865,0.003253,0.000000,0.000000
3,0.138458,0.135327,0.127487,0.007840,0.003130,0.000000,0.000000
4,0.135789,0.132990,0.125136,0.007854,0.002799,0.000000,0.000000
5,0.136971,0.134310,0.126470,0.007840,0.002660,0.000000,0.000000
6,0.143770,0.141172,0.133329,0.007843,0.002598,0.000000,0.000000
7,0.138435,0.136143,0.128297,0.007846,0.002292,0.000000,0.000000
8,0.143071,0.140676,0.132911,0.007765,0.002395,0.000000,0.000000
9,0.138900,0.136833,0.129069,0.007764,0.002067,0.000000,0.000000
10,0.138148,0.135580,0.127789,0.007791,0.002568,0.000000,0.000000
1,0.127909,0.124902,0.116865,0.008036,0.003008,0.000000,0.000000
1,0.031254,0.026708,0.014602,0.012106,0.004546,0.000000,0.000000
2,0.365088,0.361409,0.349970,0.011439,0.003680,0.000000,0.000000
3,0.047558,0.044044,0.033370,0.010674,0.003514,0.000000,0.000000
4,0.068094,0.064883,0.055558,0.009325,0.003211,0.000000,0.000000
5,0.032189,0.029309,0.019368,0.009941,0.002879,0.000000,0.000000
6,0.079783,0.077285,0.069357,0.007929,0.002498,0.000000,0.000000
7,0.072182,0.069963,0.060417,0.009546,0.002220,0.000000,0.000000
8,0.056020,0.053923,0.044139,0.009784,0.002097,0.000000,0.000000
9,0.248045,0.246044,0.235976,0.010068,0.002001,0.000000,0.000000
1,0.031254,0.026708,0.014602,0.012106,0.004546,0.000000,0.000000
2,0.365088,0.361409,0.349970,0.011439,0.003680,0.000000,0.000000
3,0.047533,0.044019,0.033345,0.010674,0.003514,0.000000,0.000000
4,0.068454,0.065243,0.055916,0.009327,0.003211,0.000000,0.000000
5,0.032414,0.029534,0.019590,0.009944,0.002881,0.000000,0.000000
6,0.080937,0.078438,0.070509,0.007929,0.002499,0.000000,0.000000
7,0.071657,0.069434,0.059888,0.009546,0.002223,0.000000,0.000000
1,0.031254,0.026708,0.014602,0.012106,0.004546,0.000000,0.000000
2,0.365088,0.361409,0.349970,0.011439,0.003680,0.000000,0.000000
3,0.047558,0.044044,0.033370,0.010674,0.003514,0.000000,0.000000
4,0.068094,0.064883,0.055558,0.009325,0.003211,0.000000,0.000000
5,0.032189,0.029309,0.019368,0.009941,0.002879,0.000000,0.000000
6,0.079783,0.077285,0.069357,0.007929,0.002498,0.000000,0.000000
7,0.072182,0.069963,0.060417,0.009546,0.002220,0.000000,0.000000
8,0.056020,0.053923,0.044139,0.009784,0.002097,0.000000,0.000000
9,0.248357,0.246356,0.236287,0.010068,0.002001,0.000000,0.000000
10,0.057432,0.055215,0.046511,0.008704,0.002218,0.000000,0.000000
11,0.067060,0.064627,0.056009,0.008618,0.002433,0.000000,0.000000
12,0.026110,0.023447,0.015730,0.007717,0.002663,0.000000,0.000000
13,0.441960,0.439226,0.431860,0.007366,0.002734,0.000000,0.000000
14,0.036740,0.033793,0.025853,0.007940,0.002946,0.000000,0.000000
15,0.133132,0.130108,0.121965,0.008143,0.003024,0.000000,0.000000
16,0.030084,0.026877,0.019750,0.007127,0.003207,0.000000,0.000000
17,0.036102,0.032875,0.025869,0.007006,0.003227,0.000000,0.000000
18,0.312600,0.309488,0.302274,0.007214,0.003112,0.000000,0.000000
19,0.167412,0.164202,0.157815,0.006386,0.003211,0.000000,0.000000
20,0.054567,0.051138,0.044044,0.007094,0.003429,0.000000,0.000000
21,0.190171,0.186610,0.180030,0.006580,0.003561,0.000000,0.000000
22,0.040296,0.036464,0.029916,0.006549,0.003831,0.000000,0.000000
23,0.408714,0.404736,0.398345,0.006392,0.003978,0.000000,0.000000
24,0.045200,0.041005,0.034739,0.006266,0.004195,0.000000,0.000000
25,0.280499,0.276206,0.269402,0.006804,0.004293,0.000000,0.000000
26,0.044208,0.039668,0.033371,0.006297,0.004540,0.000000,0.000000
27,0.050270,0.045607,0.038872,0.006735,0.004663,0.000000,0.000000
28,0.444476,0.439789,0.433178,0.006611,0.004687,0.000000,0.000000
29,0.035027,0.030196,0.023672,0.006525,0.004831,0.000000,0.000000
30,0.175559,0.170705,0.164593,0.006112,0.004854,0.000000,0.000000
31,0.036120,0.031139,0.024743,0.006396,0.004980,0.000000,0.000000
32,0.063063,0.058081,0.050646,0.007435,0.004982,0.000000,0.000000
33,0.433207,0.428241,0.421764,0.006478,0.004966,0.000000,0.000000
34,0.041784,0.036835,0.030681,0.006155,0.004949,0.000000,0.000000
35,0.107816,0.102993,0.097223,0.005770,0.004824,0.000000,0.000000
36,0.032530,0.027765,0.021340,0.006425,0.004765,0.000000,0.000000
37,0.183244,0.178640,0.172631,0.006009,0.004604,0.000000,0.000000
38,0.027747,0.023198,0.016847,0.006351,0.004549,0.000000,0.000000
39,0.019129,0.014736,0.008371,0.006364,0.004393,0.000000,0.000000
40,0.119658,0.115513,0.109665,0.005848,0.004144,0.000000,0.000000
41,0.286814,0.282842,0.276289,0.006553,0.003972,0.000000,0.000000
42,0.136204,0.132295,0.124976,0.007318,0.003910,0.000000,0.000000
43,0.138193,0.134280,0.128995,0.005285,0.003913,0.000000,0.000000
44,0.030890,0.026913,0.020589,0.006324,0.003976,0.000000,0.000000
45,0.016362,0.012421,0.006084,0.006337,0.003941,0.000000,0.000000
46,0.041835,0.038035,0.032115,0.005920,0.003800,0.000000,0.000000
47,0.181557,0.177969,0.171370,0.006599,0.003588,0.000000,0.000000
48,0.047012,0.043502,0.037081,0.006421,0.003510,0.000000,0.000000
49,0.060288,0.056938,0.050575,0.006364,0.003349,0.000000,0.000000
50,0.057624,0.054444,0.048811,0.005633,0.003180,0.000000,0.000000
51,0.050365,0.047360,0.041293,0.006067,0.003004,0.000000,0.000000
52,0.034733,0.031938,0.025554,0.006384,0.002795,0.000000,0.000000
53,0.036731,0.034176,0.027783,0.006394,0.002555,0.000000,0.000000
54,0.034683,0.032377,0.026001,0.006377,0.002305,0.000000,0.000000
55,0.032055,0.030002,0.023624,0.006378,0.002052,0.000000,0.000000
56,0.073921,0.072103,0.065358,0.006744,0.001819,0.000000,0.000000
57,0.061257,0.059594,0.053427,0.006167,0.001663,0.000000,0.000000
58,0.048795,0.047254,0.040569,0.006685,0.001540,0.000000,0.000000
59,0.303054,0.301614,0.295202,0.006412,0.001441,0.000000,0.000000
60,0.037074,0.035662,0.029365,0.006297,0.001412,0.000000,0.000000
61,0.369405,0.368033,0.361560,0.006473,0.001371,0.000000,0.000000
62,0.066914,0.065514,0.060310,0.005204,0.001400,0.000000,0.000000
63,0.055602,0.054160,0.048448,0.005713,0.001441,0.000000,0.000000
64,0.015397,0.013913,0.007517,0.006396,0.001484,0.000000,0.000000
65,0.024906,0.023418,0.017112,0.006306,0.001488,0.000000,0.000000
66,0.044803,0.043334,0.037263,0.006071,0.001469,0.000000,0.000000
67,0.022620,0.021177,0.014816,0.006361,0.001442,0.000000,0.000000
68,0.037397,0.036009,0.029645,0.006365,0.001388,0.000000,0.000000
69,0.016586,0.015266,0.008933,0.006333,0.001320,0.000000,0.000000
70,0.361279,0.360047,0.353823,0.006224,0.001232,0.000000,0.000000
71,0.112081,0.110874,0.104082,0.006792,0.001207,0.000000,0.000000
72,0.371367,0.370126,0.363564,0.006562,0.001241,0.000000,0.000000
73,0.025811,0.024452,0.018181,0.006271,0.001359,0.000000,0.000000
74,0.021498,0.020042,0.013742,0.006300,0.001456,0.000000,0.000000
75,0.344237,0.342718,0.336220,0.006498,0.001519,0.000000,0.000000
76,0.028397,0.026753,0.020342,0.006411,0.001644,0.000000,0.000000
77,0.200479,0.198737,0.192439,0.006298,0.001742,0.000000,0.000000
78,0.046024,0.044063,0.037527,0.006536,0.001961,0.000000,0.000000
79,0.024848,0.022708,0.016411,0.006297,0.002140,0.000000,0.000000
80,0.033663,0.031407,0.025151,0.006256,0.002256,0.000000,0.000000
81,0.038002,0.035688,0.029351,0.006338,0.002314,0.000000,0.000000
82,0.390067,0.387754,0.381517,0.006237,0.002313,0.000000,0.000000
83,0.015789,0.013348,0.007061,0.006287,0.002441,0.000000,0.000000
84,0.047465,0.044974,0.038823,0.006150,0.002491,0.000000,0.000000
85,0.145821,0.143341,0.137682,0.005659,0.002480,0.000000,0.000000
86,0.044737,0.042186,0.036031,0.006155,0.002551,0.000000,0.000000
87,0.187926,0.185341,0.179855,0.005486,0.002585,0.000000,0.000000
88,0.025110,0.022375,0.016127,0.006248,0.002735,0.000000,0.000000
89,0.121782,0.118975,0.113266,0.005708,0.002807,0.000000,0.000000
90,0.034293,0.031343,0.025355,0.005988,0.002950,0.000000,0.000000
91,0.403782,0.400756,0.394176,0.006580,0.003026,0.000000,0.000000
92,0.026300,0.023136,0.016858,0.006278,0.003164,0.000000,0.000000
93,0.020411,0.017202,0.010974,0.006228,0.003209,0.000000,0.000000
94,0.345349,0.342187,0.335710,0.006477,0.003163,0.000000,0.000000
95,0.042561,0.039297,0.032760,0.006537,0.003264,0.000000,0.000000
96,0.153217,0.149918,0.144073,0.005844,0.003300,0.000000,0.000000
97,0.416726,0.413292,0.407076,0.006216,0.003433,0.000000,0.000000
98,0.037571,0.033901,0.027652,0.006250,0.003670,0.000000,0.000000
99,0.241143,0.237340,0.231243,0.006097,0.003804,0.000000,0.000000
100,0.047781,0.043693,0.037505,0.006188,0.004088,0.000000,0.000000
1,0.031254,0.026708,0.014602,0.012106,0.004546,0.000000,0.000000
2,0.370578,0.367174,0.358730,0.008444,0.003404,0.000000,0.000000
3,0.063755,0.063064,0.055587,0.007477,0.000691,0.000000,0.000000
4,0.062997,0.060191,0.053841,0.006350,0.002807,0.000000,0.000000
5,0.032187,0.027625,0.020872,0.006753,0.004563,0.000000,0.000000
6,0.083746,0.079433,0.072968,0.006466,0.004313,0.000000,0.000000
7,0.071801,0.067617,0.061018,0.006599,0.004184,0.000000,0.000000
8,0.054178,0.049852,0.043369,0.006483,0.004326,0.000000,0.000000
9,0.243814,0.239975,0.232485,0.007490,0.003840,0.000000,0.000000
10,0.056301,0.051130,0.044350,0.006780,0.005171,0.000000,0.000000
11,0.063793,0.057975,0.051856,0.006118,0.005818,0.000000,0.000000
12,0.020356,0.014376,0.007599,0.006776,0.005981,0.000000,0.000000
13,0.431184,0.426323,0.418678,0.007646,0.004860,0.000000,0.000000
14,0.038844,0.034588,0.022869,0.011719,0.004255,0.000000,0.000000
15,0.127346,0.124306,0.117518,0.006788,0.003041,0.000000,0.000000
16,0.087636,0.085442,0.078606,0.006836,0.002194,0.000000,0.000000
17,0.032532,0.031354,0.024629,0.006725,0.001178,0.000000,0.000000
18,0.316913,0.316362,0.309603,0.006759,0.000551,0.000000,0.000000
19,0.203667,0.203263,0.196904,0.006359,0.000404,0.000000,0.000000
20,0.077739,0.077124,0.070344,0.006780,0.000616,0.000000,0.000000
21,0.200140,0.199142,0.192581,0.006561,0.000998,0.000000,0.000000
22,0.040320,0.038302,0.031862,0.006440,0.002018,0.000000,0.000000
23,0.403198,0.400138,0.393745,0.006393,0.003060,0.000000,0.000000
24,0.045160,0.040636,0.034418,0.006218,0.004524,0.000000,0.000000
25,0.277563,0.272017,0.265225,0.006792,0.005546,0.000000,0.000000
26,0.049261,0.042214,0.035687,0.006527,0.007047,0.000000,0.000000
27,0.052236,0.044542,0.037195,0.007347,0.007695,0.000000,0.000000
28,0.441861,0.434368,0.426361,0.008007,0.007493,0.000000,0.000000
29,0.038492,0.030808,0.023254,0.007554,0.007684,0.000000,0.000000
30,0.239063,0.231993,0.222859,0.009134,0.007071,0.000000,0.000000
31,0.038465,0.031876,0.025426,0.006450,0.006589,0.000000,0.000000
32,0.063366,0.057744,0.050229,0.007515,0.005622,0.000000,0.000000
33,0.442074,0.437316,0.425699,0.011617,0.004759,0.000000,0.000000
34,0.052166,0.048014,0.039033,0.008981,0.004152,0.000000,0.000000
35,0.104806,0.101505,0.095621,0.005884,0.003301,0.000000,0.000000
36,0.032782,0.029848,0.023213,0.006635,0.002934,0.000000,0.000000
37,0.188697,0.186122,0.177882,0.008241,0.002574,0.000000,0.000000
38,0.025779,0.023331,0.016369,0.006962,0.002447,0.000000,0.000000
39,0.015724,0.013517,0.006471,0.007046,0.002208,0.000000,0.000000
40,0.132827,0.130994,0.123469,0.007525,0.001833,0.000000,0.000000
41,0.287074,0.285389,0.278098,0.007291,0.001685,0.000000,0.000000
42,0.133310,0.131401,0.124000,0.007402,0.001908,0.000000,0.000000
43,0.136855,0.134325,0.127802,0.006523,0.002530,0.000000,0.000000
44,0.033263,0.029716,0.021498,0.008218,0.003547,0.000000,0.000000
45,0.019146,0.015043,0.006919,0.008124,0.004103,0.000000,0.000000
46,0.043446,0.039236,0.032024,0.007212,0.004210,0.000000,0.000000
47,0.189660,0.185594,0.175809,0.009786,0.004065,0.000000,0.000000
48,0.053005,0.048667,0.041025,0.007642,0.004338,0.000000,0.000000
49,0.062728,0.058260,0.051319,0.006941,0.004468,0.000000,0.000000
50,0.057842,0.053252,0.046914,0.006338,0.004590,0.000000,0.000000
51,0.056373,0.051940,0.045280,0.006660,0.004433,0.000000,0.000000
52,0.038308,0.034352,0.024470,0.009881,0.003956,0.000000,0.000000
53,0.037861,0.034511,0.027078,0.007432,0.003350,0.000000,0.000000
54,0.036521,0.033835,0.025904,0.007931,0.002686,0.000000,0.000000
55,0.031561,0.029511,0.022831,0.006680,0.002050,0.000000,0.000000
56,0.077516,0.075977,0.068180,0.007796,0.001540,0.000000,0.000000
57,0.058833,0.057713,0.050999,0.006714,0.001120,0.000000,0.000000
58,0.047703,0.046841,0.039799,0.007042,0.000862,0.000000,0.000000
59,0.303389,0.302623,0.295912,0.006711,0.000765,0.000000,0.000000
60,0.037523,0.036574,0.029954,0.006621,0.000949,0.000000,0.000000
61,0.379572,0.378545,0.371708,0.006837,0.001027,0.000000,0.000000
62,0.063689,0.062401,0.057214,0.005187,0.001288,0.000000,0.000000
63,0.055850,0.054400,0.048492,0.005907,0.001450,0.000000,0.000000
64,0.017406,0.015749,0.009308,0.006441,0.001658,0.000000,0.000000
65,0.025028,0.023146,0.016726,0.006420,0.001882,0.000000,0.000000
66,0.045220,0.043063,0.036793,0.006270,0.002158,0.000000,0.000000
67,0.022431,0.020043,0.013531,0.006512,0.002388,0.000000,0.000000
68,0.037876,0.035427,0.028752,0.006675,0.002449,0.000000,0.000000
69,0.016654,0.014327,0.007859,0.006469,0.002327,0.000000,0.000000
70,0.365706,0.363730,0.357374,0.006357,0.001976,0.000000,0.000000
71,0.117068,0.115442,0.108307,0.007135,0.001626,0.000000,0.000000
72,0.374906,0.373486,0.366892,0.006594,0.001420,0.000000,0.000000
73,0.027660,0.025816,0.019372,0.006444,0.001843,0.000000,0.000000
74,0.024628,0.022285,0.015901,0.006383,0.002343,0.000000,0.000000
75,0.341123,0.338595,0.331944,0.006651,0.002528,0.000000,0.000000
76,0.030157,0.027226,0.020820,0.006406,0.002931,0.000000,0.000000
77,0.197954,0.195034,0.188643,0.006391,0.002920,0.000000,0.000000
78,0.046603,0.043488,0.036622,0.006866,0.003114,0.000000,0.000000
79,0.026686,0.023581,0.017009,0.006572,0.003105,0.000000,0.000000
80,0.032998,0.030016,0.023526,0.006490,0.002982,0.000000,0.000000
81,0.038311,0.035425,0.028956,0.006469,0.002886,0.000000,0.000000
82,0.390521,0.387633,0.381081,0.006552,0.002888,0.000000,0.000000
83,0.020347,0.017161,0.010856,0.006305,0.003186,0.000000,0.000000
84,0.046907,0.043622,0.037317,0.006305,0.003286,0.000000,0.000000
85,0.155819,0.152563,0.146518,0.006045,0.003256,0.000000,0.000000
86,0.043531,0.040423,0.034158,0.006265,0.003108,0.000000,0.000000
87,0.189200,0.186305,0.180781,0.005524,0.002895,0.000000,0.000000
88,0.026217,0.023283,0.016975,0.006307,0.002934,0.000000,0.000000
89,0.121091,0.118153,0.112325,0.005828,0.002939,0.000000,0.000000
90,0.036549,0.033414,0.027327,0.006087,0.003135,0.000000,0.000000
91,0.415368,0.412122,0.405455,0.006668,0.003246,0.000000,0.000000
92,0.026529,0.022956,0.016599,0.006358,0.003573,0.000000,0.000000
93,0.020490,0.016840,0.010521,0.006319,0.003650,0.000000,0.000000
94,0.338266,0.334805,0.328376,0.006429,0.003461,0.000000,0.000000
95,0.045822,0.042302,0.035696,0.006606,0.003520,0.000000,0.000000
96,0.148693,0.145303,0.139209,0.006094,0.003390,0.000000,0.000000
97,0.418923,0.415396,0.409025,0.006371,0.003527,0.000000,0.000000
98,0.036929,0.033055,0.026761,0.006294,0.003873,0.000000,0.000000
99,0.248776,0.244801,0.238569,0.006232,0.003975,0.000000,0.000000
100,0.046946,0.042534,0.036314,0.006220,0.004412,0.000000,0.000000
1,0.031254,0.026708,0.014602,0.012106,0.004546,0.000000,0.000000
2,0.370578,0.367174,0.358730,0.008444,0.003404,0.000000,0.000000
1,0.060747,0.056202,0.031984,0.024218,0.004546,0.000000,0.000000
2,1.460134,1.454982,1.438079,0.016903,0.005152,0.000000,0.000000
3,0.106382,0.099855,0.084131,0.015725,0.006526,0.000000,0.000000
4,0.161482,0.158881,0.145878,0.013003,0.002601,0.000000,0.000000
5,0.063996,0.059441,0.045639,0.013802,0.004555,0.000000,0.000000
6,0.172307,0.165430,0.153348,0.012083,0.006877,0.000000,0.000000
7,0.259540,0.249390,0.236144,0.013247,0.010150,0.000000,0.000000
8,0.316490,0.301632,0.288551,0.013081,0.014858,0.000000,0.000000
9,4.960026,4.942616,4.926929,0.015687,0.017410,0.000000,0.000000
10,1.289506,1.267759,1.252610,0.015149,0.021746,0.000000,0.000000
11,0.356551,0.329465,0.314953,0.014512,0.027086,0.000000,0.000000
12,0.108081,0.078791,0.061887,0.016904,0.029291,0.000000,0.000000
13,12.135233,12.111684,12.093434,0.018249,0.023549,0.000000,0.000000
14,0.782971,0.763425,0.741653,0.021771,0.019547,0.000000,0.000000
15,0.293897,0.277938,0.257716,0.020222,0.015959,0.000000,0.000000
16,0.070290,0.055455,0.040442,0.015013,0.014835,0.000000,0.000000
17,0.269506,0.258336,0.240480,0.017856,0.011170,0.000000,0.000000
18,1.830116,1.822134,1.801324,0.020809,0.007983,0.000000,0.000000
19,0.427253,0.421660,0.404201,0.017459,0.005593,0.000000,0.000000
20,0.147566,0.142245,0.127765,0.014480,0.005321,0.000000,0.000000
21,0.659418,0.654078,0.638147,0.015931,0.005340,0.000000,0.000000
22,0.815017,0.809138,0.791691,0.017447,0.005879,0.000000,0.000000
23,679.865662,679.859741,679.843323,0.016406,0.005936,0.000000,0.000000
24,0.108363,0.102443,0.087013,0.015430,0.005920,0.000000,0.000000
25,4.294007,4.288393,4.267633,0.020759,0.005615,0.000000,0.000000
26,0.099065,0.093686,0.079646,0.014040,0.005378,0.000000,0.000000
27,0.145601,0.140660,0.121959,0.018701,0.004940,0.000000,0.000000
28,1.078955,1.074615,1.058832,0.015783,0.004341,0.000000,0.000000
29,0.153998,0.149722,0.126257,0.023466,0.004276,0.000000,0.000000
30,0.441656,0.437556,0.425067,0.012489,0.004100,0.000000,0.000000
31,7.321944,7.317334,7.302491,0.014843,0.004610,0.000000,0.000000
32,7.765301,7.759976,7.739151,0.020826,0.005324,0.000000,0.000000
33,3.707030,3.700554,3.676591,0.023963,0.006476,0.000000,0.000000
34,0.271240,0.263641,0.240179,0.023462,0.007598,0.000000,0.000000
35,0.249952,0.241328,0.227435,0.013894,0.008623,0.000000,0.000000
36,0.072985,0.062175,0.047568,0.014607,0.010809,0.000000,0.000000
37,0.382462,0.370740,0.357858,0.012882,0.011721,0.000000,0.000000
38,1.251038,1.237303,1.223644,0.013659,0.013735,0.000000,0.000000
39,0.044677,0.028692,0.013973,0.014719,0.015985,0.000000,0.000000
40,0.257778,0.241955,0.230225,0.011730,0.015823,0.000000,0.000000
41,0.702522,0.685919,0.672573,0.013345,0.016603,0.000000,0.000000
42,0.289241,0.271999,0.257125,0.014874,0.017242,0.000000,0.000000
43,0.310281,0.291694,0.279344,0.012349,0.018587,0.000000,0.000000
44,0.081084,0.060780,0.045699,0.015081,0.020305,0.000000,0.000000
45,0.041857,0.023598,0.010494,0.013104,0.018259,0.000000,0.000000
46,0.094682,0.080373,0.067741,0.012632,0.014308,0.000000,0.000000
47,0.384049,0.373554,0.360093,0.013461,0.010495,0.000000,0.000000
48,0.108500,0.098786,0.085583,0.013204,0.009713,0.000000,0.000000
49,0.145110,0.135985,0.122602,0.013383,0.009125,0.000000,0.000000
50,0.135177,0.126451,0.115219,0.011232,0.008726,0.000000,0.000000
51,0.117004,0.109023,0.096590,0.012433,0.007981,0.000000,0.000000
52,0.073940,0.067126,0.053849,0.013276,0.006814,0.000000,0.000000
53,0.079607,0.074130,0.060848,0.013282,0.005477,0.000000,0.000000
54,0.078384,0.074196,0.060889,0.013307,0.004188,0.000000,0.000000
55,0.069640,0.066510,0.053394,0.013116,0.003129,0.000000,0.000000
56,0.183259,0.180748,0.166787,0.013960,0.002511,0.000000,0.000000
57,0.132020,0.129731,0.117266,0.012464,0.002290,0.000000,0.000000
58,0.119568,0.116887,0.102881,0.014006,0.002681,0.000000,0.000000
59,0.672099,0.668264,0.655361,0.012903,0.003835,0.000000,0.000000
60,0.086916,0.080312,0.067063,0.013249,0.006605,0.000000,0.000000
61,0.780955,0.771698,0.758256,0.013442,0.009257,0.000000,0.000000
62,0.152980,0.138952,0.128236,0.010716,0.014027,0.000000,0.000000
63,0.132104,0.114143,0.102484,0.011659,0.017961,0.000000,0.000000
64,0.040254,0.021116,0.008207,0.012909,0.019138,0.000000,0.000000
65,0.067068,0.050347,0.037416,0.012932,0.016721,0.000000,0.000000
66,0.099986,0.086900,0.074643,0.012256,0.013087,0.000000,0.000000
67,0.051452,0.041743,0.028935,0.012808,0.009709,0.000000,0.000000
68,0.079937,0.073141,0.060044,0.013097,0.006796,0.000000,0.000000
69,0.036370,0.031723,0.019002,0.012721,0.004646,0.000000,0.000000
70,0.809343,0.806370,0.794010,0.012359,0.002974,0.000000,0.000000
71,0.264593,0.262575,0.249025,0.013550,0.002018,0.000000,0.000000
72,0.799679,0.798136,0.784318,0.013817,0.001544,0.000000,0.000000
73,0.057128,0.054531,0.041808,0.012723,0.002597,0.000000,0.000000
74,0.049189,0.044882,0.032181,0.012701,0.004306,0.000000,0.000000
75,0.748769,0.743129,0.729681,0.013448,0.005640,0.000000,0.000000
76,0.068912,0.060820,0.047906,0.012914,0.008093,0.000000,0.000000
77,0.429186,0.419735,0.407146,0.012589,0.009451,0.000000,0.000000
78,0.113729,0.101530,0.088138,0.013392,0.012199,0.000000,0.000000
79,0.063624,0.050093,0.037238,0.012854,0.013532,0.000000,0.000000
80,0.084069,0.070938,0.058190,0.012748,0.013131,0.000000,0.000000
81,0.088290,0.076385,0.063506,0.012879,0.011906,0.000000,0.000000
82,0.865135,0.854452,0.841552,0.012900,0.010684,0.000000,0.000000
83,0.039399,0.027923,0.015254,0.012670,0.011475,0.000000,0.000000
84,0.106226,0.094824,0.082230,0.012593,0.011402,0.000000,0.000000
85,0.341824,0.331046,0.319549,0.011497,0.010778,0.000000,0.000000
86,0.107838,0.097637,0.084970,0.012668,0.010201,0.000000,0.000000
87,0.409443,0.400015,0.388992,0.011023,0.009428,0.000000,0.000000
88,0.057388,0.047862,0.035136,0.012727,0.009526,0.000000,0.000000
89,0.269593,0.260305,0.248405,0.011900,0.009288,0.000000,0.000000
90,0.079306,0.069396,0.057226,0.012170,0.009910,0.000000,0.000000
91,0.921445,0.911296,0.898028,0.013268,0.010150,0.000000,0.000000
92,0.064046,0.052814,0.040110,0.012704,0.011233,0.000000,0.000000
93,0.051125,0.039694,0.027002,0.012692,0.011431,0.000000,0.000000
94,0.737522,0.726893,0.714253,0.012640,0.010629,0.000000,0.000000
95,0.100327,0.089270,0.076026,0.013244,0.011056,0.000000,0.000000
96,0.311535,0.300696,0.288763,0.011933,0.010838,0.000000,0.000000
97,0.867347,0.855785,0.842994,0.012791,0.011562,0.000000,0.000000
98,0.084033,0.070839,0.058138,0.012700,0.013195,0.000000,0.000000
99,0.514721,0.501096,0.488651,0.012445,0.013624,0.000000,0.000000
100,0.110397,0.094681,0.081858,0.012823,0.015716,0.000000,0.000000
1,0.060747,0.056202,0.031984,0.024218,0.004546,0.000000,0.000000
2,1.460134,1.454982,1.438079,0.016903,0.005152,0.000000,0.000000
3,0.106305,0.099779,0.084050,0.015729,0.006526,0.000000,0.000000
4,0.161079,0.158478,0.145467,0.013010,0.002601,0.000000,0.000000
5,0.064078,0.059517,0.045713,0.013805,0.004560,0.000000,0.000000
6,0.173176,0.166279,0.154107,0.012171,0.006897,0.000000,0.000000
7,0.158021,0.147841,0.134447,0.013394,0.010180,0.000000,0.000000
8,0.256700,0.240996,0.228077,0.012919,0.015704,0.000000,0.000000
9,13.266531,13.247684,13.232072,0.015612,0.018846,0.000000,0.000000
10,3.687929,3.665568,3.651067,0.014501,0.022361,0.000000,0.000000
11,30.693069,30.666704,30.652645,0.014059,0.026365,0.000000,0.000000
12,0.241574,0.213504,0.198977,0.014527,0.028070,0.000000,0.000000
13,0.926486,0.899635,0.883486,0.016149,0.026851,0.000000,0.000000
14,0.201090,0.173535,0.158242,0.015293,0.027555,0.000000,0.000000
15,0.306050,0.282672,0.266604,0.016068,0.023378,0.000000,0.000000
16,0.073554,0.052869,0.039042,0.013827,0.020686,0.000000,0.000000
17,1.461486,1.447029,1.433859,0.013169,0.014458,0.000000,0.000000
18,1.136151,1.126127,1.111905,0.014222,0.010024,0.000000,0.000000
19,0.383935,0.376631,0.362519,0.014112,0.007304,0.000000,0.000000
20,0.212701,0.204800,0.190702,0.014098,0.007901,0.000000,0.000000
21,0.476810,0.468504,0.454926,0.013578,0.008306,0.000000,0.000000
22,15.200813,15.191412,15.177543,0.013869,0.009401,0.000000,0.000000
23,1.389977,1.379616,1.366996,0.012620,0.010361,0.000000,0.000000
24,0.256603,0.245155,0.231901,0.013254,0.011448,0.000000,0.000000
25,0.720894,0.709020,0.694077,0.014943,0.011875,0.000000,0.000000
26,0.107613,0.094447,0.081100,0.013348,0.013166,0.000000,0.000000
27,0.287201,0.274182,0.259413,0.014769,0.013019,0.000000,0.000000
28,1.241568,1.228597,1.213385,0.015212,0.012971,0.000000,0.000000
29,2.765633,2.752445,2.738627,0.013819,0.013187,0.000000,0.000000
30,0.448457,0.435127,0.422648,0.012480,0.013330,0.000000,0.000000
31,0.176994,0.162749,0.148839,0.013910,0.014245,0.000000,0.000000
32,0.184475,0.170043,0.154339,0.015704,0.014432,0.000000,0.000000
33,1.018289,1.003494,0.989879,0.013615,0.014795,0.000000,0.000000
34,0.103082,0.087502,0.074558,0.012943,0.015580,0.000000,0.000000
35,0.262266,0.247642,0.231270,0.016372,0.014625,0.000000,0.000000
36,0.098569,0.083750,0.068833,0.014917,0.014819,0.000000,0.000000
37,0.407510,0.393674,0.380917,0.012757,0.013836,0.000000,0.000000
38,0.123925,0.110416,0.097312,0.013104,0.013509,0.000000,0.000000
39,0.044195,0.031423,0.018353,0.013070,0.012772,0.000000,0.000000
40,0.269225,0.258620,0.244903,0.013717,0.010605,0.000000,0.000000
41,0.786872,0.777079,0.763069,0.014009,0.009793,0.000000,0.000000
42,0.302915,0.293815,0.277528,0.016287,0.009100,0.000000,0.000000
43,0.307204,0.298210,0.285729,0.012481,0.008995,0.000000,0.000000
44,0.077435,0.067333,0.050739,0.016594,0.010102,0.000000,0.000000
45,0.044840,0.034826,0.021951,0.012875,0.010015,0.000000,0.000000
46,0.096293,0.087516,0.075373,0.012143,0.008777,0.000000,0.000000
47,0.386568,0.379213,0.365512,0.013702,0.007354,0.000000,0.000000
48,0.109398,0.101562,0.087649,0.013913,0.007836,0.000000,0.000000
49,0.141380,0.133376,0.120430,0.012946,0.008005,0.000000,0.000000
50,0.134913,0.126623,0.114655,0.011968,0.008290,0.000000,0.000000
51,0.118119,0.109716,0.097208,0.012508,0.008403,0.000000,0.000000
52,0.077165,0.069086,0.055595,0.013491,0.008080,0.000000,0.000000
53,0.080778,0.073378,0.059953,0.013425,0.007399,0.000000,0.000000
54,0.080460,0.074005,0.060781,0.013224,0.006454,0.000000,0.000000
55,0.071453,0.066070,0.053035,0.013035,0.005383,0.000000,0.000000
56,0.180028,0.175540,0.161959,0.013581,0.004489,0.000000,0.000000
57,0.130227,0.126424,0.113777,0.012647,0.003803,0.000000,0.000000
58,0.119793,0.116419,0.102544,0.013875,0.003374,0.000000,0.000000
59,0.673371,0.670065,0.657029,0.013036,0.003306,0.000000,0.000000
60,0.085769,0.081555,0.068860,0.012695,0.004214,0.000000,0.000000
61,0.768353,0.763169,0.749258,0.013911,0.005184,0.000000,0.000000
62,0.152076,0.144993,0.133203,0.011790,0.007083,0.000000,0.000000
63,0.125457,0.116684,0.105032,0.011653,0.008773,0.000000,0.000000
64,0.029348,0.019449,0.006422,0.013027,0.009900,0.000000,0.000000
65,0.061498,0.051508,0.038323,0.013185,0.009989,0.000000,0.000000
66,0.098197,0.088736,0.075704,0.013031,0.009461,0.000000,0.000000
67,0.052029,0.043305,0.029404,0.013900,0.008724,0.000000,0.000000
68,0.080245,0.072561,0.059486,0.013075,0.007684,0.000000,0.000000
69,0.037703,0.031113,0.018206,0.012907,0.006590,0.000000,0.000000
70,0.810242,0.804919,0.792022,0.012897,0.005323,0.000000,0.000000
71,0.257408,0.252922,0.239015,0.013907,0.004486,0.000000,0.000000
72,0.789772,0.785937,0.772620,0.013317,0.003835,0.000000,0.000000
73,0.057261,0.052911,0.040236,0.012675,0.004350,0.000000,0.000000
74,0.048058,0.042942,0.030124,0.012818,0.005116,0.000000,0.000000
75,0.749089,0.743418,0.729990,0.013428,0.005671,0.000000,0.000000
76,0.064847,0.058055,0.045107,0.012948,0.006792,0.000000,0.000000
77,0.426691,0.419198,0.406536,0.012662,0.007493,0.000000,0.000000
78,0.146337,0.137289,0.123734,0.013555,0.009048,0.000000,0.000000
79,0.065671,0.055665,0.042958,0.012707,0.010005,0.000000,0.000000
80,0.083727,0.073679,0.060937,0.012743,0.010048,0.000000,0.000000
81,0.087499,0.078128,0.065302,0.012826,0.009371,0.000000,0.000000
82,0.883852,0.875504,0.862828,0.012676,0.008349,0.000000,0.000000
83,0.036535,0.027713,0.015037,0.012676,0.008822,0.000000,0.000000
84,0.105231,0.096420,0.083894,0.012525,0.008812,0.000000,0.000000
85,0.313558,0.305053,0.293423,0.011629,0.008506,0.000000,0.000000
86,0.106992,0.098187,0.085583,0.012604,0.008805,0.000000,0.000000
87,0.406630,0.397735,0.386483,0.011252,0.008895,0.000000,0.000000
88,0.056828,0.046934,0.034264,0.012670,0.009894,0.000000,0.000000
89,0.268685,0.258425,0.246616,0.011810,0.010260,0.000000,0.000000
90,0.080450,0.069112,0.056972,0.012139,0.011338,0.000000,0.000000
91,0.920646,0.908872,0.895505,0.013367,0.011774,0.000000,0.000000
92,0.064607,0.051694,0.038970,0.012724,0.012914,0.000000,0.000000
93,0.051573,0.038432,0.025764,0.012668,0.013140,0.000000,0.000000
94,0.734276,0.721833,0.709024,0.012810,0.012443,0.000000,0.000000
95,0.100728,0.087940,0.074726,0.013214,0.012787,0.000000,0.000000
96,0.329524,0.316955,0.304984,0.011970,0.012569,0.000000,0.000000
97,0.867972,0.854914,0.842106,0.012808,0.013058,0.000000,0.000000
98,0.083434,0.069239,0.056568,0.012671,0.014195,0.000000,0.000000
99,0.512523,0.498124,0.485641,0.012483,0.014399,0.000000,0.000000
100,0.109942,0.094131,0.081390,0.012742,0.015811,0.000000,0.000000
1,3.979537,0.061849,0.037633,0.024215,0.003085,1.598002,2.316602
2,4.894090,1.193849,1.175481,0.018368,0.005667,1.534529,2.160044
3,3.465414,0.101268,0.083071,0.018197,0.022996,1.408247,1.932903
4,2.730855,0.176167,0.142137,0.034030,0.018309,1.248202,1.288178
5,3.301421,0.283617,0.039563,0.244055,0.013953,1.272664,1.731188
6,2.209463,0.253567,0.153677,0.099890,0.010836,0.862879,1.082181
7,1.833423,0.262539,0.192056,0.070484,0.009539,0.710860,0.850485
8,8.158522,6.259849,6.214306,0.045543,0.012478,1.029925,0.856270
9,1.990120,0.570834,0.491539,0.079295,0.018525,0.465591,0.935170
10,2.362256,0.191758,0.130069,0.061689,0.030232,1.267262,0.873004
11,1.707453,0.214662,0.166331,0.048331,0.038883,0.643146,0.810762
12,2.870033,0.203984,0.169000,0.034984,0.041710,1.838732,0.785606
13,18.324976,16.918503,16.884012,0.034491,0.039622,0.556390,0.810462
14,2.267459,0.183781,0.127428,0.056353,0.038105,1.215735,0.829838
15,1.887971,0.304865,0.255841,0.049024,0.033172,0.717962,0.831973
16,2.059829,0.067108,0.039479,0.027630,0.027905,1.165158,0.799658
17,7.264280,5.360619,5.344145,0.016473,0.019245,1.042397,0.842020
18,6.588805,2.589539,2.559426,0.030113,0.013444,0.790864,3.194958
19,4.362567,2.656420,2.620113,0.036307,0.009764,0.821716,0.874668
20,38.695866,36.879490,36.818501,0.060991,0.007814,0.933145,0.875421
21,17.813185,15.882762,15.797813,0.084949,0.006699,1.016838,0.906884
22,4.709464,2.686488,2.589276,0.097213,0.006280,1.058080,0.958615
23,26.869650,24.921833,24.805141,0.116691,0.005977,0.957015,0.984826
24,3.293179,1.164932,1.038497,0.126435,0.006115,1.099180,1.022952
25,5.016337,2.828956,2.689061,0.139895,0.006337,1.167684,1.013361
26,31.597229,29.390659,29.248438,0.142221,0.006597,1.172228,1.027744
27,3.079448,0.561588,0.405741,0.155847,0.006740,1.500117,1.011003
28,4.107877,1.971805,1.827584,0.144221,0.007018,1.050532,1.078523
29,8.314253,6.132568,5.977638,0.154930,0.007180,1.176741,0.997763
30,3.401262,0.881555,0.707035,0.174520,0.007304,1.540187,0.972215
31,2.945437,0.848056,0.688392,0.159664,0.007060,1.135164,0.955157
32,4.238129,2.120034,1.954319,0.165716,0.006718,1.193114,0.918263
33,5.331685,3.205775,3.051925,0.153849,0.006342,1.214628,0.904941
34,2.190609,0.213334,0.082803,0.130531,0.005972,1.103722,0.867581
35,2.378054,0.457655,0.359830,0.097825,0.005412,1.137000,0.777987
36,2.084477,0.184817,0.111121,0.073696,0.005393,1.101044,0.793224
37,151.114655,149.362869,149.325470,0.037394,0.005557,0.947595,0.798624
38,2.039796,0.095848,0.044314,0.051533,0.006114,1.132269,0.805566
39,2.003067,0.055522,0.028232,0.027290,0.006635,1.156359,0.784551
40,2.388689,0.863945,0.831453,0.032492,0.005553,0.764182,0.755009
41,2.234765,0.684973,0.617702,0.067271,0.004700,0.773675,0.771416
42,17.181570,2.552301,0.289380,2.262921,0.005897,0.734776,13.888596
43,1.804968,0.365827,0.317670,0.048157,0.006942,0.649024,0.783175
44,2.010900,0.086257,0.051294,0.034963,0.010182,1.104461,0.810000
45,2.079155,0.043756,0.011510,0.032246,0.010912,1.253862,0.770626
46,1.783848,0.100644,0.068983,0.031661,0.009253,0.901323,0.772627
47,1.737233,0.389205,0.367261,0.021944,0.006698,0.562860,0.778469
48,1.777952,0.116204,0.088728,0.027477,0.007711,0.873341,0.780696
49,2.303374,0.198388,0.126030,0.072358,0.008396,0.652974,1.443616
50,1.565048,0.142006,0.114150,0.027856,0.009048,0.628075,0.785920
51,1.611343,0.116276,0.096366,0.019910,0.009508,0.715868,0.769691
52,1.861009,0.072943,0.055950,0.016994,0.008869,0.988338,0.790859
53,2.010032,0.090362,0.072250,0.018112,0.007624,1.137493,0.774553
54,1.764372,0.083077,0.062590,0.020488,0.006363,0.898816,0.776116
55,1.881509,0.073007,0.052648,0.020359,0.005033,1.029981,0.773487
56,1.620801,0.190069,0.166055,0.024014,0.004567,0.647651,0.778515
57,1.576465,0.217855,0.200906,0.016949,0.004123,0.587482,0.767005
58,1.496702,0.121325,0.102728,0.018597,0.004070,0.590987,0.780319
59,1.923176,0.673945,0.655136,0.018809,0.004549,0.474387,0.770295
60,1.725327,0.083893,0.067493,0.016400,0.006676,0.873112,0.761646
61,2.010488,0.777988,0.761348,0.016640,0.009383,0.448395,0.774721
62,1.618285,0.144234,0.129221,0.015012,0.014061,0.674656,0.785334
63,1.640012,0.118309,0.101734,0.016575,0.018788,0.727295,0.775620
64,1.865666,0.022465,0.006662,0.015802,0.022397,1.053094,0.767710
65,1.847852,0.050938,0.033989,0.016949,0.022475,1.001953,0.772485
66,1.691740,0.092240,0.071319,0.020921,0.020930,0.808127,0.770444
67,2.008046,0.049824,0.026943,0.022881,0.019867,1.168166,0.770190
68,1.749914,0.086604,0.056293,0.030311,0.019590,0.885438,0.758281
69,1.814721,0.038430,0.016116,0.022314,0.019130,0.987410,0.769751
70,2.023419,0.808796,0.784492,0.024304,0.017633,0.435154,0.761836
71,1.612719,0.258261,0.242843,0.015418,0.014205,0.523918,0.816335
72,2.002014,0.798967,0.774580,0.024387,0.009710,0.418616,0.774722
73,1.747381,0.061934,0.037020,0.024914,0.007292,0.907015,0.771140
74,2.045470,0.049224,0.028642,0.020582,0.006754,1.219530,0.769962
75,1.910253,0.751798,0.729932,0.021865,0.006947,0.380210,0.771298
76,1.886745,0.062658,0.045739,0.016919,0.008314,1.047749,0.768024
77,1.666860,0.420959,0.405795,0.015164,0.009802,0.461828,0.774270
78,1.541931,0.104748,0.087895,0.016853,0.012850,0.653160,0.771173
79,1.721509,0.055244,0.037671,0.017573,0.014991,0.872632,0.778643
80,2.395857,0.076108,0.056348,0.019760,0.015556,1.536892,0.767301
81,2.245483,0.080658,0.063120,0.017538,0.016083,1.388666,0.760076
82,2.202548,0.845936,0.827598,0.018338,0.016623,0.595436,0.744553
83,1.775582,0.031589,0.015453,0.016136,0.019326,0.953924,0.770743
84,1.862844,0.096034,0.081347,0.014687,0.020290,0.977195,0.769325
85,1.702803,0.299031,0.280435,0.018596,0.020740,0.540581,0.842452
86,1.625277,0.094025,0.078161,0.015864,0.021915,0.737973,0.771364
87,1.739637,0.379119,0.364558,0.014562,0.021929,0.554828,0.783760
88,1.888195,0.046788,0.031006,0.015782,0.023584,1.038469,0.779354
89,1.719977,0.298672,0.233305,0.065367,0.023138,0.597225,0.800941
90,1.769913,0.071091,0.053733,0.017359,0.023751,0.899232,0.775838
91,2.089459,0.907003,0.885708,0.021294,0.021861,0.380864,0.779733
92,1.873647,0.059459,0.036199,0.023260,0.021349,1.019782,0.773057
93,1.958998,0.044042,0.023395,0.020647,0.019143,1.141903,0.753911
94,2.054116,0.725449,0.707131,0.018319,0.015853,0.370458,0.942356
95,1.690440,0.097612,0.074144,0.023469,0.013730,0.803553,0.775545
96,1.609136,0.308778,0.287170,0.021608,0.011951,0.509068,0.779340
97,2.023951,0.857292,0.841055,0.016238,0.012321,0.392425,0.761912
98,1.761007,0.074921,0.056902,0.018018,0.013894,0.900442,0.771750
99,1.723415,0.510473,0.488252,0.022220,0.014523,0.436141,0.762279
100,1.650227,0.098481,0.080650,0.017831,0.017240,0.768446,0.766060
1,2.138802,0.298537,0.281471,0.017066,0.039790,0.747079,1.053396
2,2.192701,0.304997,0.254260,0.050737,0.053936,0.681641,1.152127
3,2.045359,0.290852,0.274776,0.016077,0.055871,0.668411,1.030224
4,2.048811,0.299922,0.283922,0.016000,0.058475,0.661995,1.028419
5,2.029759,0.282175,0.266301,0.015874,0.060358,0.661341,1.025885
6,2.032762,0.286340,0.269670,0.016670,0.062974,0.653920,1.029527
7,2.025564,0.282840,0.266881,0.015959,0.064661,0.656040,1.022023
8,2.039965,0.289753,0.273611,0.016142,0.062807,0.659292,1.028113
9,1.999677,0.266599,0.250697,0.015902,0.063194,0.649366,1.020518
10,2.023020,0.292296,0.276122,0.016175,0.062672,0.646560,1.021492
11,2.015210,0.278785,0.262212,0.016573,0.062002,0.653529,1.020894
12,2.050311,0.275735,0.258538,0.017197,0.064349,0.658630,1.051596
13,967641.853418,967640.113044,967640.096373,0.016709,0.065660,0.657655,1.018015
14,2.014768,0.286337,0.269683,0.016654,0.064151,0.644872,1.019409
15,1.993451,0.258765,0.242976,0.015789,0.064045,0.657212,1.013429
16,2.000238,0.267996,0.252133,0.015863,0.065282,0.652327,1.014633
17,2.913950,1.181813,1.166003,0.015810,0.064635,0.653601,1.013902
18,2.009198,0.278649,0.262748,0.015901,0.068679,0.648871,1.012998
19,2.015651,0.282498,0.266702,0.015796,0.065812,0.651305,1.016036
20,2.007069,0.280477,0.264725,0.015752,0.066441,0.646962,1.013189
21,2.014297,0.282573,0.266121,0.016452,0.065410,0.646067,1.020246
22,1.996756,0.280103,0.264370,0.015733,0.062120,0.639085,1.015448
23,1.999889,0.273657,0.257967,0.015691,0.064905,0.651405,1.009922
1,3.979537,0.061849,0.037633,0.024215,0.003085,1.598002,2.316602
2,4.621303,0.782571,0.760979,0.021592,0.001323,1.572091,2.265317
3,3.853998,0.100893,0.081450,0.019443,0.002231,1.538727,2.212147
4,3.783551,0.139497,0.122945,0.016552,0.003178,1.488676,2.152199
5,3.651928,0.063632,0.046039,0.017594,0.004194,1.510013,2.074089
6,3.562693,0.171158,0.156870,0.014288,0.005065,1.418000,1.968470
7,3.285223,0.159550,0.139962,0.019587,0.005970,1.353723,1.765980
8,2.893504,0.133273,0.105987,0.027286,0.007280,1.308951,1.444000
9,2.930213,0.557780,0.513925,0.043855,0.008765,1.252595,1.111072
10,2.540298,0.238684,0.110629,0.128055,0.011178,1.167547,1.122888
11,2.492122,0.219344,0.116291,0.103053,0.013607,1.065255,1.193915
12,2.556557,0.069918,0.013760,0.056158,0.015928,1.446391,1.024320
13,2.896942,0.934330,0.897519,0.036811,0.017708,1.047223,0.897681
14,2.089764,0.089111,0.051058,0.038052,0.019848,1.167182,0.813624
15,2.087441,0.269107,0.240752,0.028355,0.020308,0.962785,0.835241
16,2.254144,0.061734,0.035598,0.026137,0.021140,1.314222,0.857048
17,2.201954,0.111343,0.086201,0.025141,0.020870,1.202712,0.867029
18,2.109775,0.615518,0.589280,0.026238,0.019835,0.613619,0.860803
19,1.981800,0.352071,0.326928,0.025143,0.019641,0.773311,0.836777
20,1.746895,0.128105,0.099517,0.028588,0.020174,0.788869,0.809748
21,1.703006,0.372050,0.345225,0.026825,0.019931,0.523551,0.787473
22,1.932533,0.087042,0.064610,0.022432,0.020789,1.026536,0.798166
23,2.062059,0.877450,0.857922,0.019528,0.020545,0.370985,0.793079
24,1.942251,0.096198,0.077429,0.018768,0.020893,1.032843,0.792317
25,1.777046,0.574518,0.552950,0.021567,0.020527,0.390108,0.791893
26,1.894926,0.093249,0.071552,0.021698,0.021011,0.999691,0.780974
27,1.862093,0.111960,0.091091,0.020869,0.020495,0.953860,0.775779
28,2.091016,0.923402,0.903483,0.019919,0.019377,0.370202,0.778035
29,1.923896,0.075146,0.056389,0.018757,0.019365,1.048350,0.781034
30,1.648055,0.342356,0.324454,0.017902,0.018597,0.507427,0.779676
31,1.873906,0.070631,0.053877,0.016754,0.018414,1.009320,0.775541
32,1.665787,0.133763,0.115697,0.018066,0.017625,0.743253,0.771146
33,2.111623,0.934714,0.918230,0.016484,0.016835,0.387524,0.772551
34,1.820903,0.084431,0.068699,0.015732,0.016377,0.946536,0.773560
35,1.501457,0.235880,0.222098,0.013782,0.015453,0.495015,0.755109
36,1.926123,0.062710,0.046124,0.016586,0.015045,1.073398,0.774970
37,1.680008,0.374170,0.358391,0.015779,0.014090,0.517118,0.774630
38,1.864478,0.051206,0.035741,0.015465,0.013781,1.028678,0.770812
39,2.030627,0.028012,0.013144,0.014868,0.012983,1.220691,0.768941
40,1.607674,0.250338,0.237264,0.013074,0.011836,0.576641,0.768858
41,1.825773,0.594240,0.579109,0.015131,0.011224,0.453386,0.766923
42,1.606456,0.278954,0.261723,0.017231,0.011257,0.544070,0.772175
43,1.580802,0.296446,0.283669,0.012776,0.011628,0.491746,0.780982
44,1.898101,0.058004,0.043280,0.014724,0.012400,1.055912,0.771784
45,1.922205,0.025061,0.010690,0.014371,0.012607,1.116275,0.768263
46,1.757217,0.081324,0.067932,0.013393,0.012193,0.896068,0.767632
47,1.765174,0.455442,0.441161,0.014281,0.011466,0.531420,0.766846
48,1.834683,0.100884,0.086531,0.014354,0.011165,0.954533,0.768101
49,1.546938,0.134105,0.120136,0.013970,0.010649,0.639389,0.762795
50,1.562162,0.124533,0.111297,0.013236,0.010237,0.657856,0.769536
51,1.600065,0.108144,0.094799,0.013345,0.009910,0.714253,0.767758
52,1.787767,0.066779,0.052835,0.013943,0.009580,0.942884,0.768525
53,1.813406,0.072910,0.059210,0.013700,0.009265,0.964003,0.767229
54,1.766142,0.072442,0.058890,0.013551,0.008909,0.906263,0.778528
55,1.845300,0.062730,0.049213,0.013517,0.008537,1.005527,0.768506
56,1.657523,0.173930,0.159519,0.014411,0.008327,0.706314,0.768953
57,1.465033,0.126274,0.112738,0.013536,0.007934,0.565489,0.765336
58,1.509131,0.115606,0.101522,0.014084,0.007345,0.619795,0.766385
59,1.868362,0.674208,0.660776,0.013432,0.006648,0.419711,0.767796
60,1.745691,0.080049,0.066835,0.013214,0.006127,0.892653,0.766863
61,1.969047,0.788075,0.774518,0.013557,0.005809,0.407584,0.767579
62,1.560483,0.143535,0.132281,0.011254,0.006054,0.644629,0.766265
63,1.602038,0.119192,0.107006,0.012187,0.006729,0.699738,0.776378
64,1.942987,0.020942,0.007757,0.013185,0.007586,1.147462,0.766998
65,1.830381,0.053882,0.040598,0.013284,0.008147,1.001845,0.766508
66,1.629541,0.090241,0.077686,0.012556,0.008496,0.755170,0.775634
67,1.882552,0.044893,0.031625,0.013267,0.008763,1.062418,0.766479
68,1.767713,0.073094,0.059701,0.013393,0.008754,0.919499,0.766366
69,1.865441,0.031300,0.018263,0.013037,0.008604,1.057977,0.767560
70,1.921154,0.791587,0.778698,0.012890,0.008317,0.355123,0.766127
71,1.495269,0.236999,0.223441,0.013558,0.008408,0.486897,0.762965
72,1.997655,0.826786,0.813036,0.013750,0.008696,0.398732,0.763440
73,1.780241,0.049321,0.036097,0.013225,0.009422,0.956015,0.765483
74,1.827218,0.040555,0.027332,0.013223,0.009956,1.009846,0.766860
75,1.882449,0.742114,0.728250,0.013864,0.010257,0.359601,0.770477
76,1.823472,0.055120,0.042010,0.013110,0.010634,0.991193,0.766525
77,1.633326,0.417506,0.404905,0.012601,0.010866,0.439701,0.765253
78,1.541785,0.096381,0.082546,0.013835,0.011792,0.669653,0.763959
79,1.723231,0.049706,0.036131,0.013575,0.012384,0.909418,0.751724
80,1.721796,0.067043,0.054104,0.012939,0.012520,0.887282,0.754952
81,1.783555,0.076091,0.062842,0.013248,0.012549,0.929817,0.765099
82,1.995792,0.848552,0.835435,0.013117,0.012449,0.369057,0.765734
83,1.831333,0.026690,0.013699,0.012991,0.013063,1.027692,0.763888
84,1.777511,0.095413,0.082497,0.012915,0.013197,0.902586,0.766315
85,1.611657,0.308989,0.297131,0.011858,0.013101,0.518366,0.771202
86,1.623334,0.095919,0.082878,0.013041,0.013200,0.749597,0.764618
87,1.704925,0.388427,0.377384,0.011043,0.013191,0.537962,0.765344
88,1.749438,0.045789,0.032752,0.013037,0.013736,0.922674,0.767239
89,1.601497,0.252690,0.240695,0.011995,0.013909,0.565122,0.769775
90,1.673236,0.069753,0.057147,0.012606,0.014441,0.822698,0.766343
91,2.069646,0.902365,0.889130,0.013235,0.014518,0.380798,0.771965
92,1.802994,0.049085,0.036171,0.012914,0.014994,0.970505,0.768409
93,1.825425,0.037197,0.024169,0.013028,0.015063,1.005541,0.767624
94,1.844600,0.724283,0.711176,0.013106,0.014648,0.341430,0.764239
95,1.678829,0.086643,0.073252,0.013391,0.014775,0.811807,0.765604
96,1.530787,0.295644,0.283399,0.012245,0.014709,0.464929,0.755506
97,2.011774,0.854717,0.841417,0.013299,0.015060,0.377287,0.764711
98,1.815921,0.066954,0.053992,0.012961,0.015804,0.962706,0.770458
99,1.683419,0.504478,0.491817,0.012660,0.016032,0.397821,0.765088
100,1.611743,0.092614,0.079484,0.013131,0.017058,0.737447,0.764624
1,3.979537,0.061849,0.037633,0.024215,0.003085,1.598002,2.316602
2,4.621303,0.782571,0.760979,0.021592,0.001323,1.572091,2.265317
3,3.853998,0.100893,0.081450,0.019443,0.002231,1.538727,2.212147
4,3.783551,0.139497,0.122945,0.016552,0.003178,1.488676,2.152199
5,3.651928,0.063632,0.046039,0.017594,0.004194,1.510013,2.074089
6,3.562693,0.171158,0.156870,0.014288,0.005065,1.418000,1.968470
7,3.285223,0.159550,0.139962,0.019587,0.005970,1.353723,1.765980
8,2.893504,0.133273,0.105987,0.027286,0.007280,1.308951,1.444000
9,2.930213,0.557780,0.513925,0.043855,0.008765,1.252595,1.111072
10,2.540298,0.238684,0.110629,0.128055,0.011178,1.167547,1.122888
11,2.492122,0.219344,0.116291,0.103053,0.013607,1.065255,1.193915
12,2.556557,0.069918,0.013760,0.056158,0.015928,1.446391,1.024320
13,2.896942,0.934330,0.897519,0.036811,0.017708,1.047223,0.897681
14,2.089764,0.089111,0.051058,0.038052,0.019848,1.167182,0.813625
15,2.087441,0.269107,0.240752,0.028355,0.020308,0.962785,0.835241
16,2.254144,0.061734,0.035598,0.026137,0.021140,1.314222,0.857047
17,2.201952,0.111341,0.086199,0.025141,0.020870,1.202712,0.867029
18,2.108677,0.614508,0.588264,0.026244,0.019835,0.613619,0.860715
19,1.980757,0.351447,0.326246,0.025201,0.019645,0.773318,0.836347
20,1.746552,0.127957,0.099454,0.028503,0.020187,0.788872,0.809535
21,1.701857,0.371134,0.344349,0.026785,0.019956,0.523562,0.787205
22,1.932859,0.087146,0.064644,0.022502,0.020815,1.026523,0.798376
23,2.062166,0.876841,0.857286,0.019555,0.020572,0.371010,0.793742
24,1.942039,0.095808,0.077041,0.018767,0.020918,1.032772,0.792541
25,1.774424,0.571619,0.550071,0.021547,0.020549,0.390139,0.792117
26,1.894131,0.093064,0.071376,0.021689,0.021022,0.999617,0.780427
27,1.862258,0.112101,0.091265,0.020836,0.020494,0.953638,0.776024
28,2.092917,0.925275,0.905366,0.019908,0.019368,0.370217,0.778057
29,1.921662,0.072906,0.054142,0.018764,0.019336,1.048152,0.781267
30,1.646984,0.341272,0.323377,0.017895,0.018549,0.507335,0.779828
31,1.874192,0.069760,0.053230,0.016529,0.018326,1.020009,0.766098
32,1.665277,0.133780,0.115538,0.018242,0.017515,0.743030,0.770952
33,2.124864,0.946964,0.930358,0.016607,0.016713,0.387866,0.773320
34,1.824344,0.086313,0.070558,0.015755,0.016237,0.947023,0.774771
35,1.522910,0.236420,0.222228,0.014192,0.015315,0.495364,0.775811
36,1.925035,0.061946,0.045268,0.016678,0.014914,1.073115,0.775060
37,1.677384,0.372894,0.357008,0.015886,0.013972,0.517387,0.773131
38,1.863094,0.050875,0.035150,0.015725,0.013670,1.028666,0.769883
39,2.030672,0.029111,0.014001,0.015110,0.012881,1.220187,0.768493
40,1.610065,0.252297,0.239085,0.013212,0.011741,0.576931,0.769096
41,1.825395,0.592669,0.577350,0.015318,0.011137,0.453619,0.767971
42,1.605999,0.277785,0.260340,0.017446,0.011175,0.544438,0.772600
43,1.582181,0.297423,0.284566,0.012857,0.011552,0.492272,0.780935
44,1.898230,0.058538,0.043710,0.014828,0.012325,1.056316,0.771051
45,1.922062,0.025381,0.010893,0.014488,0.012539,1.116315,0.767826
46,1.757758,0.081839,0.068307,0.013532,0.012133,0.896051,0.767735
47,1.675346,0.365355,0.351001,0.014354,0.011409,0.531412,0.767170
48,1.846389,0.099554,0.085468,0.014086,0.011458,0.956598,0.778779
49,1.545960,0.130993,0.117094,0.013898,0.011214,0.641060,0.762693
50,1.553750,0.123584,0.110245,0.013339,0.011000,0.650628,0.768538
51,1.603189,0.109430,0.095739,0.013691,0.010806,0.714808,0.768144
52,1.796438,0.066340,0.052226,0.014114,0.010556,0.950605,0.768937
53,1.816413,0.075624,0.061849,0.013776,0.010250,0.962993,0.767545
54,1.765255,0.071472,0.057904,0.013569,0.009851,0.906625,0.777307
55,1.843851,0.060754,0.047260,0.013494,0.009386,1.005604,0.768107
56,1.625963,0.173180,0.158723,0.014457,0.009038,0.674940,0.768804
57,1.466615,0.122575,0.108975,0.013600,0.008539,0.570220,0.765280
58,1.510545,0.113613,0.099498,0.014114,0.007844,0.621346,0.767742
59,1.859707,0.670124,0.656648,0.013476,0.007048,0.415270,0.767265
60,1.739627,0.079303,0.066031,0.013272,0.006456,0.886487,0.767381
61,1.962813,0.789367,0.775759,0.013608,0.006037,0.399917,0.767492
62,1.554523,0.142605,0.131242,0.011363,0.006180,0.639873,0.765866
63,1.595809,0.117746,0.105557,0.012189,0.006725,0.695638,0.775699
64,1.951467,0.020618,0.007480,0.013137,0.007432,1.155865,0.767552
65,1.828460,0.052613,0.039357,0.013256,0.007862,1.001230,0.766755
66,1.615878,0.089828,0.077143,0.012686,0.008087,0.750407,0.767555
67,1.882154,0.045963,0.032592,0.013372,0.008248,1.061310,0.766632
68,1.752894,0.073462,0.060104,0.013358,0.008155,0.918650,0.752626
69,1.865476,0.032679,0.019650,0.013029,0.007951,1.057316,0.767531
70,1.925157,0.795073,0.782233,0.012841,0.007641,0.356009,0.766434
71,1.494278,0.238645,0.225084,0.013561,0.007725,0.483450,0.764458
72,1.949057,0.778209,0.764381,0.013828,0.008015,0.398905,0.763929
73,1.780462,0.049443,0.036151,0.013292,0.008723,0.955554,0.766742
74,1.824652,0.040275,0.026988,0.013287,0.009261,1.008574,0.766542
75,1.898387,0.755554,0.741698,0.013856,0.009587,0.363202,0.770043
76,1.826265,0.056113,0.043010,0.013104,0.010019,0.992985,0.767146
77,1.632369,0.419954,0.407354,0.012599,0.010327,0.436604,0.765484
78,1.541425,0.096116,0.082198,0.013919,0.011334,0.668037,0.765939
79,1.723245,0.050338,0.036716,0.013622,0.012025,0.909686,0.751196
80,1.721004,0.067422,0.054428,0.012994,0.012276,0.887242,0.754064
81,1.783193,0.075366,0.062171,0.013195,0.012402,0.929365,0.766060
82,1.972796,0.845243,0.832163,0.013080,0.012394,0.368731,0.746429
83,1.832270,0.026448,0.013457,0.012991,0.013101,1.027561,0.765159
84,1.779879,0.095144,0.082211,0.012933,0.013319,0.904262,0.767154
85,1.612878,0.302846,0.290981,0.011865,0.013301,0.522951,0.773780
86,1.622207,0.095092,0.082084,0.013008,0.013457,0.749202,0.764455
87,1.705996,0.387937,0.376919,0.011017,0.013490,0.538250,0.766320
88,1.749734,0.045923,0.032950,0.012972,0.014058,0.922657,0.767096
89,1.600361,0.252164,0.240227,0.011938,0.014229,0.564090,0.769877
90,1.670868,0.068857,0.056170,0.012687,0.014749,0.820621,0.766641
91,2.066671,0.901369,0.888078,0.013291,0.014800,0.379447,0.771055
92,1.805609,0.048657,0.035760,0.012896,0.015253,0.973742,0.767957
93,1.811646,0.036017,0.023170,0.012847,0.015284,1.008547,0.751799
94,1.840909,0.717216,0.704096,0.013119,0.014816,0.344117,0.764760
95,1.674550,0.081591,0.068147,0.013444,0.014915,0.812023,0.766022
96,1.542346,0.310694,0.298483,0.012211,0.014806,0.465508,0.751338
97,2.001693,0.843226,0.829966,0.013260,0.015130,0.378276,0.765061
98,1.820336,0.066156,0.053263,0.012893,0.015934,0.969184,0.769062
99,1.676352,0.497036,0.484470,0.012566,0.016233,0.396084,0.766999
100,1.606867,0.091833,0.078703,0.013130,0.017299,0.732493,0.765243
1,0.060747,0.056202,0.031984,0.024218,0.004546,0.000000,0.000000
2,0.783963,0.781162,0.760429,0.020733,0.002801,0.000000,0.000000
3,0.100984,0.097401,0.079434,0.017967,0.003584,0.000000,0.000000
4,0.140551,0.136380,0.121573,0.014807,0.004170,0.000000,0.000000
5,0.066481,0.061641,0.046238,0.015404,0.004840,0.000000,0.000000
6,0.172602,0.167402,0.155178,0.012224,0.005201,0.000000,0.000000
7,0.158839,0.153008,0.138313,0.014695,0.005831,0.000000,0.000000
8,0.127188,0.120065,0.105610,0.014455,0.007123,0.000000,0.000000
9,0.537307,0.528982,0.513637,0.015345,0.008325,0.000000,0.000000
10,0.134091,0.123168,0.109540,0.013628,0.010923,0.000000,0.000000
11,0.141079,0.127835,0.114984,0.012850,0.013244,0.000000,0.000000
12,0.043093,0.027801,0.014643,0.013159,0.015291,0.000000,0.000000
13,0.930066,0.914199,0.901116,0.013083,0.015867,0.000000,0.000000
14,0.082638,0.065696,0.051896,0.013801,0.016942,0.000000,0.000000
15,0.277843,0.260904,0.247412,0.013492,0.016939,0.000000,0.000000
16,0.070362,0.053088,0.039889,0.013198,0.017275,0.000000,0.000000
17,0.080654,0.064098,0.050999,0.013099,0.016556,0.000000,0.000000
18,0.638579,0.623435,0.610124,0.013312,0.015144,0.000000,0.000000
19,0.367869,0.352974,0.340548,0.012426,0.014895,0.000000,0.000000
20,0.133379,0.118028,0.104428,0.013601,0.015351,0.000000,0.000000
21,0.386412,0.371096,0.358134,0.012963,0.015316,0.000000,0.000000
22,0.096132,0.080175,0.067404,0.012771,0.015957,0.000000,0.000000
23,0.892372,0.876383,0.863755,0.012628,0.015990,0.000000,0.000000
24,0.108143,0.091690,0.079352,0.012338,0.016453,0.000000,0.000000
25,0.589174,0.572850,0.559416,0.013434,0.016324,0.000000,0.000000
26,0.102695,0.085746,0.073302,0.012444,0.016949,0.000000,0.000000
27,0.120999,0.104072,0.090759,0.013313,0.016927,0.000000,0.000000
28,0.938793,0.922396,0.909202,0.013194,0.016397,0.000000,0.000000
29,0.086430,0.069787,0.056856,0.012931,0.016644,0.000000,0.000000
30,0.356192,0.339869,0.327976,0.011893,0.016324,0.000000,0.000000
31,0.085960,0.069466,0.056736,0.012730,0.016493,0.000000,0.000000
32,0.148000,0.131933,0.117411,0.014523,0.016067,0.000000,0.000000
33,0.953754,0.938095,0.925221,0.012874,0.015659,0.000000,0.000000
34,0.090396,0.074903,0.062707,0.012197,0.015493,0.000000,0.000000
35,0.250543,0.235724,0.224750,0.010974,0.014819,0.000000,0.000000
36,0.073432,0.058874,0.045844,0.013030,0.014558,0.000000,0.000000
37,0.383086,0.369275,0.357247,0.012028,0.013811,0.000000,0.000000
38,0.063574,0.049954,0.037328,0.012626,0.013620,0.000000,0.000000
39,0.039660,0.026720,0.013968,0.012751,0.012940,0.000000,0.000000
40,0.261920,0.250088,0.238434,0.011654,0.011832,0.000000,0.000000
41,0.600827,0.589640,0.576542,0.013097,0.011187,0.000000,0.000000
42,0.283869,0.272793,0.258405,0.014388,0.011076,0.000000,0.000000
43,0.309149,0.297858,0.287257,0.010600,0.011291,0.000000,0.000000
44,0.068490,0.056652,0.044013,0.012640,0.011837,0.000000,0.000000
45,0.037492,0.025636,0.012922,0.012714,0.011856,0.000000,0.000000
46,0.093770,0.082427,0.070454,0.011973,0.011343,0.000000,0.000000
47,0.380158,0.369660,0.356320,0.013340,0.010498,0.000000,0.000000
48,0.109941,0.099624,0.086833,0.012792,0.010317,0.000000,0.000000
49,0.141602,0.131823,0.119082,0.012740,0.009779,0.000000,0.000000
50,0.131591,0.122368,0.111363,0.011005,0.009223,0.000000,0.000000
51,0.121454,0.112736,0.100684,0.012052,0.008718,0.000000,0.000000
52,0.077320,0.069181,0.056115,0.013067,0.008138,0.000000,0.000000
53,0.081216,0.073722,0.061030,0.012692,0.007494,0.000000,0.000000
54,0.080021,0.073166,0.060344,0.012821,0.006855,0.000000,0.000000
55,0.070421,0.064171,0.051269,0.012903,0.006249,0.000000,0.000000
56,0.177922,0.172157,0.159223,0.012934,0.005765,0.000000,0.000000
57,0.127444,0.121993,0.109240,0.012753,0.005451,0.000000,0.000000
58,0.118721,0.113565,0.101136,0.012430,0.005156,0.000000,0.000000
59,0.674124,0.669273,0.656550,0.012723,0.004851,0.000000,0.000000
60,0.084610,0.079889,0.067662,0.012228,0.004720,0.000000,0.000000
61,0.792146,0.787571,0.775218,0.012353,0.004575,0.000000,0.000000
62,0.149591,0.144786,0.133830,0.010956,0.004805,0.000000,0.000000
63,0.123779,0.118576,0.107242,0.011334,0.005203,0.000000,0.000000
64,0.025556,0.019909,0.006916,0.012993,0.005647,0.000000,0.000000
65,0.058778,0.052893,0.040067,0.012826,0.005886,0.000000,0.000000
66,0.096808,0.090832,0.078675,0.012158,0.005975,0.000000,0.000000
67,0.050631,0.044660,0.031879,0.012781,0.005971,0.000000,0.000000
68,0.079733,0.073969,0.061290,0.012679,0.005764,0.000000,0.000000
69,0.037833,0.032393,0.019796,0.012597,0.005440,0.000000,0.000000
70,0.803814,0.798827,0.786445,0.012381,0.004988,0.000000,0.000000
71,0.244092,0.239242,0.225585,0.013657,0.004850,0.000000,0.000000
72,0.791535,0.786523,0.773408,0.013115,0.005012,0.000000,0.000000
73,0.056609,0.050990,0.038290,0.012700,0.005620,0.000000,0.000000
74,0.048286,0.042215,0.029441,0.012773,0.006071,0.000000,0.000000
75,0.754598,0.748294,0.735222,0.013072,0.006304,0.000000,0.000000
76,0.064001,0.057167,0.044343,0.012824,0.006834,0.000000,0.000000
77,0.427397,0.420213,0.407887,0.012326,0.007184,0.000000,0.000000
78,0.106086,0.097958,0.084937,0.013021,0.008128,0.000000,0.000000
79,0.057769,0.048925,0.036104,0.012821,0.008845,0.000000,0.000000
80,0.081700,0.072486,0.059875,0.012611,0.009213,0.000000,0.000000
81,0.086651,0.077315,0.064663,0.012652,0.009337,0.000000,0.000000
82,0.860328,0.851144,0.838514,0.012629,0.009185,0.000000,0.000000
83,0.037048,0.027392,0.014838,0.012554,0.009656,0.000000,0.000000
84,0.106214,0.096458,0.084111,0.012347,0.009756,0.000000,0.000000
85,0.315212,0.305605,0.294240,0.011365,0.009607,0.000000,0.000000
86,0.107833,0.098059,0.085565,0.012494,0.009774,0.000000,0.000000
87,0.404434,0.394611,0.383913,0.010698,0.009822,0.000000,0.000000
88,0.057435,0.047099,0.034403,0.012696,0.010337,0.000000,0.000000
89,0.265519,0.255014,0.243317,0.011698,0.010504,0.000000,0.000000
90,0.080694,0.069686,0.057749,0.011937,0.011008,0.000000,0.000000
91,0.918259,0.907083,0.893947,0.013135,0.011177,0.000000,0.000000
92,0.063073,0.051362,0.038552,0.012811,0.011711,0.000000,0.000000
93,0.049482,0.037651,0.025039,0.012612,0.011831,0.000000,0.000000
94,0.737689,0.726163,0.713044,0.013118,0.011526,0.000000,0.000000
95,0.097981,0.086155,0.073110,0.013045,0.011826,0.000000,0.000000
96,0.315575,0.303717,0.291797,0.011921,0.011858,0.000000,0.000000
97,0.863990,0.851729,0.839025,0.012703,0.012261,0.000000,0.000000
98,0.081921,0.068893,0.055895,0.012999,0.013028,0.000000,0.000000
99,0.513266,0.499926,0.488042,0.011884,0.013340,0.000000,0.000000
100,0.105628,0.091361,0.078736,0.012625,0.014267,0.000000,0.000000
1,0.060747,0.056202,0.031984,0.024218,0.004546,0.000000,0.000000
2,0.771446,0.767665,0.744787,0.022878,0.003780,0.000000,0.000000
3,0.102693,0.098534,0.077197,0.021337,0.004159,0.000000,0.000000
4,0.143542,0.139204,0.120552,0.018651,0.004339,0.000000,0.000000
5,0.069830,0.065359,0.045486,0.019873,0.004471,0.000000,0.000000
6,0.177788,0.173268,0.157477,0.015790,0.004520,0.000000,0.000000
7,0.166477,0.161827,0.142700,0.019127,0.004650,0.000000,0.000000
8,0.131241,0.126268,0.106748,0.019520,0.004972,0.000000,0.000000
9,0.549234,0.543901,0.523663,0.020238,0.005333,0.000000,0.000000
10,0.138493,0.132496,0.115105,0.017390,0.005998,0.000000,0.000000
11,0.145914,0.139220,0.121925,0.017296,0.006694,0.000000,0.000000
12,0.037830,0.030405,0.014992,0.015413,0.007425,0.000000,0.000000
13,0.937626,0.929675,0.914959,0.014716,0.007951,0.000000,0.000000
14,0.079232,0.070586,0.054737,0.015849,0.008646,0.000000,0.000000
15,0.284042,0.274874,0.258596,0.016278,0.009168,0.000000,0.000000
16,0.063313,0.053479,0.039239,0.014240,0.009835,0.000000,0.000000
17,0.077231,0.066995,0.053017,0.013979,0.010236,0.000000,0.000000
18,0.651265,0.640888,0.626469,0.014418,0.010377,0.000000,0.000000
19,0.367380,0.356541,0.343751,0.012791,0.010839,0.000000,0.000000
20,0.129353,0.117874,0.103631,0.014243,0.011479,0.000000,0.000000
21,0.386095,0.374136,0.360950,0.013186,0.011959,0.000000,0.000000
22,0.095795,0.083157,0.070094,0.013063,0.012638,0.000000,0.000000
23,0.893900,0.880846,0.868068,0.012778,0.013054,0.000000,0.000000
24,0.108175,0.094579,0.082055,0.012524,0.013596,0.000000,0.000000
25,0.590058,0.576170,0.562522,0.013648,0.013888,0.000000,0.000000
26,0.102153,0.087679,0.075067,0.012612,0.014473,0.000000,0.000000
27,0.121637,0.106830,0.093301,0.013528,0.014807,0.000000,0.000000
28,0.939752,0.924807,0.911520,0.013287,0.014945,0.000000,0.000000
29,0.084656,0.069330,0.056283,0.013046,0.015327,0.000000,0.000000
30,0.359150,0.343668,0.331430,0.012238,0.015481,0.000000,0.000000
31,0.083643,0.067824,0.055018,0.012806,0.015819,0.000000,0.000000
32,0.147061,0.131153,0.116163,0.014990,0.015908,0.000000,0.000000
33,0.952297,0.936310,0.923323,0.012988,0.015987,0.000000,0.000000
34,0.091383,0.075261,0.062919,0.012342,0.016122,0.000000,0.000000
35,0.248909,0.232869,0.221306,0.011563,0.016040,0.000000,0.000000
36,0.073514,0.057438,0.044580,0.012858,0.016076,0.000000,0.000000
37,0.381966,0.366073,0.354023,0.012050,0.015893,0.000000,0.000000
38,0.063828,0.047960,0.035242,0.012718,0.015868,0.000000,0.000000
39,0.041751,0.026125,0.013390,0.012734,0.015626,0.000000,0.000000
40,0.262241,0.247060,0.235344,0.011716,0.015181,0.000000,0.000000
41,0.597802,0.582937,0.569743,0.013194,0.014865,0.000000,0.000000
42,0.285190,0.270449,0.255776,0.014672,0.014742,0.000000,0.000000
43,0.314177,0.299487,0.288805,0.010682,0.014690,0.000000,0.000000
44,0.069428,0.054701,0.042015,0.012686,0.014727,0.000000,0.000000
45,0.036775,0.022204,0.009521,0.012683,0.014570,0.000000,0.000000
46,0.092530,0.078319,0.066428,0.011892,0.014210,0.000000,0.000000
47,0.376935,0.363215,0.349948,0.013267,0.013720,0.000000,0.000000
48,0.110663,0.097185,0.084338,0.012847,0.013477,0.000000,0.000000
49,0.142531,0.129438,0.116765,0.012674,0.013093,0.000000,0.000000
50,0.131775,0.119110,0.107713,0.011397,0.012665,0.000000,0.000000
51,0.121250,0.109025,0.096788,0.012237,0.012224,0.000000,0.000000
52,0.078111,0.066398,0.053587,0.012811,0.011713,0.000000,0.000000
53,0.082719,0.071591,0.058757,0.012834,0.011128,0.000000,0.000000
54,0.083914,0.073423,0.060666,0.012757,0.010491,0.000000,0.000000
55,0.076354,0.066548,0.053785,0.012763,0.009806,0.000000,0.000000
56,0.173623,0.164514,0.150896,0.013618,0.009108,0.000000,0.000000
57,0.124541,0.115986,0.103494,0.012492,0.008554,0.000000,0.000000
58,0.117515,0.109457,0.096033,0.013424,0.008058,0.000000,0.000000
59,0.663625,0.656041,0.643210,0.012831,0.007584,0.000000,0.000000
60,0.085418,0.078139,0.065507,0.012633,0.007278,0.000000,0.000000
61,0.785737,0.778791,0.765789,0.013001,0.006946,0.000000,0.000000
62,0.148318,0.141513,0.131097,0.010416,0.006805,0.000000,0.000000
63,0.124159,0.117466,0.105876,0.011591,0.006693,0.000000,0.000000
64,0.026670,0.020090,0.007345,0.012746,0.006580,0.000000,0.000000
65,0.057891,0.051509,0.038877,0.012632,0.006382,0.000000,0.000000
66,0.096567,0.090422,0.078066,0.012356,0.006145,0.000000,0.000000
67,0.050494,0.044596,0.031924,0.012672,0.005898,0.000000,0.000000
68,0.079190,0.073583,0.060829,0.012754,0.005607,0.000000,0.000000
69,0.037775,0.032472,0.019808,0.012664,0.005303,0.000000,0.000000
70,0.803579,0.798605,0.786196,0.012409,0.004974,0.000000,0.000000
71,0.243663,0.238884,0.225236,0.013647,0.004780,0.000000,0.000000
72,0.790957,0.786248,0.773061,0.013187,0.004709,0.000000,0.000000
73,0.055591,0.050789,0.038103,0.012686,0.004802,0.000000,0.000000
74,0.046936,0.042085,0.029416,0.012669,0.004851,0.000000,0.000000
75,0.755871,0.751026,0.738080,0.012946,0.004845,0.000000,0.000000
76,0.062672,0.057719,0.044909,0.012810,0.004953,0.000000,0.000000
77,0.432529,0.427506,0.414938,0.012569,0.005023,0.000000,0.000000
78,0.103811,0.098505,0.085341,0.013164,0.005306,0.000000,0.000000
79,0.055998,0.050457,0.037755,0.012702,0.005541,0.000000,0.000000
80,0.078054,0.072358,0.059796,0.012562,0.005696,0.000000,0.000000
81,0.084465,0.078665,0.065922,0.012743,0.005801,0.000000,0.000000
82,0.867224,0.861387,0.848839,0.012548,0.005837,0.000000,0.000000
83,0.033977,0.027891,0.015225,0.012667,0.006086,0.000000,0.000000
84,0.104117,0.097888,0.085444,0.012444,0.006229,0.000000,0.000000
85,0.316399,0.310103,0.298526,0.011578,0.006296,0.000000,0.000000
86,0.106735,0.100230,0.087746,0.012484,0.006505,0.000000,0.000000
87,0.407138,0.400453,0.389406,0.011047,0.006684,0.000000,0.000000
88,0.055650,0.048605,0.036007,0.012598,0.007045,0.000000,0.000000
89,0.270085,0.262792,0.251026,0.011767,0.007293,0.000000,0.000000
90,0.078379,0.070700,0.058673,0.012028,0.007679,0.000000,0.000000
91,0.920869,0.912900,0.899823,0.013077,0.007969,0.000000,0.000000
92,0.060594,0.052212,0.039549,0.012663,0.008382,0.000000,0.000000
93,0.046932,0.038277,0.025679,0.012599,0.008655,0.000000,0.000000
94,0.737955,0.729176,0.716493,0.012682,0.008780,0.000000,0.000000
95,0.098800,0.089701,0.076512,0.013189,0.009099,0.000000,0.000000
96,0.314129,0.304806,0.292909,0.011897,0.009323,0.000000,0.000000
97,0.867425,0.857745,0.845068,0.012677,0.009680,0.000000,0.000000
98,0.079465,0.069288,0.056666,0.012622,0.010177,0.000000,0.000000
99,0.518380,0.507864,0.495437,0.012427,0.010516,0.000000,0.000000
100,0.106069,0.094997,0.082202,0.012795,0.011073,0.000000,0.000000
1,2.435068,0.059457,0.035239,0.024218,0.003407,0.000000,2.372204
2,3.155761,0.799975,0.776490,0.023485,0.002604,0.000000,2.353182
3,2.439904,0.104457,0.082364,0.022093,0.002053,0.000000,2.333394
4,2.466055,0.150377,0.130676,0.019702,0.001611,0.000000,2.314067
5,2.365472,0.070827,0.049734,0.021093,0.001290,0.000000,2.293355
6,2.469607,0.194601,0.177059,0.017542,0.001163,0.000000,2.273842
7,2.429775,0.180675,0.158815,0.021860,0.001091,0.000000,2.248008
8,2.359612,0.136529,0.114395,0.022134,0.001171,0.000000,2.221913
9,2.764774,0.566841,0.543995,0.022846,0.001398,0.000000,2.196535
10,2.307640,0.145146,0.124306,0.020840,0.001803,0.000000,2.160691
11,2.278996,0.150548,0.129298,0.021250,0.002347,0.000000,2.126101
12,2.118712,0.034466,0.015878,0.018588,0.003018,0.000000,2.081228
13,2.997123,0.949006,0.930751,0.018255,0.003700,0.000000,2.044416
14,2.053335,0.078739,0.058271,0.020468,0.004526,0.000000,1.970069
15,2.206817,0.289237,0.267088,0.022149,0.005336,0.000000,1.912243
16,1.870768,0.061757,0.041027,0.020730,0.006282,0.000000,1.802729
17,1.770201,0.076373,0.053662,0.022710,0.007134,0.000000,1.686695
18,2.245142,0.657983,0.632456,0.025527,0.007863,0.000000,1.579296
19,1.826602,0.381320,0.353558,0.027761,0.008768,0.000000,1.436514
20,1.394786,0.143879,0.105515,0.038364,0.009790,0.000000,1.241116
21,1.497527,0.417240,0.366258,0.050982,0.010723,0.000000,1.069564
22,1.166149,0.143986,0.071702,0.072285,0.011833,0.000000,1.010329
23,1.998052,0.968537,0.873529,0.095008,0.012662,0.000000,1.016853
24,1.237545,0.188919,0.083796,0.105123,0.013521,0.000000,1.035105
25,1.703047,0.655313,0.561449,0.093864,0.014234,0.000000,1.033501
26,1.198812,0.161658,0.075998,0.085660,0.015010,0.000000,1.022145
27,1.148162,0.168074,0.093008,0.075066,0.015635,0.000000,0.964453
28,1.842361,0.960655,0.907724,0.052931,0.016105,0.000000,0.865601
29,0.951610,0.100950,0.056868,0.044082,0.016729,0.000000,0.833931
30,1.206198,0.373368,0.337351,0.036017,0.017039,0.000000,0.815791
31,0.904591,0.083285,0.055110,0.028175,0.017560,0.000000,0.803746
32,0.972615,0.141629,0.113709,0.027920,0.017714,0.000000,0.813272
33,1.799740,0.946845,0.924764,0.022081,0.017789,0.000000,0.835106
34,0.928816,0.083021,0.063395,0.019626,0.017906,0.000000,0.827889
35,1.080244,0.244511,0.227485,0.017026,0.017729,0.000000,0.818004
36,0.891911,0.063429,0.044833,0.018596,0.017680,0.000000,0.810802
37,1.180994,0.376223,0.358044,0.018179,0.017330,0.000000,0.787440
38,0.860565,0.054785,0.035605,0.019180,0.017169,0.000000,0.788611
39,0.826770,0.032955,0.013303,0.019652,0.016723,0.000000,0.777092
40,1.055553,0.256677,0.237393,0.019284,0.016013,0.000000,0.782862
41,1.384153,0.587662,0.566827,0.020836,0.015461,0.000000,0.781030
42,1.084912,0.280696,0.256820,0.023877,0.015170,0.000000,0.789045
43,1.125298,0.309343,0.290197,0.019147,0.014948,0.000000,0.801007
44,0.845714,0.061915,0.042329,0.019586,0.014823,0.000000,0.768977
45,0.816646,0.029030,0.010122,0.018908,0.014465,0.000000,0.773151
46,0.867133,0.085789,0.068428,0.017361,0.013870,0.000000,0.767475
47,1.157954,0.370537,0.351757,0.018780,0.013140,0.000000,0.774277
48,0.905745,0.100600,0.084562,0.016037,0.012730,0.000000,0.792415
49,0.924326,0.135994,0.118479,0.017515,0.012174,0.000000,0.776158
50,0.908748,0.125981,0.109870,0.016112,0.011600,0.000000,0.771167
51,0.890021,0.113721,0.097139,0.016582,0.011033,0.000000,0.765268
52,0.848891,0.072373,0.055587,0.016786,0.010403,0.000000,0.766114
53,0.856322,0.077445,0.060631,0.016814,0.009714,0.000000,0.769163
54,0.854929,0.077982,0.061027,0.016955,0.008993,0.000000,0.767954
55,0.844511,0.070486,0.054265,0.016222,0.008243,0.000000,0.765782
56,0.944145,0.169686,0.152572,0.017114,0.007506,0.000000,0.766953
57,0.894446,0.120759,0.105523,0.015236,0.006936,0.000000,0.766751
58,0.892790,0.114910,0.098661,0.016249,0.006441,0.000000,0.771440
59,1.437336,0.663349,0.648221,0.015128,0.005968,0.000000,0.768020
60,0.856264,0.081957,0.067354,0.014603,0.005677,0.000000,0.768630
61,1.561585,0.782700,0.767901,0.014800,0.005371,0.000000,0.773514
62,0.917792,0.146016,0.133951,0.012065,0.005264,0.000000,0.766512
63,0.908261,0.120082,0.107317,0.012765,0.005201,0.000000,0.782977
64,0.794061,0.021689,0.007211,0.014478,0.005129,0.000000,0.767244
65,0.827851,0.054289,0.039536,0.014753,0.004972,0.000000,0.768590
66,0.879736,0.092922,0.079578,0.013344,0.004781,0.000000,0.782033
67,0.818686,0.046000,0.031789,0.014211,0.004584,0.000000,0.768102
68,0.831725,0.075716,0.061525,0.014190,0.004346,0.000000,0.751663
69,0.806447,0.033585,0.020002,0.013582,0.004101,0.000000,0.768762
70,1.569943,0.804650,0.791502,0.013148,0.003829,0.000000,0.761463
71,1.016758,0.243797,0.229324,0.014474,0.003694,0.000000,0.769267
72,1.553930,0.784836,0.770774,0.014062,0.003673,0.000000,0.765420
73,0.843007,0.053058,0.039435,0.013623,0.003817,0.000000,0.786132
74,0.812349,0.043441,0.029982,0.013459,0.003923,0.000000,0.764984
75,1.522528,0.752696,0.738529,0.014167,0.003974,0.000000,0.765859
76,0.830375,0.059204,0.045813,0.013390,0.004139,0.000000,0.767033
77,1.201645,0.429983,0.416671,0.013312,0.004269,0.000000,0.767393
78,0.872002,0.100500,0.086534,0.013966,0.004634,0.000000,0.766868
79,0.807159,0.051465,0.037831,0.013634,0.004949,0.000000,0.750744
80,0.832114,0.074498,0.061036,0.013462,0.005175,0.000000,0.752441
81,0.856508,0.080210,0.066715,0.013495,0.005349,0.000000,0.770949
82,1.615490,0.864066,0.850477,0.013588,0.005443,0.000000,0.745981
83,0.804084,0.028576,0.015567,0.013009,0.005778,0.000000,0.769730
84,0.874899,0.098980,0.086147,0.012833,0.005991,0.000000,0.769929
85,1.104026,0.312987,0.300455,0.012532,0.006116,0.000000,0.784923
86,0.873669,0.102333,0.088733,0.013600,0.006397,0.000000,0.764938
87,1.179721,0.404560,0.392440,0.012120,0.006646,0.000000,0.768515
88,0.825097,0.049441,0.036207,0.013234,0.007109,0.000000,0.768547
89,1.034775,0.262587,0.249805,0.012782,0.007438,0.000000,0.764750
90,0.847698,0.071561,0.058825,0.012736,0.007935,0.000000,0.768201
91,1.692854,0.913277,0.899172,0.014105,0.008308,0.000000,0.771269
92,0.827859,0.052868,0.039581,0.013287,0.008839,0.000000,0.766152
93,0.814294,0.039282,0.025947,0.013335,0.009191,0.000000,0.765821
94,1.502838,0.729264,0.715947,0.013317,0.009349,0.000000,0.764225
95,0.868565,0.089449,0.075356,0.014093,0.009725,0.000000,0.769391
96,1.066210,0.304617,0.291150,0.013467,0.009978,0.000000,0.751615
97,1.630356,0.856753,0.843446,0.013307,0.010387,0.000000,0.763216
98,0.845813,0.069656,0.056600,0.013056,0.010966,0.000000,0.765191
99,1.295016,0.511973,0.498613,0.013360,0.011338,0.000000,0.771706
100,0.873201,0.094685,0.081258,0.013427,0.011994,0.000000,0.766521
1,3.979537,0.061849,0.037633,0.024215,0.003085,1.598002,2.316602
2,4.658333,0.773997,0.750765,0.023232,0.002243,1.582761,2.299332
3,3.963094,0.101969,0.079958,0.022011,0.002313,1.577573,2.281240
4,3.972985,0.143261,0.123748,0.019513,0.002317,1.563373,2.264034
5,3.893960,0.070159,0.049198,0.020961,0.002362,1.574785,2.246654
6,3.956238,0.176325,0.159368,0.016956,0.002379,1.547515,2.230019
7,3.899361,0.168101,0.147313,0.020788,0.002584,1.520351,2.208325
8,3.835409,0.131444,0.109927,0.021517,0.002950,1.514009,2.187007
9,4.216849,0.553859,0.531623,0.022235,0.003368,1.493157,2.166466
10,3.764517,0.138777,0.119259,0.019519,0.003956,1.484089,2.137694
11,3.716227,0.145246,0.125658,0.019588,0.004581,1.457159,2.109241
12,3.654119,0.033385,0.015570,0.017815,0.005241,1.543898,2.071596
13,4.436418,0.937539,0.920347,0.017192,0.005756,1.451624,2.041499
14,3.533500,0.075056,0.056060,0.018996,0.006382,1.473419,1.978643
15,3.667670,0.283424,0.263459,0.019966,0.006921,1.447984,1.929341
16,3.396029,0.058636,0.040073,0.018563,0.007578,1.492519,1.837295
17,3.266147,0.072877,0.053059,0.019818,0.008092,1.448681,1.736497
18,3.616258,0.655360,0.633622,0.021738,0.008473,1.314282,1.638142
19,3.278698,0.371252,0.347758,0.023494,0.009029,1.392717,1.505701
20,2.836888,0.135815,0.103965,0.031851,0.009722,1.375381,1.315970
21,2.839696,0.402993,0.363340,0.039653,0.010374,1.275438,1.150892
22,2.573099,0.122136,0.070255,0.051881,0.011173,1.400316,1.039474
23,3.198443,0.947355,0.869970,0.077386,0.011767,1.224268,1.015053
24,2.592046,0.168535,0.082554,0.085981,0.012418,1.367950,1.043142
25,2.939998,0.642169,0.565481,0.076688,0.012938,1.214460,1.070431
26,2.558336,0.137511,0.075208,0.062303,0.013527,1.349361,1.057937
27,2.418025,0.143707,0.093181,0.050526,0.013999,1.245938,1.014381
28,2.994505,0.943586,0.910948,0.032638,0.014359,1.135758,0.900802
29,2.289079,0.083634,0.056936,0.026698,0.014853,1.339871,0.850721
30,2.296129,0.358222,0.332046,0.026176,0.015140,1.090372,0.832395
31,2.211677,0.076411,0.054393,0.022018,0.015620,1.312367,0.807280
32,2.102494,0.139467,0.115206,0.024260,0.015825,1.130654,0.816548
33,2.796242,0.947118,0.925146,0.021972,0.016057,0.996729,0.836337
34,2.214813,0.084087,0.062871,0.021215,0.016331,1.259301,0.855095
35,2.055504,0.243982,0.223064,0.020917,0.016382,0.970411,0.824730
36,2.206980,0.065972,0.044688,0.021284,0.016557,1.308722,0.815729
37,2.089350,0.377766,0.357279,0.020487,0.016495,0.895593,0.799496
38,2.122465,0.055431,0.034949,0.020482,0.016579,1.254005,0.796451
39,2.329123,0.032558,0.012954,0.019604,0.016383,1.498768,0.781414
40,1.936698,0.252822,0.235465,0.017357,0.015896,0.884993,0.782987
41,2.129950,0.587043,0.568875,0.018168,0.015576,0.750146,0.777185
42,1.849501,0.278406,0.257957,0.020449,0.015489,0.766681,0.788925
43,1.838940,0.302002,0.287242,0.014760,0.015458,0.711706,0.809773
44,2.109473,0.058757,0.041369,0.017388,0.015504,1.261474,0.773737
45,2.254057,0.026858,0.009494,0.017364,0.015310,1.433385,0.778504
46,1.893697,0.083673,0.066802,0.016871,0.014851,1.026971,0.768203
47,1.795162,0.366495,0.348638,0.017857,0.014257,0.641316,0.773094
48,1.938514,0.100011,0.083929,0.016083,0.013991,1.048313,0.776199
49,1.657933,0.134247,0.117362,0.016885,0.013575,0.720528,0.789582
50,1.609568,0.123816,0.108464,0.015353,0.013150,0.698809,0.773793
51,1.705599,0.110685,0.095740,0.014945,0.012719,0.807959,0.774235
52,1.943120,0.068843,0.053331,0.015512,0.012224,1.092373,0.769679
53,2.008276,0.075190,0.059445,0.015745,0.011657,1.154140,0.767289
54,1.925155,0.075621,0.059570,0.016051,0.011028,1.052294,0.786212
55,2.038329,0.067971,0.052096,0.015875,0.010350,1.192731,0.767278
56,1.665363,0.168159,0.151232,0.016928,0.009677,0.715205,0.772321
57,1.521746,0.117990,0.103010,0.014980,0.009140,0.623220,0.771395
58,1.535958,0.111752,0.096221,0.015531,0.008633,0.642892,0.772681
59,1.901524,0.659751,0.645474,0.014277,0.008114,0.470146,0.763512
60,1.799911,0.079773,0.065369,0.014404,0.007758,0.944401,0.767979
61,2.024021,0.780484,0.765596,0.014888,0.007378,0.460244,0.775915
62,1.594803,0.143365,0.130405,0.012960,0.007200,0.677152,0.767086
63,1.652594,0.117727,0.104689,0.013038,0.007113,0.742351,0.785403
64,2.228869,0.021782,0.007298,0.014484,0.007030,1.431592,0.768465
65,1.988353,0.053254,0.038817,0.014437,0.006853,1.160880,0.767366
66,1.681861,0.090113,0.077402,0.012710,0.006631,0.800468,0.784650
67,2.030700,0.045670,0.031915,0.013755,0.006404,1.210755,0.767871
68,1.838552,0.074089,0.060232,0.013857,0.006126,1.008220,0.750117
69,2.053175,0.033199,0.019636,0.013563,0.005834,1.246649,0.767493
70,1.998674,0.799920,0.786503,0.013417,0.005505,0.433075,0.760175
71,1.531046,0.240333,0.226477,0.013856,0.005342,0.515349,0.770022
72,2.016266,0.788879,0.774570,0.014309,0.005295,0.457898,0.764193
73,1.863218,0.051226,0.037757,0.013469,0.005435,1.037041,0.769517
74,1.954251,0.042363,0.028924,0.013439,0.005535,1.139739,0.766614
75,1.927255,0.750702,0.736534,0.014168,0.005572,0.405542,0.765439
76,1.960258,0.057680,0.044335,0.013345,0.005726,1.130936,0.765916
77,1.649173,0.423912,0.411063,0.012849,0.005845,0.455119,0.764297
78,1.586421,0.099473,0.085222,0.014251,0.006218,0.711369,0.769361
79,1.779659,0.051170,0.037378,0.013791,0.006531,0.976218,0.745739
80,1.786504,0.073125,0.059799,0.013326,0.006742,0.955673,0.750965
81,1.819791,0.079304,0.065909,0.013395,0.006906,0.962855,0.770726
82,2.012356,0.858451,0.844866,0.013584,0.006993,0.402986,0.743926
83,1.975072,0.028021,0.015046,0.012975,0.007322,1.170616,0.769113
84,1.838040,0.097882,0.084992,0.012890,0.007521,0.962609,0.770028
85,1.587590,0.311139,0.298613,0.012526,0.007642,0.499158,0.769652
86,1.651696,0.099963,0.087147,0.012817,0.007907,0.777342,0.766483
87,1.710868,0.399093,0.387243,0.011850,0.008145,0.535813,0.767817
88,1.836379,0.048816,0.035371,0.013445,0.008581,1.010626,0.768356
89,1.597084,0.259890,0.247226,0.012664,0.008881,0.563497,0.764816
90,1.705256,0.070664,0.058136,0.012527,0.009339,0.856912,0.768342
91,2.081764,0.910944,0.897241,0.013704,0.009669,0.391330,0.769821
92,1.870281,0.052031,0.038784,0.013247,0.010144,1.041163,0.766943
93,1.905853,0.038420,0.025145,0.013275,0.010457,1.106156,0.750820
94,1.867149,0.727660,0.714317,0.013342,0.010595,0.363382,0.765512
95,1.726332,0.088697,0.074867,0.013830,0.010925,0.854227,0.772483
96,1.541469,0.303498,0.290623,0.012875,0.011159,0.476987,0.749826
97,2.023959,0.856521,0.843206,0.013315,0.011532,0.388072,0.767834
98,1.845298,0.068595,0.055457,0.013139,0.012057,0.999378,0.765268
99,1.704690,0.505707,0.492519,0.013187,0.012402,0.415466,0.771115
100,1.650227,0.093844,0.080646,0.013198,0.012992,0.774323,0.769068
1,4.013474,0.066920,0.041912,0.025009,0.005911,1.576781,2.363862
2,4.724051,0.807909,0.783921,0.023988,0.004487,1.571691,2.339963
3,3.989079,0.108210,0.085217,0.022992,0.003697,1.560402,2.316770
4,3.988442,0.149883,0.129298,0.020586,0.002961,1.542285,2.293313
5,3.892207,0.076545,0.054478,0.022067,0.002327,1.542064,2.271270
6,3.978122,0.189179,0.171277,0.017902,0.001745,1.540935,2.246263
7,3.929251,0.191174,0.169159,0.022015,0.001385,1.519348,2.217344
8,3.805611,0.142221,0.119784,0.022437,0.001187,1.475857,2.186345
9,4.231205,0.583707,0.559795,0.023911,0.001098,1.486279,2.160122
10,3.713562,0.147528,0.125869,0.021659,0.001201,1.449489,2.115344
11,3.685390,0.156455,0.134666,0.021788,0.001402,1.448964,2.078570
12,3.588539,0.036162,0.016085,0.020077,0.001739,1.518208,2.032431
13,4.405172,0.952649,0.932986,0.019663,0.002064,1.454758,1.995701
14,3.431205,0.081153,0.058802,0.022351,0.002518,1.444817,1.902718
15,3.562311,0.299188,0.276064,0.023124,0.002976,1.393362,1.866785
16,3.300148,0.063437,0.040768,0.022669,0.003572,1.481892,1.751246
17,3.157076,0.079682,0.054410,0.025273,0.004106,1.443036,1.630252
18,3.503541,0.675529,0.647806,0.027723,0.004567,1.280628,1.542817
19,3.166549,0.388584,0.359757,0.028828,0.005207,1.328012,1.444746
20,2.706860,0.146074,0.107224,0.038851,0.005978,1.296428,1.258379
21,2.786804,0.420355,0.377737,0.042618,0.006739,1.220837,1.138874
22,2.537808,0.125223,0.072018,0.053205,0.007661,1.349364,1.055559
23,3.144426,0.948210,0.880669,0.067541,0.008419,1.172791,1.015005
24,2.511005,0.165214,0.083801,0.081413,0.009270,1.313739,1.022781
25,2.838091,0.651797,0.572096,0.079701,0.009995,1.121740,1.054560
26,2.510885,0.148111,0.075804,0.072307,0.010832,1.292715,1.059228
27,2.451742,0.174798,0.094479,0.080319,0.011542,1.146066,1.119335
28,2.950921,0.964393,0.914977,0.049415,0.012145,1.010337,0.964047
29,2.308905,0.096682,0.056846,0.039836,0.012864,1.288257,0.911103
30,2.286909,0.377092,0.340990,0.036103,0.013390,0.989769,0.906658
31,2.183687,0.080085,0.054836,0.025249,0.014066,1.262128,0.827408
32,2.078386,0.143319,0.117254,0.026065,0.014455,1.077110,0.843502
33,2.759405,0.948197,0.927805,0.020391,0.014871,0.939917,0.856420
34,2.174776,0.081924,0.063706,0.018219,0.015329,1.209299,0.868224
35,1.950535,0.245000,0.225675,0.019325,0.015538,0.867737,0.822260
36,2.215221,0.062033,0.044343,0.017690,0.015904,1.295876,0.841408
37,2.048350,0.375787,0.358178,0.017609,0.015974,0.828182,0.828406
38,2.140943,0.052418,0.034988,0.017430,0.016218,1.250145,0.822162
39,2.394055,0.030239,0.013253,0.016986,0.016180,1.543324,0.804312
40,1.890810,0.254762,0.239000,0.015762,0.015899,0.812553,0.807596
41,2.070530,0.585865,0.568983,0.016883,0.015775,0.669880,0.799009
42,1.754176,0.276287,0.257533,0.018753,0.015864,0.674224,0.787802
43,1.718430,0.304185,0.290340,0.013845,0.016042,0.597493,0.800710
44,2.120670,0.056259,0.040793,0.015466,0.016328,1.276864,0.771219
45,2.301101,0.025101,0.009748,0.015353,0.016328,1.477046,0.782627
46,1.888332,0.081767,0.066666,0.015100,0.016013,1.016844,0.773707
47,1.774947,0.363545,0.346496,0.017049,0.015528,0.614787,0.781087
48,1.966905,0.098115,0.082631,0.015483,0.015361,1.057769,0.795659
49,1.618471,0.132958,0.115935,0.017023,0.014985,0.697327,0.773200
50,1.594949,0.123719,0.107854,0.015865,0.014553,0.683663,0.773013
51,1.707665,0.109573,0.094697,0.014876,0.014100,0.813952,0.770039
52,1.958218,0.067106,0.052863,0.014243,0.013547,1.102005,0.775561
53,2.041420,0.072143,0.057645,0.014498,0.012894,1.183493,0.772888
54,1.917501,0.074138,0.059619,0.014519,0.012177,1.043215,0.787971
55,2.004206,0.066078,0.051366,0.014712,0.011392,1.160473,0.766262
56,1.649273,0.165849,0.149525,0.016324,0.010596,0.704371,0.768457
57,1.514847,0.117186,0.102706,0.014479,0.009973,0.620317,0.767371
58,1.545446,0.112632,0.097627,0.015006,0.009401,0.643651,0.779763
59,1.903638,0.657593,0.643554,0.014038,0.008826,0.476348,0.760872
60,1.803184,0.077869,0.063887,0.013982,0.008439,0.949697,0.767179
61,2.043125,0.780959,0.766410,0.014549,0.008026,0.470157,0.783984
62,1.574358,0.141042,0.128887,0.012155,0.007832,0.660863,0.764621
63,1.645940,0.117323,0.105047,0.012277,0.007716,0.735403,0.785498
64,2.194023,0.020560,0.007201,0.013359,0.007601,1.395855,0.770007
65,1.953837,0.052048,0.038194,0.013854,0.007383,1.125818,0.768589
66,1.669810,0.089896,0.077429,0.012467,0.007119,0.788727,0.784067
67,2.021570,0.044841,0.031211,0.013630,0.006860,1.198128,0.771741
68,1.838629,0.072826,0.058981,0.013845,0.006550,1.002599,0.756654
69,2.045500,0.032724,0.019354,0.013370,0.006228,1.239705,0.766843
70,1.990317,0.797311,0.784354,0.012958,0.005869,0.424556,0.762580
71,1.519088,0.239254,0.224977,0.014277,0.005659,0.503727,0.770449
72,2.000310,0.787739,0.773882,0.013858,0.005573,0.442537,0.764461
73,1.865391,0.050145,0.036923,0.013221,0.005672,1.039047,0.770528
74,1.947664,0.041397,0.028036,0.013362,0.005733,1.134346,0.766188
75,1.924878,0.750027,0.735710,0.014316,0.005732,0.411895,0.757223
76,1.938880,0.057341,0.044001,0.013340,0.005855,1.107675,0.768008
77,1.657136,0.425748,0.412443,0.013305,0.005948,0.454651,0.770789
78,1.576306,0.098686,0.084556,0.014130,0.006305,0.703107,0.768209
79,1.782415,0.050590,0.037322,0.013268,0.006608,0.976305,0.748912
80,1.804741,0.071387,0.058003,0.013385,0.006809,0.956290,0.770254
81,1.817417,0.078584,0.065134,0.013449,0.006964,0.959517,0.772351
82,1.979821,0.857622,0.844098,0.013524,0.007043,0.381333,0.733823
83,1.957154,0.028158,0.014784,0.013374,0.007368,1.150351,0.771277
84,1.827172,0.097761,0.084656,0.013105,0.007558,0.949382,0.772472
85,1.605453,0.309650,0.297642,0.012008,0.007662,0.497720,0.790422
86,1.639750,0.099096,0.086033,0.013063,0.007931,0.767808,0.764916
87,1.709308,0.400906,0.388625,0.012281,0.008169,0.534423,0.765810
88,1.828095,0.048253,0.035098,0.013155,0.008633,1.002718,0.768490
89,1.591784,0.262807,0.250016,0.012791,0.008950,0.555148,0.764879
90,1.710595,0.074299,0.061418,0.012881,0.009448,0.858658,0.768190
91,2.082905,0.908785,0.894884,0.013901,0.009816,0.387488,0.776815
92,1.858274,0.052049,0.038719,0.013330,0.010345,1.025817,0.770063
93,1.905245,0.038051,0.024463,0.013588,0.010690,1.097163,0.759341
94,1.851788,0.726906,0.713687,0.013219,0.010833,0.352893,0.761155
95,1.731490,0.087566,0.073435,0.014131,0.011216,0.856248,0.776460
96,1.536297,0.304426,0.291273,0.013153,0.011486,0.467225,0.753160
97,2.015989,0.856447,0.843067,0.013380,0.011932,0.384330,0.763280
98,1.837994,0.068621,0.055538,0.013083,0.012550,0.992827,0.763996
99,1.716732,0.505628,0.491783,0.013844,0.012955,0.423756,0.774393
100,1.650634,0.094637,0.080890,0.013747,0.013625,0.773725,0.768647
1,4.013474,0.066920,0.041912,0.025009,0.005911,1.576781,2.363862
2,4.724051,0.807909,0.783921,0.023988,0.004487,1.571691,2.339963
3,3.989079,0.108210,0.085217,0.022992,0.003697,1.560402,2.316770
4,3.988442,0.149883,0.129298,0.020586,0.002961,1.542285,2.293313
5,3.892207,0.076545,0.054478,0.022067,0.002327,1.542064,2.271270
6,3.978122,0.189179,0.171277,0.017902,0.001745,1.540935,2.246263
7,3.929251,0.191174,0.169159,0.022015,0.001385,1.519348,2.217344
8,3.805611,0.142221,0.119784,0.022437,0.001187,1.475857,2.186345
9,4.231205,0.583707,0.559795,0.023911,0.001098,1.486279,2.160122
10,3.713562,0.147528,0.125869,0.021659,0.001201,1.449489,2.115344
11,3.685390,0.156455,0.134666,0.021788,0.001402,1.448964,2.078570
12,3.588539,0.036162,0.016085,0.020077,0.001739,1.518208,2.032431
13,4.405172,0.952649,0.932986,0.019663,0.002064,1.454758,1.995701
14,3.431205,0.081153,0.058802,0.022351,0.002518,1.444817,1.902718
15,3.562311,0.299188,0.276064,0.023124,0.002976,1.393362,1.866785
16,3.300148,0.063437,0.040768,0.022669,0.003572,1.481892,1.751246
17,3.157076,0.079682,0.054410,0.025273,0.004106,1.443036,1.630252
18,3.503541,0.675529,0.647806,0.027723,0.004567,1.280628,1.542817
19,3.166549,0.388584,0.359757,0.028828,0.005207,1.328012,1.444746
20,2.706860,0.146074,0.107224,0.038851,0.005978,1.296428,1.258379
21,2.786804,0.420355,0.377737,0.042618,0.006739,1.220837,1.138874
22,2.537808,0.125223,0.072018,0.053205,0.007661,1.349364,1.055560
23,3.144425,0.948210,0.880669,0.067541,0.008419,1.172791,1.015005
24,2.511005,0.165214,0.083801,0.081413,0.009270,1.313739,1.022781
25,2.838092,0.651797,0.572096,0.079701,0.009995,1.121740,1.054560
26,2.510885,0.148111,0.075804,0.072307,0.010832,1.292715,1.059228
27,2.451742,0.174798,0.094479,0.080319,0.011543,1.146066,1.119335
28,2.950921,0.964393,0.914977,0.049415,0.012145,1.010337,0.964046
29,2.308906,0.096682,0.056846,0.039836,0.012864,1.288257,0.911103
30,2.286909,0.377092,0.340990,0.036103,0.013390,0.989769,0.906658
31,2.183687,0.080085,0.054836,0.025249,0.014066,1.262128,0.827408
32,2.078386,0.143319,0.117254,0.026065,0.014455,1.077109,0.843502
33,2.759405,0.948197,0.927805,0.020391,0.014871,0.939917,0.856420
34,2.174776,0.081924,0.063706,0.018219,0.015329,1.209299,0.868224
35,1.950535,0.245000,0.225675,0.019325,0.015538,0.867737,0.822260
36,2.215221,0.062033,0.044343,0.017690,0.015904,1.295876,0.841408
37,2.048350,0.375787,0.358178,0.017609,0.015974,0.828182,0.828406
38,2.140943,0.052418,0.034988,0.017430,0.016218,1.250145,0.822162
39,2.394055,0.030239,0.013253,0.016986,0.016180,1.543324,0.804312
40,1.890810,0.254762,0.239000,0.015762,0.015899,0.812553,0.807596
41,2.070530,0.585865,0.568983,0.016883,0.015775,0.669880,0.799009
42,1.754596,0.276536,0.257783,0.018752,0.015864,0.674224,0.787972
43,1.718320,0.304248,0.290395,0.013853,0.016042,0.597492,0.800537
44,2.121587,0.056396,0.040929,0.015467,0.016328,1.276865,0.771999
45,2.300310,0.025162,0.009800,0.015362,0.016327,1.477049,0.781772
46,1.889344,0.081493,0.066372,0.015120,0.016012,1.016853,0.774986
47,1.775619,0.364184,0.347169,0.017015,0.015523,0.614784,0.781128
48,1.968390,0.097972,0.082465,0.015507,0.015352,1.057774,0.797292
49,1.617693,0.132965,0.115934,0.017030,0.014972,0.697330,0.772425
50,1.595526,0.123757,0.107891,0.015866,0.014539,0.683655,0.773576
51,1.707367,0.109399,0.094551,0.014848,0.014086,0.813971,0.769911
52,1.957081,0.066882,0.052634,0.014248,0.013532,1.102010,0.774657
53,2.042754,0.072109,0.057580,0.014529,0.012878,1.183483,0.774285
54,1.918722,0.074024,0.059474,0.014549,0.012159,1.043215,0.789324
55,2.004116,0.066148,0.051431,0.014717,0.011373,1.160429,0.766167
56,1.649959,0.165818,0.149476,0.016342,0.010576,0.704377,0.769188
57,1.514769,0.117272,0.102818,0.014454,0.009952,0.620322,0.767223
58,1.546922,0.112876,0.097845,0.015031,0.009381,0.643645,0.781020
59,1.902921,0.657177,0.643139,0.014038,0.008807,0.476319,0.760619
60,1.801761,0.078180,0.064188,0.013992,0.008420,0.949654,0.765507
61,2.043506,0.782575,0.768024,0.014551,0.008006,0.470318,0.782607
62,1.573872,0.141337,0.129195,0.012141,0.007811,0.660879,0.763845
63,1.646664,0.117296,0.105027,0.012269,0.007694,0.735446,0.786229
64,2.194315,0.020582,0.007204,0.013378,0.007577,1.395693,0.770464
65,1.953341,0.052069,0.038227,0.013842,0.007356,1.125721,0.768195
66,1.669965,0.089898,0.077434,0.012464,0.007091,0.788676,0.784300
67,2.020317,0.044877,0.031266,0.013611,0.006831,1.198056,0.770553
68,1.837122,0.073181,0.059364,0.013818,0.006521,1.002538,0.754882
69,2.044893,0.032773,0.019373,0.013400,0.006199,1.239569,0.766351
70,1.992613,0.799629,0.786652,0.012976,0.005841,0.424697,0.762446
71,1.517359,0.240460,0.226272,0.014188,0.005637,0.503830,0.767432
72,1.996708,0.782912,0.769033,0.013879,0.005556,0.442650,0.765590
73,1.865517,0.050328,0.037127,0.013201,0.005659,1.039015,0.770515
74,1.947778,0.041611,0.028240,0.013371,0.005724,1.134281,0.766162
75,1.923352,0.748107,0.733782,0.014325,0.005727,0.411988,0.757530
76,1.938831,0.057340,0.043988,0.013353,0.005854,1.107554,0.768083
77,1.657519,0.425978,0.412680,0.013298,0.005950,0.454704,0.770887
78,1.577501,0.098918,0.084816,0.014102,0.006310,0.703091,0.769182
79,1.782659,0.050809,0.037561,0.013248,0.006616,0.976298,0.748936
80,1.793806,0.070757,0.057410,0.013347,0.006819,0.956278,0.759952
81,1.818064,0.078363,0.064848,0.013515,0.006976,0.959487,0.773238
82,1.979982,0.856909,0.843355,0.013553,0.007056,0.381276,0.734742
83,1.956523,0.028291,0.014844,0.013447,0.007381,1.150340,0.770512
84,1.829156,0.097824,0.084660,0.013164,0.007569,0.949366,0.774397
85,1.607188,0.309597,0.297549,0.012048,0.007670,0.497689,0.792232
86,1.639588,0.099559,0.086454,0.013105,0.007932,0.767759,0.764338
87,1.710157,0.401695,0.389303,0.012392,0.008161,0.534473,0.765829
88,1.827948,0.048323,0.035151,0.013172,0.008617,1.002711,0.768296
89,1.593191,0.261934,0.249136,0.012798,0.008927,0.555215,0.767115
90,1.710332,0.073338,0.060405,0.012933,0.009418,0.858622,0.768954
91,2.083943,0.909454,0.895482,0.013973,0.009782,0.387416,0.777289
92,1.855695,0.051652,0.038230,0.013423,0.010309,1.025787,0.767947
93,1.903537,0.037829,0.024134,0.013694,0.010653,1.097203,0.757852
94,1.856666,0.732623,0.719361,0.013262,0.010798,0.352725,0.760521
95,1.730024,0.086302,0.072182,0.014119,0.011202,0.856071,0.776449
96,1.535547,0.304702,0.291596,0.013106,0.011495,0.467221,0.752129
97,2.014029,0.853591,0.840204,0.013388,0.011960,0.384137,0.764341
98,1.840087,0.069454,0.056327,0.013127,0.012596,0.992825,0.765212
99,1.719820,0.508360,0.494361,0.013999,0.013017,0.423704,0.774739
100,1.651237,0.095150,0.081317,0.013832,0.013705,0.773697,0.768685
1,4.013474,0.066920,0.041912,0.025009,0.005911,1.576781,2.363862
2,4.724051,0.807909,0.783921,0.023988,0.004487,1.571691,2.339963
3,3.989079,0.108210,0.085217,0.022992,0.003697,1.560402,2.316770
4,3.988442,0.149883,0.129298,0.020586,0.002961,1.542285,2.293313
5,3.892207,0.076545,0.054478,0.022067,0.002327,1.542064,2.271270
6,3.978122,0.189179,0.171277,0.017902,0.001745,1.540935,2.246263
7,3.929251,0.191174,0.169159,0.022015,0.001385,1.519348,2.217344
8,3.805611,0.142221,0.119784,0.022437,0.001187,1.475857,2.186345
9,4.231205,0.583707,0.559795,0.023911,0.001098,1.486279,2.160122
10,3.713562,0.147528,0.125869,0.021659,0.001201,1.449489,2.115344
11,3.685390,0.156455,0.134666,0.021788,0.001402,1.448964,2.078570
12,3.588539,0.036162,0.016085,0.020077,0.001739,1.518208,2.032431
13,4.405172,0.952649,0.932986,0.019663,0.002064,1.454758,1.995701
14,3.431205,0.081153,0.058802,0.022351,0.002518,1.444817,1.902718
15,3.562311,0.299188,0.276064,0.023124,0.002976,1.393362,1.866785
16,3.300148,0.063437,0.040768,0.022669,0.003572,1.481892,1.751246
17,3.157076,0.079682,0.054410,0.025273,0.004106,1.443036,1.630252
18,3.503541,0.675529,0.647806,0.027723,0.004567,1.280628,1.542817
19,3.166549,0.388584,0.359757,0.028828,0.005207,1.328012,1.444746
20,2.706860,0.146074,0.107224,0.038851,0.005978,1.296428,1.258379
21,2.786804,0.420355,0.377737,0.042618,0.006739,1.220837,1.138874
22,2.537808,0.125223,0.072018,0.053205,0.007661,1.349364,1.055559
23,3.144426,0.948210,0.880669,0.067541,0.008419,1.172791,1.015005
24,2.511005,0.165214,0.083801,0.081413,0.009270,1.313739,1.022781
25,2.838091,0.651797,0.572096,0.079701,0.009995,1.121740,1.054560
26,2.510886,0.148111,0.075804,0.072307,0.010832,1.292715,1.059228
27,2.451742,0.174798,0.094479,0.080319,0.011543,1.146067,1.119335
28,2.950921,0.964393,0.914977,0.049415,0.012145,1.010337,0.964046
29,2.308906,0.096682,0.056846,0.039836,0.012864,1.288257,0.911103
30,2.286909,0.377092,0.340990,0.036103,0.013390,0.989769,0.906658
31,2.183687,0.080085,0.054836,0.025249,0.014066,1.262128,0.827408
32,2.078386,0.143319,0.117254,0.026065,0.014455,1.077109,0.843502
33,2.759405,0.948197,0.927805,0.020391,0.014871,0.939917,0.856420
34,2.174776,0.081924,0.063706,0.018219,0.015329,1.209299,0.868224
35,1.950536,0.245000,0.225675,0.019325,0.015538,0.867737,0.822261
36,2.215221,0.062033,0.044343,0.017690,0.015904,1.295876,0.841408
37,2.048350,0.375787,0.358178,0.017609,0.015974,0.828182,0.828406
38,2.140943,0.052418,0.034988,0.017430,0.016218,1.250145,0.822162
39,2.394055,0.030239,0.013253,0.016986,0.016180,1.543324,0.804312
40,1.890810,0.254762,0.239000,0.015762,0.015899,0.812552,0.807596
41,2.070338,0.586210,0.569328,0.016882,0.015775,0.669880,0.798473
42,1.754779,0.276421,0.257645,0.018777,0.015864,0.674233,0.788261
43,1.718456,0.304105,0.290253,0.013852,0.016041,0.597504,0.800805
44,2.120054,0.056448,0.040992,0.015456,0.016326,1.276858,0.770422
45,2.298968,0.025059,0.009658,0.015402,0.016326,1.477026,0.780558
46,1.890141,0.081707,0.066621,0.015086,0.016011,1.016849,0.775574
47,1.773445,0.363787,0.346808,0.016979,0.015522,0.614845,0.779291
48,1.969160,0.097747,0.082246,0.015501,0.015353,1.057775,0.798285
49,1.618337,0.132968,0.115936,0.017032,0.014974,0.697331,0.773064
50,1.595169,0.123268,0.107555,0.015714,0.014539,0.683661,0.773701
51,1.706167,0.109383,0.094558,0.014825,0.014084,0.813990,0.768709
52,1.957323,0.066972,0.052723,0.014249,0.013531,1.102001,0.774819
53,2.041477,0.071918,0.057440,0.014478,0.012878,1.183410,0.773271
54,1.916737,0.074160,0.059646,0.014513,0.012161,1.043211,0.787206
55,2.004036,0.066230,0.051525,0.014706,0.011377,1.160431,0.765998
56,1.649705,0.165992,0.149669,0.016323,0.010581,0.704408,0.768725
57,1.515606,0.117345,0.102912,0.014433,0.009958,0.620318,0.767984
58,1.542979,0.112463,0.097475,0.014988,0.009388,0.643648,0.777480
59,1.902215,0.657456,0.643445,0.014011,0.008818,0.476457,0.759484
60,1.803306,0.078212,0.064232,0.013979,0.008438,0.949696,0.766960
61,2.043179,0.781097,0.766527,0.014571,0.008031,0.470154,0.783896
62,1.574451,0.141117,0.128943,0.012174,0.007842,0.660886,0.764607
63,1.646273,0.117356,0.105089,0.012267,0.007728,0.735439,0.785750
64,2.195632,0.020663,0.007307,0.013355,0.007614,1.395815,0.771540
65,1.952008,0.052113,0.038303,0.013811,0.007397,1.125824,0.766674
66,1.669624,0.089814,0.077345,0.012470,0.007134,0.788680,0.783995
67,2.018939,0.044761,0.031200,0.013561,0.006874,1.198121,0.769184
68,1.836926,0.073002,0.059212,0.013791,0.006564,1.002610,0.754750
69,2.044333,0.032624,0.019237,0.013387,0.006242,1.239682,0.765785
70,1.990243,0.798130,0.785162,0.012968,0.005882,0.424653,0.761578
71,1.519436,0.239343,0.225066,0.014277,0.005674,0.503773,0.770647
72,1.997805,0.785212,0.771375,0.013837,0.005589,0.442699,0.764305
73,1.864306,0.049958,0.036720,0.013238,0.005686,1.039047,0.769616
74,1.947804,0.040834,0.027475,0.013359,0.005744,1.134309,0.766918
75,1.923931,0.748530,0.734226,0.014303,0.005740,0.411926,0.757736
76,1.937683,0.057254,0.043909,0.013345,0.005858,1.107543,0.767027
77,1.655621,0.424431,0.411115,0.013316,0.005947,0.454765,0.770478
78,1.577526,0.098434,0.084302,0.014132,0.006300,0.703103,0.769690
79,1.783960,0.051015,0.037739,0.013276,0.006597,0.976174,0.750174
80,1.794205,0.070886,0.057513,0.013373,0.006793,0.956339,0.760187
81,1.818337,0.078904,0.065365,0.013540,0.006943,0.959552,0.772937
82,1.982071,0.857893,0.844346,0.013547,0.007016,0.381335,0.735825
83,1.959285,0.028287,0.014814,0.013473,0.007328,1.150360,0.773310
84,1.829536,0.097881,0.084717,0.013165,0.007506,0.949404,0.774745
85,1.610808,0.311914,0.299829,0.012086,0.007599,0.497733,0.793562
86,1.640962,0.099686,0.086497,0.013189,0.007852,0.767740,0.765685
87,1.708493,0.400223,0.387814,0.012409,0.008075,0.534461,0.765734
88,1.829984,0.048648,0.035439,0.013209,0.008519,1.002729,0.770088
89,1.594076,0.263734,0.250916,0.012818,0.008820,0.555154,0.766369
90,1.711762,0.074465,0.061523,0.012942,0.009302,0.858682,0.769313
91,2.082125,0.908048,0.894062,0.013986,0.009659,0.387414,0.777004
92,1.857028,0.051590,0.038126,0.013464,0.010180,1.025782,0.769476
93,1.913379,0.038056,0.024338,0.013718,0.010523,1.097199,0.767601
94,1.851274,0.727532,0.714254,0.013278,0.010667,0.352961,0.760114
95,1.729338,0.086362,0.072216,0.014146,0.011057,0.856075,0.775844
96,1.554955,0.304234,0.291096,0.013138,0.011338,0.467184,0.772199
97,2.008476,0.851867,0.838431,0.013436,0.011791,0.384120,0.760697
98,1.838846,0.069951,0.056771,0.013180,0.012417,0.992799,0.763680
99,1.715128,0.509287,0.495501,0.013787,0.012833,0.421792,0.771216
100,1.652490,0.096613,0.082832,0.013781,0.013521,0.773623,0.768733
1,4.013474,0.066920,0.041912,0.025009,0.005911,1.576781,2.363862
2,4.724051,0.807909,0.783921,0.023988,0.004487,1.571691,2.339963
3,3.989079,0.108210,0.085217,0.022992,0.003697,1.560402,2.316770
4,3.988442,0.149883,0.129298,0.020586,0.002961,1.542285,2.293313
5,3.892207,0.076545,0.054478,0.022067,0.002327,1.542064,2.271270
6,3.978122,0.189179,0.171277,0.017902,0.001745,1.540935,2.246263
7,3.929251,0.191174,0.169159,0.022015,0.001385,1.519348,2.217344
8,3.805611,0.142221,0.119784,0.022437,0.001187,1.475857,2.186345
9,4.231205,0.583707,0.559795,0.023911,0.001098,1.486279,2.160122
10,3.713562,0.147528,0.125869,0.021659,0.001201,1.449489,2.115344
11,3.685391,0.156455,0.134666,0.021788,0.001402,1.448964,2.078570
12,3.588539,0.036162,0.016085,0.020077,0.001739,1.518208,2.032431
13,4.405172,0.952649,0.932986,0.019663,0.002064,1.454758,1.995701
14,3.431205,0.081153,0.058802,0.022351,0.002518,1.444817,1.902718
15,3.562311,0.299188,0.276064,0.023124,0.002976,1.393362,1.866785
16,3.300347,0.063471,0.040781,0.022690,0.003572,1.481892,1.751411
17,3.157737,0.079766,0.054441,0.025324,0.004106,1.443036,1.630829
18,3.503796,0.675576,0.647817,0.027760,0.004567,1.280626,1.543026
19,3.165988,0.388439,0.359786,0.028653,0.005207,1.328011,1.444332
20,2.704152,0.146254,0.107310,0.038944,0.005978,1.296426,1.255493
21,2.785742,0.420219,0.377507,0.042712,0.006739,1.220835,1.137949
22,2.538820,0.125022,0.072113,0.052909,0.007661,1.349358,1.056780
23,3.144127,0.948778,0.880959,0.067819,0.008419,1.172805,1.014125
24,2.508032,0.164360,0.083758,0.080602,0.009270,1.313731,1.020672
25,2.841056,0.651022,0.572254,0.078769,0.009991,1.121746,1.058296
26,2.511835,0.149346,0.075564,0.073781,0.010824,1.292668,1.058998
27,2.441026,0.172773,0.094673,0.078100,0.011531,1.146039,1.110683
28,2.951888,0.964032,0.914753,0.049279,0.012132,1.010313,0.965411
29,2.315509,0.096600,0.056643,0.039956,0.012850,1.293803,0.912258
30,2.287405,0.375684,0.340352,0.035332,0.013373,0.989918,0.908430
31,2.183026,0.080165,0.054828,0.025338,0.014044,1.262185,0.826631
32,2.076537,0.143050,0.117050,0.026000,0.014429,1.077132,0.841925
33,2.762231,0.948320,0.927821,0.020499,0.014843,0.940101,0.858967
34,2.179448,0.082048,0.063745,0.018303,0.015297,1.209451,0.872652
35,1.951864,0.244244,0.225188,0.019056,0.015507,0.867597,0.824515
36,2.215294,0.061871,0.044239,0.017632,0.015872,1.295737,0.841814
37,2.049515,0.375850,0.358244,0.017606,0.015942,0.828475,0.829248
38,2.142619,0.052060,0.034689,0.017371,0.016185,1.250067,0.824306
39,2.396153,0.030315,0.013284,0.017032,0.016147,1.543050,0.806641
40,1.891238,0.254777,0.239014,0.015762,0.015864,0.812710,0.807887
41,2.072233,0.586341,0.569470,0.016871,0.015740,0.670068,0.800084
42,1.755738,0.276025,0.257331,0.018694,0.015829,0.674281,0.789603
43,1.717957,0.304357,0.290527,0.013830,0.016008,0.597618,0.799974
44,2.119977,0.056207,0.040759,0.015447,0.016297,1.276562,0.770912
45,2.299083,0.025131,0.009757,0.015374,0.016300,1.476509,0.781143
46,1.889511,0.081304,0.066206,0.015098,0.015989,1.016783,0.775435
47,1.773460,0.363896,0.346929,0.016967,0.015503,0.614640,0.779421
48,1.968969,0.098132,0.082656,0.015476,0.015335,1.057733,0.797769
49,1.618831,0.132915,0.115901,0.017014,0.014959,0.697265,0.773691
50,1.596096,0.123777,0.108004,0.015773,0.014527,0.683502,0.774290
51,1.708466,0.109802,0.094944,0.014858,0.014075,0.814019,0.770570
52,1.957995,0.066933,0.052659,0.014274,0.013523,1.101800,0.775739
53,2.042313,0.072113,0.057583,0.014531,0.012872,1.183110,0.774218
54,1.917375,0.074156,0.059650,0.014506,0.012155,1.043107,0.787957
55,2.005136,0.066160,0.051454,0.014706,0.011372,1.160291,0.767313
56,1.650368,0.165934,0.149597,0.016337,0.010577,0.704196,0.769661
57,1.514425,0.117199,0.102735,0.014464,0.009955,0.620394,0.766877
58,1.546072,0.112474,0.097446,0.015028,0.009385,0.643684,0.780528
59,1.902900,0.657299,0.643239,0.014060,0.008812,0.475958,0.760831
60,1.800224,0.078009,0.064017,0.013993,0.008426,0.949589,0.764199
61,2.043516,0.782064,0.767516,0.014547,0.008013,0.470209,0.783231
62,1.575404,0.141481,0.129341,0.012139,0.007819,0.660819,0.765285
63,1.643982,0.117168,0.104905,0.012263,0.007702,0.735251,0.783861
64,2.193304,0.020484,0.007101,0.013383,0.007587,1.395787,0.769446
65,1.953280,0.052058,0.038184,0.013875,0.007369,1.125790,0.768062
66,1.670091,0.089956,0.077539,0.012418,0.007106,0.788760,0.784268
67,2.018236,0.044628,0.031066,0.013562,0.006847,1.198020,0.768741
68,1.837874,0.073079,0.059254,0.013825,0.006538,1.002535,0.755723
69,2.044387,0.032877,0.019492,0.013385,0.006217,1.239592,0.765701
70,1.992293,0.798716,0.785764,0.012953,0.005859,0.424507,0.763211
71,1.517205,0.239930,0.225705,0.014224,0.005654,0.503760,0.767861
72,1.994099,0.781103,0.767256,0.013847,0.005573,0.442505,0.764918
73,1.864771,0.050444,0.037209,0.013235,0.005676,1.039015,0.769636
74,1.947114,0.041520,0.028175,0.013345,0.005740,1.134280,0.765573
75,1.923965,0.748432,0.734115,0.014317,0.005743,0.412088,0.757702
76,1.938043,0.057596,0.044259,0.013337,0.005869,1.107622,0.766955
77,1.657842,0.426725,0.413444,0.013281,0.005965,0.454676,0.770476
78,1.576781,0.099066,0.084926,0.014140,0.006325,0.703022,0.768368
79,1.783191,0.050683,0.037453,0.013230,0.006631,0.976080,0.749796
80,1.793547,0.070740,0.057385,0.013356,0.006834,0.956244,0.759729
81,1.817562,0.078070,0.064573,0.013497,0.006991,0.959493,0.773007
82,1.981455,0.857851,0.844290,0.013561,0.007070,0.381143,0.735391
83,1.958422,0.028278,0.014840,0.013438,0.007396,1.150296,0.772452
84,1.829388,0.097315,0.084143,0.013172,0.007585,0.949373,0.775115
85,1.594472,0.308990,0.296668,0.012322,0.007687,0.497633,0.780162
86,1.641188,0.099801,0.086731,0.013070,0.007952,0.767706,0.765728
87,1.709378,0.401177,0.389010,0.012167,0.008185,0.534473,0.765543
88,1.829015,0.047943,0.034739,0.013204,0.008643,1.002726,0.769703
89,1.593593,0.259513,0.246624,0.012889,0.008954,0.557914,0.767211
90,1.722854,0.076393,0.063466,0.012927,0.009449,0.867686,0.769326
91,2.083136,0.909091,0.895135,0.013957,0.009814,0.387474,0.776757
92,1.856901,0.051610,0.038239,0.013370,0.010341,1.025782,0.769169
93,1.905538,0.038061,0.024410,0.013650,0.010685,1.097235,0.759557
94,1.853334,0.728640,0.715450,0.013191,0.010829,0.352881,0.760984
95,1.731329,0.086394,0.072308,0.014087,0.011215,0.856229,0.777490
96,1.536290,0.303396,0.290185,0.013211,0.011489,0.467373,0.754032
97,2.015721,0.855439,0.842084,0.013355,0.011932,0.384159,0.764191
98,1.839067,0.069562,0.056471,0.013091,0.012544,0.992803,0.764158
99,1.718189,0.508168,0.494255,0.013914,0.012943,0.423745,0.773332
100,1.651270,0.095659,0.081872,0.013787,0.013608,0.773641,0.768362
1,3.902755,0.056415,0.031535,0.024880,0.013951,1.607752,2.224637
2,4.627873,0.783412,0.759627,0.023785,0.011918,1.629184,2.203360
3,3.885683,0.094943,0.071964,0.022978,0.010982,1.597671,2.182088
4,3.899976,0.141431,0.120248,0.021183,0.010006,1.587069,2.161471
5,3.780063,0.063054,0.041201,0.021853,0.009126,1.568139,2.139744
6,3.859805,0.181961,0.163202,0.018760,0.008306,1.549868,2.119670
7,3.796668,0.164663,0.143775,0.020888,0.007672,1.532489,2.091844
8,3.716119,0.127124,0.105771,0.021352,0.007333,1.516955,2.064708
9,4.069921,0.544104,0.520991,0.023112,0.007146,1.478561,2.040110
10,3.608215,0.132749,0.112977,0.019773,0.007341,1.465732,2.002393
11,3.542313,0.142351,0.123048,0.019303,0.007663,1.425274,1.967025
12,3.522139,0.032007,0.014256,0.017751,0.008113,1.546545,1.935474
13,4.169750,0.936363,0.919312,0.017051,0.008465,1.339765,1.885157
14,3.332001,0.073258,0.055056,0.018202,0.009011,1.429729,1.820004
15,3.341324,0.276421,0.257786,0.018635,0.009502,1.269281,1.786120
16,3.219021,0.055507,0.038924,0.016583,0.010180,1.465468,1.687866
17,3.139647,0.067300,0.050456,0.016843,0.010680,1.471686,1.589982
18,3.173381,0.640323,0.622203,0.018120,0.010984,1.016931,1.505143
19,2.839995,0.361592,0.345076,0.016516,0.011508,1.017689,1.449206
20,2.495887,0.123615,0.103135,0.020480,0.012203,1.066394,1.293676
21,2.307640,0.386138,0.363070,0.023068,0.012821,0.759298,1.149383
22,2.660684,0.096128,0.069690,0.026439,0.013600,1.510990,1.039966
23,2.359645,0.902690,0.868843,0.033847,0.014162,0.488513,0.954280
24,2.540684,0.119766,0.080720,0.039046,0.014834,1.521118,0.884966
25,2.031819,0.598796,0.559284,0.039513,0.015326,0.517848,0.899848
26,3.051500,0.121078,0.076289,0.044789,0.016170,1.988323,0.925928
27,2.120193,0.142986,0.093624,0.049362,0.016866,0.993747,0.966594
28,2.189334,0.950134,0.908092,0.042042,0.017373,0.285278,0.936549
29,3.269079,0.090701,0.058901,0.031800,0.017983,2.280082,0.880313
30,1.928473,0.386582,0.354720,0.031863,0.018457,0.628933,0.894500
31,2.402186,0.078321,0.056043,0.022278,0.019031,1.478982,0.825852
32,1.838686,0.134902,0.110265,0.024637,0.019435,0.830638,0.853711
33,2.170711,0.942815,0.922321,0.020494,0.019674,0.379161,0.829061
34,2.037256,0.079460,0.062713,0.016746,0.019894,1.094121,0.843782
35,1.713847,0.238450,0.221529,0.016921,0.019818,0.657507,0.798072
36,2.107444,0.062556,0.046813,0.015744,0.019851,1.207795,0.817242
37,1.880522,0.373092,0.358245,0.014847,0.019680,0.678986,0.808764
38,2.349064,0.051453,0.036125,0.015328,0.019718,1.459486,0.818408
39,2.347157,0.028860,0.013384,0.015476,0.019624,1.484641,0.814032
40,1.827778,0.243402,0.228776,0.014626,0.019432,0.738785,0.826158
41,2.055506,0.581299,0.564232,0.017066,0.019319,0.644419,0.810469
42,1.832395,0.271034,0.251216,0.019817,0.019299,0.722634,0.819428
43,1.837795,0.290498,0.276712,0.013786,0.019313,0.710084,0.817900
44,2.148729,0.059842,0.043188,0.016654,0.019366,1.250094,0.819427
45,2.351775,0.029502,0.012817,0.016685,0.019239,1.479023,0.824010
46,1.856542,0.084507,0.068491,0.016016,0.019011,0.949907,0.803116
47,1.878787,0.362196,0.344133,0.018063,0.018418,0.708510,0.789664
48,1.993293,0.100020,0.083873,0.016146,0.018016,1.047431,0.827826
49,1.729325,0.130044,0.115494,0.014550,0.017274,0.800321,0.781686
50,1.676310,0.131434,0.118807,0.012627,0.016520,0.747618,0.780738
51,1.749297,0.113201,0.099981,0.013220,0.015805,0.835776,0.784515
52,2.125085,0.070176,0.055977,0.014200,0.014956,1.258605,0.781349
53,2.131090,0.071887,0.057783,0.014104,0.014154,1.263177,0.781871
54,2.137659,0.079078,0.064715,0.014363,0.013407,1.247074,0.798100
55,2.222766,0.071393,0.056497,0.014896,0.012705,1.359361,0.779307
56,1.761698,0.162033,0.145463,0.016570,0.012066,0.795418,0.792181
57,1.574206,0.125644,0.110552,0.015092,0.011544,0.651423,0.785595
58,1.626444,0.116089,0.099530,0.016559,0.011070,0.709404,0.789881
59,1.991814,0.658676,0.643283,0.015393,0.010597,0.549448,0.773092
60,1.869169,0.079904,0.065143,0.014761,0.010223,1.007799,0.771244
61,2.056551,0.776094,0.760624,0.015470,0.009795,0.478831,0.791831
62,1.642887,0.145192,0.133085,0.012108,0.009470,0.723983,0.764242
63,1.683158,0.122621,0.110651,0.011970,0.009199,0.755848,0.795489
64,2.795085,0.021427,0.008365,0.013062,0.008875,1.984391,0.780392
65,2.350180,0.052738,0.039129,0.013610,0.008567,1.518288,0.770586
66,1.756207,0.092180,0.079625,0.012555,0.008272,0.866319,0.789435
67,2.264881,0.044908,0.031148,0.013760,0.007951,1.426648,0.785374
68,1.904924,0.076375,0.062025,0.014350,0.007640,1.045610,0.775299
69,2.354297,0.035006,0.020482,0.014524,0.007322,1.526774,0.785195
70,2.106534,0.798174,0.783258,0.014917,0.007019,0.528916,0.772424
71,1.634130,0.246040,0.228983,0.017057,0.006783,0.605241,0.776066
72,2.137921,0.779686,0.763940,0.015746,0.006610,0.584042,0.767583
73,1.864078,0.054613,0.040108,0.014505,0.006511,1.011111,0.791843
74,1.938071,0.048292,0.034084,0.014209,0.006364,1.112167,0.771248
75,2.087975,0.750363,0.736369,0.013994,0.006192,0.571146,0.760275
76,1.872155,0.063669,0.049699,0.013969,0.006066,1.029500,0.772921
77,1.842139,0.434806,0.421354,0.013452,0.005910,0.620649,0.780773
78,1.625670,0.100638,0.086677,0.013962,0.005841,0.765013,0.754178
79,1.745858,0.054696,0.041220,0.013475,0.005758,0.930570,0.754835
80,1.757544,0.071670,0.058673,0.012996,0.005585,0.921768,0.758522
81,1.794735,0.079553,0.066542,0.013012,0.005408,0.935051,0.774723
82,2.168392,0.875575,0.861127,0.014447,0.005195,0.533198,0.754423
83,2.030036,0.028888,0.015939,0.012949,0.005074,1.221364,0.774709
84,1.830443,0.101400,0.088227,0.013173,0.004939,0.947796,0.776308
85,1.713503,0.331118,0.317282,0.013836,0.004779,0.573714,0.803893
86,1.671203,0.105783,0.092166,0.013617,0.004688,0.789700,0.771032
87,1.790102,0.414757,0.401599,0.013158,0.004636,0.597774,0.772936
88,1.956758,0.050344,0.036775,0.013570,0.004694,1.130570,0.771150
89,1.627267,0.274793,0.261199,0.013594,0.004726,0.582858,0.764890
90,1.732654,0.080433,0.067257,0.013176,0.004865,0.878213,0.769142
91,2.136526,0.927597,0.913474,0.014123,0.004974,0.434396,0.769559
92,2.059340,0.053136,0.039516,0.013621,0.005154,1.225542,0.775507
93,2.101275,0.040152,0.026056,0.014096,0.005306,1.273215,0.782601
94,1.917027,0.744052,0.730596,0.013456,0.005424,0.397137,0.770414
95,1.854924,0.096230,0.082124,0.014105,0.005634,0.973121,0.779938
96,1.608526,0.323486,0.310759,0.012727,0.005819,0.518831,0.760391
97,2.066639,0.880985,0.867140,0.013845,0.006128,0.416048,0.763477
98,2.062670,0.072623,0.058980,0.013643,0.006539,1.209137,0.774370
99,1.746973,0.541332,0.527506,0.013826,0.006908,0.421848,0.776885
100,1.733044,0.099111,0.085442,0.013670,0.007485,0.858706,0.767742
1,3.902755,0.056415,0.031535,0.024880,0.013951,1.607752,2.224637
2,4.627873,0.783412,0.759627,0.023785,0.011918,1.629184,2.203360
3,3.885683,0.094943,0.071964,0.022978,0.010982,1.597671,2.182088
4,3.899976,0.141431,0.120248,0.021183,0.010006,1.587069,2.161471
5,3.780063,0.063054,0.041201,0.021853,0.009126,1.568139,2.139744
6,3.859805,0.181961,0.163202,0.018760,0.008306,1.549868,2.119670
7,3.796668,0.164663,0.143775,0.020888,0.007672,1.532489,2.091844
8,3.716119,0.127124,0.105771,0.021352,0.007333,1.516955,2.064708
9,4.069921,0.544104,0.520991,0.023112,0.007146,1.478561,2.040110
10,3.608215,0.132749,0.112977,0.019773,0.007341,1.465732,2.002393
11,3.542313,0.142351,0.123048,0.019303,0.007663,1.425274,1.967025
12,3.522139,0.032007,0.014256,0.017751,0.008113,1.546545,1.935474
13,4.169750,0.936363,0.919312,0.017051,0.008465,1.339765,1.885157
14,3.332001,0.073258,0.055056,0.018202,0.009011,1.429729,1.820004
15,3.341324,0.276421,0.257786,0.018635,0.009502,1.269281,1.786120
16,3.219021,0.055508,0.038924,0.016583,0.010180,1.465468,1.687866
17,3.139647,0.067300,0.050456,0.016843,0.010680,1.471686,1.589982
18,3.173381,0.640323,0.622203,0.018120,0.010984,1.016931,1.505143
19,2.841055,0.361564,0.345052,0.016512,0.011508,1.018319,1.449663
20,2.479421,0.123640,0.103124,0.020516,0.012203,1.052529,1.291049
21,2.296179,0.385852,0.363018,0.022834,0.012824,0.747334,1.150170
22,2.655476,0.096944,0.069751,0.027193,0.013607,1.529127,1.015799
23,2.361423,0.902508,0.869045,0.033463,0.014178,0.491882,0.952855
24,2.530616,0.119318,0.080431,0.038887,0.014860,1.513265,0.883173
25,2.013772,0.599109,0.558877,0.040232,0.015363,0.502472,0.896827
26,2.846253,0.122487,0.076718,0.045768,0.016213,1.769560,0.937993
27,2.222206,0.143929,0.094034,0.049895,0.016906,1.102602,0.958769
28,2.179268,0.950256,0.908227,0.042028,0.017415,0.269972,0.941625
29,3.441268,0.090326,0.058769,0.031557,0.018026,2.455417,0.877499
30,2.022437,0.387950,0.355629,0.032321,0.018507,0.717354,0.898627
31,2.599701,0.078404,0.056088,0.022316,0.019061,1.674566,0.827670
32,1.856020,0.134835,0.109968,0.024867,0.019464,0.850866,0.850856
33,2.170059,0.942539,0.921620,0.020919,0.019708,0.368205,0.839606
34,2.094875,0.079792,0.062782,0.017009,0.019925,1.152512,0.842646
35,1.722181,0.236701,0.219613,0.017088,0.019877,0.666588,0.799016
36,2.160141,0.062818,0.046956,0.015862,0.019935,1.263159,0.814228
37,1.896019,0.374398,0.359381,0.015017,0.019814,0.693027,0.808780
38,2.260785,0.051579,0.036178,0.015401,0.019902,1.370358,0.818946
39,2.348302,0.028971,0.013523,0.015448,0.019825,1.485653,0.813854
40,1.835375,0.242766,0.228239,0.014526,0.019642,0.747193,0.825774
41,2.061188,0.580158,0.563277,0.016882,0.019535,0.650024,0.811471
42,1.823852,0.270610,0.251045,0.019565,0.019516,0.715403,0.818323
43,1.861999,0.289997,0.276338,0.013658,0.019527,0.733307,0.819168
44,2.134650,0.059833,0.043323,0.016510,0.019576,1.231416,0.823824
45,2.334921,0.029679,0.013130,0.016549,0.019421,1.461448,0.824373
46,1.865485,0.084660,0.068796,0.015864,0.019161,0.957023,0.804639
47,1.884489,0.362559,0.344568,0.017990,0.018565,0.712310,0.791055
48,2.003772,0.099971,0.083860,0.016112,0.018153,1.056217,0.829431
49,1.749074,0.131939,0.117327,0.014612,0.017394,0.806101,0.793641
50,1.693226,0.129818,0.117098,0.012720,0.016634,0.765779,0.780994
51,1.735846,0.112345,0.099096,0.013249,0.015912,0.824012,0.783577
52,2.114314,0.069551,0.055343,0.014208,0.015084,1.246929,0.782749
53,2.144004,0.071736,0.057667,0.014069,0.014294,1.277043,0.780932
54,2.158345,0.078158,0.063945,0.014213,0.013553,1.267712,0.798922
55,2.212631,0.070564,0.055865,0.014699,0.012856,1.352784,0.776427
56,1.771209,0.161314,0.145049,0.016265,0.012217,0.804640,0.793037
57,1.612032,0.124177,0.109438,0.014739,0.011695,0.688084,0.788077
58,1.632326,0.115042,0.098726,0.016315,0.011217,0.717645,0.788423
59,1.993994,0.658023,0.642890,0.015133,0.010734,0.551772,0.773464
60,1.877712,0.079492,0.064818,0.014674,0.010354,1.017331,0.770535
61,2.072712,0.774716,0.759394,0.015322,0.009922,0.494786,0.793288
62,1.650627,0.144283,0.132357,0.011926,0.009597,0.731512,0.765236
63,1.679408,0.122265,0.110360,0.011905,0.009328,0.751528,0.796287
64,2.795513,0.021403,0.008366,0.013037,0.009004,1.984653,0.780453
65,2.385561,0.052491,0.038820,0.013671,0.008694,1.552088,0.772287
66,1.778957,0.092129,0.079385,0.012744,0.008397,0.889472,0.788959
67,2.268940,0.044847,0.030945,0.013902,0.008081,1.431267,0.784745
68,1.911341,0.076571,0.061955,0.014616,0.007772,1.046522,0.780476
69,2.328511,0.034925,0.020395,0.014530,0.007455,1.502096,0.784035
70,2.104898,0.797798,0.782854,0.014943,0.007150,0.526492,0.773460
71,1.635123,0.245859,0.228813,0.017046,0.006913,0.603872,0.778478
72,2.138031,0.778815,0.763123,0.015692,0.006741,0.582549,0.769926
73,1.869485,0.054608,0.040122,0.014486,0.006645,1.014651,0.793581
74,1.943020,0.048542,0.034323,0.014219,0.006500,1.116320,0.771658
75,2.084678,0.750475,0.736534,0.013941,0.006327,0.568406,0.759470
76,1.875513,0.063604,0.049621,0.013983,0.006202,1.031713,0.773994
77,1.836742,0.434148,0.420851,0.013298,0.006046,0.617058,0.779490
78,1.619728,0.100589,0.086644,0.013945,0.005979,0.758267,0.754892
79,1.737074,0.054806,0.041331,0.013475,0.005897,0.922491,0.753881
80,1.770012,0.071849,0.058772,0.013077,0.005719,0.921629,0.770815
81,1.787647,0.079705,0.066655,0.013050,0.005535,0.928012,0.774395
82,2.157329,0.874166,0.859806,0.014360,0.005312,0.526260,0.751591
83,2.020033,0.028981,0.016014,0.012967,0.005185,1.209730,0.776138
84,1.813629,0.101604,0.088393,0.013210,0.005042,0.932452,0.774532
85,1.699147,0.330449,0.316362,0.014087,0.004873,0.579018,0.784807
86,1.664611,0.105854,0.092305,0.013549,0.004779,0.783891,0.770087
87,1.777987,0.414878,0.402021,0.012857,0.004724,0.587386,0.770999
88,1.948392,0.051264,0.037741,0.013523,0.004783,1.122691,0.769654
89,1.624404,0.274881,0.261384,0.013496,0.004817,0.580631,0.764075
90,1.735458,0.080619,0.067542,0.013077,0.004966,0.880630,0.769243
91,2.140465,0.927420,0.913373,0.014047,0.005085,0.438515,0.769445
92,2.050786,0.052921,0.039350,0.013571,0.005282,1.217658,0.774926
93,2.132374,0.040126,0.026082,0.014044,0.005449,1.306738,0.780062
94,1.920884,0.745014,0.731619,0.013395,0.005580,0.400803,0.769487
95,1.858383,0.096390,0.082320,0.014070,0.005813,0.977236,0.778944
96,1.603845,0.323764,0.311043,0.012721,0.006017,0.516015,0.758050
97,2.063757,0.882258,0.868430,0.013828,0.006357,0.412150,0.762992
98,2.053524,0.072681,0.059063,0.013618,0.006806,1.201404,0.772634
99,1.742822,0.538735,0.525067,0.013668,0.007208,0.419380,0.777499
100,1.755658,0.098820,0.085219,0.013601,0.007829,0.881630,0.767379
1,3.902755,0.056415,0.031535,0.024880,0.013951,1.607752,2.224637
2,4.627873,0.783412,0.759627,0.023785,0.011918,1.629184,2.203360
3,3.885683,0.094943,0.071964,0.022978,0.010982,1.597671,2.182088
4,3.899976,0.141431,0.120248,0.021183,0.010006,1.587069,2.161471
5,3.780063,0.063054,0.041201,0.021853,0.009126,1.568139,2.139744
6,3.859805,0.181961,0.163202,0.018760,0.008306,1.549868,2.119670
7,3.796668,0.164663,0.143775,0.020888,0.007672,1.532489,2.091844
8,3.716119,0.127124,0.105771,0.021352,0.007333,1.516955,2.064708
9,4.069921,0.544104,0.520991,0.023112,0.007146,1.478561,2.040110
10,3.608215,0.132749,0.112977,0.019773,0.007341,1.465732,2.002393
11,3.542313,0.142351,0.123048,0.019303,0.007663,1.425274,1.967025
12,3.522139,0.032007,0.014256,0.017751,0.008113,1.546545,1.935474
13,4.169750,0.936363,0.919312,0.017051,0.008465,1.339765,1.885157
14,3.332001,0.073258,0.055056,0.018202,0.009011,1.429729,1.820004
15,3.341324,0.276421,0.257786,0.018635,0.009502,1.269281,1.786120
16,3.219021,0.055508,0.038924,0.016583,0.010180,1.465468,1.687866
17,3.139647,0.067300,0.050456,0.016843,0.010680,1.471686,1.589982
18,3.170292,0.640317,0.622195,0.018121,0.010984,1.014147,1.504845
19,2.840223,0.361598,0.345082,0.016517,0.011507,1.017757,1.449360
20,2.477746,0.123355,0.103019,0.020336,0.012202,1.052154,1.290035
21,2.305029,0.385988,0.362979,0.023009,0.012823,0.757294,1.148924
22,2.662248,0.096363,0.069856,0.026507,0.013607,1.509935,1.042343
23,2.359144,0.902498,0.868948,0.033550,0.014172,0.492541,0.949933
24,2.639130,0.119717,0.080510,0.039208,0.014848,1.616163,0.888402
25,2.053515,0.599063,0.559012,0.040051,0.015353,0.537068,0.902031
26,2.805820,0.120293,0.076225,0.044068,0.016209,1.749937,0.919382
27,2.477715,0.143444,0.093925,0.049518,0.016901,1.355853,0.961518
28,2.351262,0.950575,0.908499,0.042076,0.017424,0.445443,0.937820
29,3.134500,0.089965,0.058536,0.031429,0.018045,2.153341,0.873150
30,1.924152,0.386597,0.354938,0.031659,0.018527,0.626041,0.892986
31,2.351537,0.077787,0.056062,0.021725,0.019127,1.430893,0.823731
32,1.882994,0.134181,0.109941,0.024240,0.019546,0.875736,0.853531
33,2.183638,0.942046,0.921900,0.020145,0.019807,0.389864,0.831921
34,2.060365,0.079257,0.062728,0.016529,0.020043,1.124241,0.836825
35,1.711855,0.237655,0.220495,0.017160,0.019971,0.651565,0.802664
36,2.044263,0.062656,0.046823,0.015833,0.019984,1.143282,0.818341
37,1.886985,0.374783,0.359772,0.015011,0.019741,0.682289,0.810172
38,2.227742,0.051545,0.036075,0.015471,0.019682,1.335292,0.821222
39,2.290585,0.029090,0.013559,0.015531,0.019465,1.427699,0.814330
40,1.853115,0.243444,0.228871,0.014573,0.019158,0.764466,0.826047
41,2.099547,0.580874,0.563986,0.016888,0.018940,0.688816,0.810918
42,1.853395,0.271380,0.251837,0.019542,0.018821,0.744565,0.818630
43,1.892922,0.291125,0.277445,0.013680,0.018743,0.762013,0.821040
44,2.132336,0.059924,0.043412,0.016511,0.018712,1.231773,0.821927
45,2.267423,0.029837,0.013316,0.016520,0.018502,1.394706,0.824378
46,1.866468,0.084941,0.069150,0.015791,0.018190,0.959979,0.803358
47,1.912174,0.364203,0.346358,0.017845,0.017609,0.738291,0.792072
48,1.998706,0.099825,0.083793,0.016032,0.017207,1.051498,0.830176
49,1.737846,0.130288,0.115724,0.014564,0.016495,0.808754,0.782309
50,1.700898,0.131065,0.118435,0.012631,0.015799,0.770655,0.783379
51,1.737133,0.113709,0.100414,0.013295,0.015144,0.828016,0.780264
52,2.089258,0.070730,0.056518,0.014212,0.014408,1.222693,0.781427
53,2.195029,0.071573,0.057554,0.014020,0.013695,1.331120,0.778640
54,2.125905,0.078179,0.064015,0.014164,0.013031,1.253602,0.781092
55,2.185474,0.070313,0.055788,0.014525,0.012399,1.323351,0.779412
56,1.743875,0.161645,0.145671,0.015974,0.011814,0.780236,0.790180
57,1.599902,0.125172,0.110627,0.014545,0.011336,0.674027,0.789367
58,1.631227,0.115982,0.099783,0.016200,0.010897,0.712837,0.791510
59,1.995727,0.658848,0.643969,0.014879,0.010447,0.552947,0.773485
60,1.884421,0.079435,0.064855,0.014580,0.010096,1.022292,0.772597
61,2.062008,0.774830,0.759630,0.015200,0.009700,0.484057,0.793421
62,1.666614,0.144750,0.132731,0.012019,0.009407,0.747352,0.765105
63,1.651689,0.121349,0.109161,0.012189,0.009167,0.743375,0.777798
64,2.766843,0.021680,0.008697,0.012983,0.008865,1.958172,0.778126
65,2.405144,0.053153,0.039519,0.013634,0.008574,1.571214,0.772204
66,1.783637,0.092121,0.079371,0.012750,0.008293,0.894320,0.788903
67,2.341618,0.044581,0.030638,0.013944,0.007992,1.504633,0.784412
68,1.925804,0.076346,0.061749,0.014597,0.007699,1.067415,0.774344
69,2.337806,0.034973,0.020326,0.014647,0.007398,1.511121,0.784313
70,2.098381,0.797934,0.782923,0.015011,0.007107,0.520116,0.773223
71,1.635182,0.246347,0.229142,0.017205,0.006885,0.602968,0.778981
72,2.141137,0.779883,0.764036,0.015847,0.006728,0.585542,0.768984
73,1.881240,0.054553,0.039954,0.014600,0.006651,1.029827,0.790209
74,1.941096,0.048132,0.033816,0.014316,0.006529,1.115809,0.770625
75,2.087304,0.749719,0.735732,0.013987,0.006375,0.571557,0.759652
76,1.881515,0.063435,0.049440,0.013995,0.006270,1.040842,0.770967
77,1.843615,0.433558,0.420359,0.013199,0.006133,0.624514,0.779409
78,1.627909,0.100222,0.086227,0.013995,0.006088,0.767516,0.754084
79,1.747690,0.054665,0.041134,0.013531,0.006022,0.930271,0.756732
80,1.757421,0.071799,0.058767,0.013032,0.005856,0.921931,0.757835
81,1.795089,0.079548,0.066445,0.013103,0.005675,0.934659,0.775207
82,2.203670,0.875553,0.861468,0.014085,0.005449,0.542212,0.780457
83,2.012109,0.028902,0.015933,0.012970,0.005319,1.203382,0.774505
84,1.812486,0.101697,0.088524,0.013173,0.005172,0.931354,0.774262
85,1.726819,0.331219,0.317777,0.013442,0.004995,0.587280,0.803325
86,1.665845,0.105949,0.092463,0.013485,0.004894,0.785071,0.769931
87,1.783361,0.413246,0.400268,0.012979,0.004833,0.593672,0.771611
88,1.946517,0.050190,0.036702,0.013487,0.004887,1.121907,0.769534
89,1.624750,0.273459,0.260023,0.013437,0.004913,0.581565,0.764813
90,1.735340,0.080174,0.067096,0.013079,0.005059,0.881222,0.768885
91,2.126859,0.925801,0.911762,0.014039,0.005172,0.424601,0.771285
92,2.078662,0.052634,0.039136,0.013498,0.005363,1.246243,0.774423
93,2.126540,0.039883,0.025956,0.013927,0.005523,1.297164,0.783969
94,1.917192,0.743428,0.730158,0.013270,0.005647,0.397587,0.770530
95,1.856600,0.095913,0.082051,0.013862,0.005877,0.975192,0.779618
96,1.601463,0.322201,0.309642,0.012559,0.006076,0.513321,0.759865
97,2.056749,0.880098,0.866487,0.013612,0.006421,0.406024,0.764206
98,2.054460,0.072172,0.058744,0.013428,0.006880,1.201797,0.773611
99,1.737887,0.536113,0.522469,0.013645,0.007293,0.416829,0.777652
100,1.753128,0.099038,0.085523,0.013516,0.007940,0.879306,0.766843
1,3.872987,0.062963,0.038082,0.024881,0.005146,1.609802,2.195076
2,4.622596,0.812287,0.788546,0.023741,0.003980,1.625187,2.181142
3,3.864439,0.100741,0.077700,0.023041,0.003137,1.592868,2.167692
4,3.882212,0.148526,0.127292,0.021234,0.002457,1.577132,2.154098
5,3.772061,0.069917,0.047828,0.022089,0.001950,1.559864,2.140330
6,3.848951,0.191447,0.172273,0.019174,0.001663,1.529720,2.126120
7,3.798673,0.178948,0.157561,0.021387,0.001501,1.508470,2.109754
8,3.718388,0.135817,0.113219,0.022598,0.001528,1.488134,2.092908
9,4.085145,0.570472,0.546818,0.023653,0.001744,1.436533,2.076397
10,3.613512,0.139381,0.118916,0.020465,0.002169,1.417919,2.054043
11,3.543077,0.148100,0.127856,0.020243,0.002769,1.360826,2.031381
12,3.585362,0.035234,0.016738,0.018496,0.003528,1.538429,2.008171
13,4.182286,0.948751,0.931041,0.017710,0.004276,1.249779,1.979480
14,3.391111,0.078708,0.059644,0.019064,0.005174,1.369184,1.938045
15,3.363295,0.287589,0.267854,0.019735,0.006033,1.163335,1.906338
16,3.350889,0.058857,0.041541,0.017317,0.007037,1.437915,1.847080
17,3.283685,0.072696,0.055070,0.017625,0.007854,1.423653,1.779483
18,3.233669,0.644823,0.626087,0.018735,0.008455,0.863755,1.716636
19,2.906415,0.368881,0.351546,0.017335,0.009244,0.872039,1.656251
20,2.621193,0.127754,0.105980,0.021775,0.010160,0.958844,1.524435
21,2.452629,0.393411,0.371410,0.022001,0.010975,0.643582,1.404661
22,3.013237,0.099508,0.072983,0.026525,0.011938,1.632844,1.268948
23,2.501088,0.904362,0.873892,0.030469,0.012751,0.431073,1.152903
24,2.780521,0.119337,0.083201,0.036135,0.013663,1.627254,1.020268
25,2.115790,0.603168,0.565707,0.037461,0.014431,0.532449,0.965742
26,3.036380,0.120553,0.077488,0.043065,0.015538,1.960068,0.940221
27,2.921455,0.141466,0.093841,0.047625,0.016507,1.832703,0.930779
28,2.291074,0.946772,0.904083,0.042688,0.017343,0.393039,0.933921
29,3.735593,0.090433,0.057148,0.033285,0.018308,2.728749,0.898103
30,2.124151,0.382326,0.349883,0.032442,0.019141,0.807696,0.914989
31,2.536400,0.079185,0.055511,0.023674,0.020008,1.579310,0.857897
32,2.021272,0.134341,0.109284,0.025057,0.020705,0.986696,0.879530
33,2.179997,0.943954,0.922062,0.021892,0.021259,0.345654,0.869129
34,2.143350,0.081759,0.063171,0.018588,0.021756,1.196876,0.842959
35,1.687342,0.238239,0.218767,0.019472,0.021986,0.602444,0.824674
36,2.230463,0.064408,0.047295,0.017113,0.022267,1.304499,0.839289
37,1.927618,0.370218,0.353218,0.017000,0.022333,0.709331,0.825735
38,2.151341,0.053563,0.037329,0.016234,0.022545,1.243672,0.831562
39,2.340899,0.028739,0.012959,0.015781,0.022484,1.463178,0.826497
40,1.849685,0.240425,0.226046,0.014379,0.022291,0.762479,0.824490
41,2.090059,0.576148,0.560026,0.016122,0.022146,0.677121,0.814645
42,1.864626,0.268113,0.249997,0.018116,0.022084,0.756877,0.817552
43,1.889667,0.285408,0.272753,0.012656,0.022039,0.764667,0.817552
44,2.121866,0.058705,0.043164,0.015541,0.022020,1.220924,0.820216
45,2.259941,0.029449,0.013930,0.015519,0.021744,1.388743,0.820006
46,1.893050,0.085008,0.070379,0.014629,0.021335,0.983999,0.802708
47,1.922242,0.366662,0.350119,0.016543,0.020488,0.748125,0.786967
48,1.980428,0.098691,0.083501,0.015190,0.019838,1.046411,0.815487
49,1.755383,0.130028,0.115640,0.014388,0.018817,0.822633,0.783903
50,1.730304,0.123916,0.110784,0.013132,0.017839,0.806403,0.782146
51,1.774028,0.113246,0.099438,0.013808,0.016919,0.862327,0.781537
52,2.022767,0.073097,0.059054,0.014043,0.015922,1.153398,0.780350
53,2.062336,0.074413,0.060559,0.013853,0.014931,1.192143,0.780850
54,2.112858,0.073560,0.059853,0.013707,0.013986,1.234701,0.790611
55,2.137474,0.064827,0.051060,0.013767,0.013104,1.283320,0.776223
56,1.778520,0.159883,0.144800,0.015083,0.012297,0.821628,0.784712
57,1.614818,0.124203,0.110130,0.014073,0.011629,0.700107,0.778879
58,1.648359,0.116758,0.101875,0.014883,0.011031,0.739734,0.780836
59,2.028336,0.662683,0.648444,0.014239,0.010457,0.587686,0.767511
60,1.864534,0.078578,0.064834,0.013743,0.009993,1.008058,0.767904
61,2.093242,0.777059,0.762919,0.014140,0.009453,0.521301,0.785429
62,1.654192,0.142836,0.131439,0.011397,0.009031,0.738793,0.763532
63,1.658477,0.122273,0.110007,0.012266,0.008671,0.753057,0.774476
64,2.643226,0.027640,0.014554,0.013087,0.008283,1.831518,0.775785
65,2.269238,0.057428,0.044170,0.013258,0.007918,1.435480,0.768412
66,1.773492,0.090479,0.078014,0.012465,0.007576,0.894857,0.780579
67,2.294130,0.043984,0.030630,0.013354,0.007226,1.462882,0.780037
68,1.904910,0.073585,0.060010,0.013575,0.006894,1.051438,0.772993
69,2.348945,0.033412,0.019872,0.013540,0.006564,1.530865,0.778104
70,2.079492,0.796414,0.782908,0.013506,0.006253,0.507375,0.769449
71,1.611810,0.257600,0.242564,0.015036,0.006014,0.581150,0.767045
72,2.120051,0.799150,0.785070,0.014079,0.005841,0.552087,0.762974
73,1.971915,0.051902,0.038664,0.013239,0.005748,1.131577,0.782688
74,2.045815,0.043329,0.030072,0.013256,0.005642,1.228879,0.767966
75,2.047674,0.748271,0.734974,0.013297,0.005525,0.533106,0.760772
76,1.938641,0.065982,0.052599,0.013383,0.005453,1.097943,0.769262
77,1.806901,0.440589,0.427591,0.012998,0.005371,0.580863,0.780077
78,1.606427,0.102352,0.088564,0.013788,0.005381,0.741727,0.756966
79,1.796623,0.052321,0.039051,0.013270,0.005366,0.988976,0.749960
80,1.813838,0.074441,0.061561,0.012880,0.005273,0.974109,0.760015
81,1.839763,0.078587,0.065738,0.012849,0.005166,0.984692,0.771320
82,2.174370,0.876968,0.863481,0.013487,0.005015,0.545834,0.746553
83,2.062110,0.030510,0.017715,0.012796,0.004947,1.255398,0.771255
84,1.844572,0.102329,0.089620,0.012709,0.004860,0.965923,0.771459
85,1.749365,0.317881,0.305475,0.012406,0.004739,0.632277,0.794469
86,1.696178,0.104624,0.091606,0.013018,0.004676,0.818683,0.768196
87,1.845837,0.414340,0.401827,0.012514,0.004631,0.654642,0.772223
88,1.850946,0.049957,0.037000,0.012956,0.004661,1.026453,0.769875
89,1.690820,0.273612,0.260844,0.012767,0.004642,0.644249,0.768318
90,1.710456,0.074296,0.061909,0.012387,0.004691,0.856944,0.774526
91,2.218017,0.931340,0.917898,0.013442,0.004694,0.515991,0.765992
92,1.937536,0.058208,0.045063,0.013145,0.004748,1.099841,0.774740
93,2.006084,0.040806,0.027296,0.013510,0.004770,1.176251,0.784257
94,1.975467,0.742721,0.729686,0.013035,0.004762,0.463486,0.764499
95,1.818858,0.093211,0.079619,0.013592,0.004824,0.942182,0.778640
96,1.638677,0.327375,0.314778,0.012597,0.004875,0.549889,0.756538
97,2.085075,0.874501,0.861203,0.013298,0.005013,0.442566,0.762995
98,2.037482,0.072741,0.059746,0.012995,0.005219,1.188183,0.771339
99,1.791833,0.550645,0.537288,0.013357,0.005395,0.451433,0.784360
100,1.721560,0.099497,0.086188,0.013309,0.005718,0.849350,0.766995
1,3.855571,0.045546,0.038082,0.024881,0.005146,1.609802,2.195076
2,4.606300,0.795689,0.788542,0.023824,0.003980,1.625664,2.180967
3,3.848348,0.084655,0.077706,0.023164,0.003137,1.593039,2.167516
4,3.867353,0.133732,0.127317,0.021385,0.002458,1.577263,2.153899
5,3.756103,0.054515,0.047834,0.022268,0.001953,1.559733,2.139902
6,3.835118,0.178086,0.172280,0.019355,0.001667,1.529546,2.125819
7,3.782729,0.164052,0.157566,0.021620,0.001505,1.507770,2.109402
8,3.700117,0.120075,0.113217,0.022859,0.001533,1.486069,2.092440
9,4.066856,0.553970,0.546781,0.023964,0.001748,1.435391,2.075747
10,3.597881,0.125119,0.118883,0.020785,0.002173,1.417255,2.053335
11,3.527772,0.134061,0.127884,0.020591,0.002773,1.360485,2.030454
12,3.571950,0.022308,0.016662,0.018821,0.003533,1.538532,2.007577
13,4.167245,0.936361,0.930945,0.018054,0.004283,1.247967,1.978634
14,3.370604,0.065326,0.059482,0.019480,0.005183,1.363265,1.936831
15,3.342392,0.273783,0.267735,0.020160,0.006045,1.158188,1.904376
16,3.323345,0.046742,0.041432,0.017699,0.007052,1.424089,1.845462
17,3.286223,0.060348,0.054942,0.018021,0.007871,1.440997,1.777006
18,3.210256,0.633628,0.627853,0.019250,0.008479,0.855487,1.712662
19,2.886234,0.356793,0.351501,0.017638,0.009272,0.867674,1.652495
20,2.598043,0.112162,0.105553,0.022032,0.010196,0.955110,1.520576
21,2.421015,0.377094,0.370452,0.022140,0.011020,0.633199,1.399703
22,2.932463,0.080245,0.072280,0.026549,0.011986,1.572510,1.267721
23,2.472147,0.883852,0.874807,0.030149,0.012799,0.430201,1.145295
24,2.722118,0.094453,0.083724,0.035765,0.013713,1.600423,1.013528
25,2.105953,0.576656,0.565403,0.037510,0.014483,0.550249,0.964564
26,2.928717,0.089778,0.077080,0.042327,0.015572,1.896888,0.926479
27,2.851831,0.109400,0.094752,0.048825,0.016524,1.788993,0.936913
28,2.176656,0.916128,0.902948,0.043934,0.017342,0.304679,0.938507
29,3.821970,0.067617,0.057206,0.034706,0.018299,2.833996,0.902057
30,1.985130,0.360391,0.349999,0.034638,0.019128,0.684566,0.921045
31,2.563008,0.062784,0.055209,0.025250,0.020007,1.621367,0.858849
32,1.970594,0.116948,0.108970,0.026593,0.020721,0.956304,0.876621
33,2.185924,0.927581,0.920616,0.023217,0.021301,0.367647,0.869395
34,2.119519,0.069263,0.063473,0.019299,0.021820,1.188707,0.839730
35,1.664863,0.225255,0.219135,0.020401,0.022083,0.597135,0.820389
36,2.229613,0.052401,0.047237,0.017215,0.022401,1.323397,0.831414
37,1.923883,0.357311,0.352174,0.017121,0.022517,0.721611,0.822444
38,2.208333,0.041268,0.036434,0.016114,0.022784,1.317610,0.826671
39,2.339290,0.017341,0.012647,0.015648,0.022826,1.475077,0.824046
40,1.827419,0.230016,0.225699,0.014389,0.022725,0.751676,0.823002
41,2.069527,0.565300,0.560472,0.016095,0.022660,0.668550,0.813017
42,1.847118,0.255100,0.249684,0.018053,0.022669,0.753030,0.816318
43,1.873776,0.275800,0.271937,0.012876,0.022685,0.756374,0.818917
44,2.106863,0.047496,0.042779,0.015723,0.022720,1.213358,0.823289
45,2.293850,0.017443,0.012720,0.015742,0.022482,1.428339,0.825587
46,1.867515,0.073229,0.068755,0.014912,0.022117,0.966627,0.805542
47,1.905696,0.351219,0.346156,0.016875,0.021334,0.745102,0.788042
48,1.963460,0.087979,0.083339,0.015469,0.020737,1.037719,0.817024
49,1.740014,0.118974,0.114583,0.014636,0.019723,0.828887,0.772430
50,1.701573,0.114998,0.111035,0.013210,0.018725,0.790981,0.776870
51,1.774181,0.103347,0.099190,0.013858,0.017778,0.875065,0.777990
52,2.009185,0.062246,0.058015,0.014101,0.016695,1.148675,0.781569
53,2.027091,0.063011,0.058840,0.013903,0.015624,1.168821,0.779635
54,2.108757,0.064078,0.059946,0.013771,0.014600,1.252287,0.777793
55,2.128242,0.056204,0.052054,0.013833,0.013652,1.281919,0.776468
56,1.761270,0.148366,0.143776,0.015301,0.012787,0.810336,0.789782
57,1.618469,0.115491,0.111219,0.014238,0.012066,0.706598,0.784314
58,1.623306,0.105679,0.101139,0.015133,0.011422,0.724984,0.781220
59,2.007832,0.650825,0.646501,0.014413,0.010803,0.575648,0.770556
60,1.860990,0.068707,0.064550,0.013856,0.010303,1.012375,0.769606
61,2.073241,0.764711,0.760420,0.014303,0.009746,0.511863,0.786920
62,1.632297,0.137169,0.133746,0.011411,0.009313,0.722784,0.763031
63,1.655920,0.115001,0.111308,0.012308,0.008943,0.758233,0.773744
64,2.661486,0.017887,0.013955,0.013107,0.008537,1.857115,0.777947
65,2.301900,0.046068,0.042093,0.013249,0.008158,1.477599,0.770075
66,1.760247,0.081499,0.077749,0.012499,0.007802,0.888139,0.782806
67,2.211941,0.033656,0.029642,0.013379,0.007438,1.388538,0.782310
68,1.914797,0.065404,0.061318,0.013621,0.007089,1.066703,0.775600
69,2.320283,0.024884,0.020817,0.013554,0.006745,1.508120,0.780535
70,2.083117,0.786860,0.782828,0.013439,0.006422,0.518346,0.771489
71,1.602134,0.245184,0.240720,0.014881,0.006172,0.585217,0.765562
72,2.125775,0.784951,0.780738,0.014044,0.005988,0.570012,0.764824
73,1.919721,0.042874,0.038887,0.013289,0.005884,1.098304,0.772660
74,1.993079,0.035974,0.032002,0.013239,0.005763,1.182204,0.769138
75,2.054099,0.740671,0.736699,0.013243,0.005627,0.547070,0.760731
76,1.923634,0.058656,0.054647,0.013363,0.005536,1.090458,0.768984
77,1.809477,0.431975,0.428062,0.013043,0.005435,0.592147,0.779920
78,1.618744,0.092156,0.088008,0.013829,0.005420,0.763164,0.758004
79,1.755291,0.042635,0.038648,0.013289,0.005382,0.957071,0.750203
80,1.763901,0.064398,0.060532,0.012885,0.005259,0.934689,0.759556
81,1.820414,0.069551,0.065694,0.012856,0.005127,0.976004,0.769732
82,2.159693,0.872810,0.868716,0.013646,0.004956,0.531791,0.750135
83,2.013908,0.022219,0.018390,0.012763,0.004870,1.214087,0.772731
84,1.831024,0.093720,0.089908,0.012705,0.004765,0.959265,0.773274
85,1.720450,0.309590,0.305835,0.012517,0.004631,0.608057,0.798171
86,1.672945,0.094804,0.090882,0.013073,0.004560,0.806197,0.767384
87,1.806394,0.404358,0.400600,0.012526,0.004513,0.624299,0.773224
88,1.860975,0.042474,0.038577,0.012988,0.004551,1.043380,0.770570
89,1.652899,0.266671,0.262815,0.012853,0.004552,0.614150,0.767525
90,1.687624,0.065928,0.062192,0.012455,0.004633,0.844138,0.772924
91,2.170769,0.922216,0.918184,0.013443,0.004668,0.477424,0.766462
92,1.954799,0.048226,0.044261,0.013216,0.004758,1.124007,0.777808
93,2.026440,0.030765,0.026681,0.013614,0.004819,1.202309,0.788547
94,1.940148,0.735228,0.731273,0.013184,0.004849,0.433237,0.766834
95,1.821187,0.083532,0.079419,0.013709,0.004957,0.951127,0.781571
96,1.614750,0.319659,0.315824,0.012783,0.005052,0.531722,0.758318
97,2.071257,0.864143,0.860138,0.013348,0.005246,0.439199,0.762669
98,2.031875,0.063397,0.059446,0.013170,0.005522,1.189551,0.773405
99,1.767062,0.536395,0.532403,0.013309,0.005764,0.443689,0.781214
100,1.717489,0.089477,0.085456,0.013403,0.006180,0.855160,0.766673
1,3.889384,0.045546,0.038082,0.024881,0.005146,1.609802,2.228889
2,4.641806,0.795582,0.788442,0.023799,0.003980,1.625156,2.217088
3,3.886037,0.084635,0.077693,0.023142,0.003142,1.592588,2.205671
4,3.906753,0.133684,0.127278,0.021354,0.002465,1.576391,2.194212
5,3.798087,0.054462,0.047791,0.022237,0.001958,1.559299,2.182368
6,3.878085,0.178075,0.172287,0.019295,0.001668,1.528072,2.170270
7,3.828435,0.164079,0.157609,0.021565,0.001502,1.506511,2.156343
8,3.748407,0.120150,0.113310,0.022799,0.001525,1.484727,2.142005
9,4.116358,0.554093,0.546922,0.023905,0.001737,1.432689,2.127838
10,3.651124,0.125089,0.118874,0.020716,0.002158,1.414859,2.109018
11,3.583934,0.134111,0.127945,0.020553,0.002756,1.357461,2.089606
12,3.632798,0.022311,0.016675,0.018786,0.003516,1.537015,2.069957
13,4.228058,0.936031,0.930619,0.018041,0.004272,1.242083,2.045672
14,3.448385,0.065117,0.059248,0.019562,0.005181,1.366845,2.011242
15,3.415903,0.273541,0.267456,0.020282,0.006049,1.151923,1.984390
16,3.428458,0.046572,0.041201,0.017904,0.007062,1.439755,1.935068
17,3.391406,0.059897,0.054416,0.018270,0.007870,1.443154,1.880486
18,3.319391,0.633221,0.627358,0.019542,0.008450,0.845051,1.832669
19,3.010199,0.356618,0.351268,0.017832,0.009216,0.866170,1.778194
20,2.763529,0.112109,0.105433,0.022253,0.010116,0.965674,1.675630
21,2.615478,0.377003,0.370370,0.022110,0.010904,0.642193,1.585378
22,3.209930,0.080226,0.072398,0.026092,0.011848,1.633761,1.484096
23,2.722421,0.882958,0.874426,0.028440,0.012648,0.427363,1.399452
24,3.004877,0.093483,0.083451,0.033438,0.013558,1.601898,1.295938
25,2.329655,0.575391,0.565027,0.034544,0.014331,0.487034,1.252899
26,3.320826,0.087989,0.076542,0.038156,0.015441,1.987416,1.229980
27,2.967387,0.106491,0.093895,0.041986,0.016422,1.624645,1.219830
28,2.464674,0.914856,0.903449,0.038023,0.017273,0.329644,1.202901
29,3.949174,0.066350,0.057067,0.030943,0.018248,2.690107,1.174469
30,2.280945,0.358488,0.348843,0.032149,0.019097,0.719132,1.184228
31,2.912570,0.061996,0.054964,0.023438,0.019982,1.688076,1.142516
32,2.241187,0.117175,0.109329,0.026154,0.020714,0.968840,1.134458
33,2.389026,0.927763,0.920914,0.022832,0.021321,0.317783,1.122158
34,2.451046,0.068894,0.063319,0.018582,0.021871,1.250478,1.109803
35,1.910891,0.225066,0.219091,0.019918,0.022200,0.582669,1.080955
36,2.503113,0.051992,0.046908,0.016947,0.022581,1.340276,1.088264
37,2.137567,0.355978,0.350895,0.016946,0.022777,0.690814,1.067998
38,2.486445,0.040999,0.036273,0.015752,0.023121,1.352255,1.070070
39,2.642008,0.017145,0.012550,0.015318,0.023260,1.532209,1.069394
40,2.050787,0.229833,0.225565,0.014227,0.023267,0.733539,1.064149
41,2.280822,0.565964,0.561207,0.015858,0.023292,0.638333,1.053232
42,2.058486,0.254036,0.248696,0.017799,0.023376,0.723775,1.057299
43,2.093126,0.275043,0.271161,0.012940,0.023456,0.736181,1.058446
44,2.365153,0.047128,0.042370,0.015859,0.023544,1.224456,1.070025
45,2.500145,0.016292,0.011497,0.015983,0.023375,1.392230,1.068249
46,2.117588,0.071734,0.067180,0.015179,0.023063,0.971028,1.051763
47,2.120495,0.346189,0.341031,0.017193,0.022282,0.720584,1.031440
48,2.222344,0.088612,0.083928,0.015616,0.021676,1.057762,1.054294
49,1.986117,0.118908,0.114464,0.014813,0.020644,0.815949,1.030616
50,1.929551,0.117138,0.113091,0.013491,0.019629,0.774169,1.018615
51,2.010834,0.103551,0.099400,0.013837,0.018671,0.866811,1.021801
52,2.240246,0.060669,0.056476,0.013977,0.017582,1.138911,1.023084
53,2.241957,0.061792,0.057655,0.013788,0.016497,1.146521,1.017148
54,2.384192,0.065803,0.061687,0.013720,0.015450,1.276224,1.026715
55,2.353188,0.058881,0.054725,0.013853,0.014487,1.261860,1.017961
56,2.023414,0.148473,0.143771,0.015676,0.013603,0.825080,1.036258
57,1.879820,0.117589,0.113170,0.014730,0.012858,0.717855,1.031520
58,1.879872,0.104396,0.099691,0.015684,0.012195,0.736330,1.026950
59,2.264056,0.647041,0.642559,0.014938,0.011571,0.589470,1.015975
60,2.096478,0.070844,0.066583,0.014204,0.011060,1.004756,1.009819
61,2.328314,0.765841,0.761486,0.014517,0.010469,0.523815,1.028190
62,1.885393,0.140360,0.136878,0.011607,0.009996,0.728283,1.006754
63,1.913349,0.115850,0.112226,0.012079,0.009587,0.767209,1.020703
64,2.821197,0.014068,0.010078,0.013298,0.009142,1.778778,1.019209
65,2.476508,0.042182,0.038115,0.013556,0.008730,1.412778,1.012819
66,1.992174,0.084416,0.080543,0.012908,0.008346,0.880022,1.019391
67,2.432535,0.036218,0.032059,0.013864,0.007952,1.366099,1.022267
68,2.132307,0.068022,0.063782,0.014134,0.007578,1.036138,1.020568
69,2.464951,0.025651,0.021477,0.013914,0.007204,1.410970,1.021125
70,2.328736,0.786446,0.782303,0.013810,0.006853,0.525994,1.009443
71,1.857047,0.238896,0.234290,0.015353,0.006572,0.602008,1.009572
72,2.370910,0.771410,0.767157,0.014179,0.006352,0.586824,1.006324
73,2.137779,0.045377,0.041379,0.013329,0.006202,1.068878,1.017322
74,2.191020,0.042650,0.038652,0.013326,0.006034,1.131436,1.010901
75,2.314473,0.745697,0.741638,0.013530,0.005850,0.559157,1.003769
76,2.164075,0.060038,0.055996,0.013472,0.005708,1.087402,1.010927
77,2.062502,0.429413,0.425410,0.013343,0.005558,0.605352,1.022179
78,1.866124,0.090942,0.086759,0.013945,0.005483,0.761233,1.008466
79,2.011214,0.043066,0.039106,0.013200,0.005397,0.964254,0.998497
80,2.043201,0.062530,0.058680,0.012835,0.005236,0.962228,1.013207
81,2.067749,0.071158,0.067296,0.012873,0.005080,0.981397,1.010113
82,2.417431,0.884844,0.880534,0.014367,0.004899,0.537593,0.990095
83,2.287734,0.021363,0.017490,0.012912,0.004793,1.246663,1.014915
84,2.076920,0.092250,0.088382,0.012890,0.004676,0.965928,1.014066
85,1.942950,0.311934,0.307730,0.014014,0.004541,0.597499,1.028977
86,1.912549,0.095060,0.090998,0.013539,0.004458,0.804474,1.008558
87,2.028627,0.404683,0.400621,0.013539,0.004405,0.609737,1.009803
88,2.143403,0.045257,0.041320,0.013122,0.004432,1.082032,1.011682
89,1.887521,0.268001,0.264006,0.013316,0.004435,0.606796,1.008289
90,1.952656,0.066497,0.062635,0.012873,0.004521,0.868536,1.013101
91,2.363163,0.919678,0.915576,0.013674,0.004574,0.431619,1.007293
92,2.213355,0.045183,0.041065,0.013726,0.004682,1.144283,1.019206
93,2.299632,0.030224,0.025921,0.014343,0.004765,1.231984,1.032659
94,2.165795,0.746050,0.741953,0.013656,0.004820,0.405452,1.009473
95,2.057926,0.084167,0.079923,0.014146,0.004952,0.949232,1.019575
96,1.852277,0.322372,0.318410,0.013208,0.005071,0.519813,1.005021
97,2.287898,0.868659,0.864630,0.013430,0.005308,0.403785,1.010146
98,2.242400,0.063163,0.058992,0.013905,0.005641,1.159526,1.014070
99,1.979615,0.524536,0.520476,0.013536,0.005938,0.420344,1.028797
100,1.972320,0.093426,0.089295,0.013770,0.006406,0.863035,1.009454
1,3.906801,0.062963,0.038082,0.024881,0.005146,1.609802,2.228889
2,4.658705,0.812302,0.788539,0.023763,0.003980,1.625322,2.217101
3,3.902393,0.100764,0.077691,0.023073,0.003142,1.592756,2.205731
4,3.922088,0.148541,0.127279,0.021262,0.002464,1.576827,2.194256
5,3.813943,0.069903,0.047784,0.022119,0.001955,1.559568,2.182517
6,3.892629,0.191430,0.172272,0.019158,0.001665,1.529007,2.170527
7,3.844765,0.179000,0.157606,0.021394,0.001498,1.507564,2.156703
8,3.766029,0.135915,0.113330,0.022585,0.001521,1.486110,2.142483
9,4.135302,0.570619,0.546962,0.023657,0.001732,1.434483,2.128468
10,3.668048,0.139363,0.118901,0.020462,0.002153,1.416643,2.109889
11,3.601603,0.148220,0.127955,0.020265,0.002751,1.359960,2.090672
12,3.649126,0.035172,0.016685,0.018487,0.003510,1.539172,2.071273
13,4.246291,0.948389,0.930674,0.017715,0.004265,1.246209,2.047429
14,3.464941,0.078590,0.059419,0.019171,0.005172,1.368356,2.012823
15,3.432877,0.287518,0.267671,0.019846,0.006037,1.152470,1.986851
16,3.443189,0.058685,0.041214,0.017471,0.007048,1.439585,1.937871
17,3.405537,0.072442,0.054616,0.017826,0.007853,1.441457,1.883785
18,3.341928,0.645987,0.626922,0.019065,0.008429,0.849575,1.837938
19,3.034335,0.368820,0.351362,0.017458,0.009191,0.872834,1.783490
20,2.746351,0.127570,0.105691,0.021879,0.010085,0.928200,1.680496
21,2.649765,0.392754,0.370865,0.021889,0.010871,0.656132,1.590008
22,3.261028,0.098883,0.072635,0.026248,0.011818,1.662251,1.488077
23,2.745925,0.902597,0.874266,0.028331,0.012623,0.427877,1.402828
24,3.030130,0.117068,0.083282,0.033786,0.013541,1.599406,1.300115
25,2.367419,0.599841,0.565303,0.034538,0.014320,0.498847,1.254411
26,3.170076,0.114037,0.076557,0.037479,0.015431,1.820124,1.220484
27,3.028714,0.134842,0.093435,0.041407,0.016408,1.666545,1.210918
28,2.536389,0.940773,0.903734,0.037040,0.017256,0.378178,1.200181
29,3.994954,0.086393,0.056918,0.029476,0.018230,2.713649,1.176681
30,2.229265,0.378265,0.348181,0.030084,0.019078,0.655100,1.176822
31,2.892488,0.077364,0.055117,0.022247,0.019987,1.648710,1.146427
32,2.231044,0.133808,0.109322,0.024486,0.020738,0.944385,1.132113
33,2.401181,0.942681,0.921387,0.021294,0.021356,0.320034,1.117110
34,2.393462,0.081116,0.063143,0.017972,0.021916,1.174795,1.115635
35,1.937283,0.239763,0.219852,0.019911,0.022216,0.591778,1.083526
36,2.517128,0.063188,0.046546,0.016642,0.022578,1.337376,1.093987
37,2.121742,0.365692,0.349395,0.016297,0.022744,0.659798,1.073509
38,2.463326,0.051953,0.036420,0.015534,0.023051,1.310775,1.077546
39,2.690492,0.027588,0.012424,0.015164,0.023138,1.566449,1.073316
40,2.055312,0.239579,0.225555,0.014025,0.023095,0.723733,1.068904
41,2.278074,0.576853,0.561011,0.015842,0.023081,0.620790,1.057351
42,2.054583,0.266810,0.248804,0.018006,0.023133,0.706039,1.058601
43,2.087730,0.284152,0.271371,0.012781,0.023187,0.721543,1.058848
44,2.370673,0.058284,0.042438,0.015846,0.023253,1.220889,1.068247
45,2.539024,0.028027,0.012056,0.015971,0.023063,1.423444,1.064491
46,2.132076,0.082864,0.067649,0.015214,0.022740,0.977650,1.048822
47,2.109083,0.360269,0.342862,0.017407,0.021951,0.697953,1.028910
48,2.224990,0.099179,0.083524,0.015655,0.021345,1.053286,1.051180
49,1.981417,0.129513,0.114707,0.014805,0.020329,0.801928,1.029647
50,1.948940,0.126368,0.112882,0.013486,0.019324,0.784412,1.018836
51,2.022152,0.113806,0.100010,0.013796,0.018361,0.869160,1.020826
52,2.274516,0.070927,0.057144,0.013783,0.017234,1.163499,1.022856
53,2.300299,0.071749,0.058188,0.013561,0.016140,1.191343,1.021067
54,2.385259,0.073971,0.060352,0.013620,0.015108,1.271447,1.024732
55,2.354078,0.067383,0.053510,0.013873,0.014159,1.254263,1.018274
56,2.037005,0.160312,0.144532,0.015779,0.013287,0.830909,1.032498
57,1.860299,0.129550,0.114693,0.014857,0.012554,0.690800,1.027395
58,1.897799,0.116254,0.100464,0.015790,0.011906,0.745563,1.024077
59,2.277747,0.658157,0.643115,0.015042,0.011292,0.594881,1.013416
60,2.094494,0.080421,0.066078,0.014343,0.010790,0.993124,1.010159
61,2.343533,0.776851,0.762344,0.014506,0.010196,0.531280,1.025206
62,1.899404,0.149297,0.137709,0.011588,0.009720,0.731406,1.008981
63,1.928403,0.125610,0.113500,0.012110,0.009308,0.772437,1.021048
64,2.825968,0.025001,0.011629,0.013371,0.008867,1.774148,1.017952
65,2.430025,0.052066,0.038347,0.013719,0.008459,1.356524,1.012976
66,1.984469,0.092303,0.079254,0.013048,0.008078,0.865949,1.018140
67,2.437372,0.045818,0.031960,0.013858,0.007685,1.363842,1.020026
68,2.129333,0.077819,0.063736,0.014083,0.007314,1.022632,1.021567
69,2.500905,0.036052,0.022150,0.013902,0.006945,1.441732,1.016176
70,2.338607,0.797297,0.783445,0.013852,0.006599,0.527956,1.006755
71,1.866503,0.253114,0.237640,0.015474,0.006323,0.599861,1.007205
72,2.384306,0.785352,0.771101,0.014251,0.006107,0.588180,1.004667
73,2.158769,0.053695,0.040269,0.013427,0.005961,1.080942,1.018171
74,2.199115,0.051265,0.037865,0.013400,0.005799,1.131789,1.010262
75,2.329116,0.755968,0.742330,0.013638,0.005625,0.559641,1.007882
76,2.165545,0.071349,0.057876,0.013472,0.005491,1.077858,1.010847
77,2.072489,0.441622,0.428207,0.013416,0.005350,0.602177,1.023340
78,1.889313,0.101296,0.087510,0.013785,0.005280,0.770050,1.012688
79,2.017475,0.051532,0.038306,0.013226,0.005201,0.964252,0.996490
80,2.037889,0.071570,0.058640,0.012930,0.005051,0.948472,1.012796
81,2.071374,0.080126,0.067269,0.012857,0.004909,0.973270,1.013069
82,2.422493,0.896844,0.882750,0.014094,0.004741,0.533215,0.987691
83,2.306570,0.031404,0.018478,0.012925,0.004649,1.255858,1.014659
84,2.087004,0.102035,0.089155,0.012880,0.004545,0.966295,1.014129
85,1.938638,0.320118,0.306491,0.013628,0.004423,0.585511,1.028586
86,1.914300,0.103786,0.090357,0.013429,0.004353,0.796657,1.009504
87,2.035522,0.414791,0.401320,0.013471,0.004312,0.607021,1.009397
88,2.175244,0.054621,0.041518,0.013103,0.004356,1.104334,1.011933
89,1.893216,0.278802,0.265606,0.013196,0.004377,0.602265,1.007772
90,1.959283,0.075999,0.063267,0.012732,0.004485,0.864076,1.014723
91,2.371139,0.931836,0.918288,0.013548,0.004561,0.426262,1.008480
92,2.248204,0.056534,0.042859,0.013675,0.004693,1.167791,1.019185
93,2.281429,0.040475,0.026205,0.014270,0.004801,1.203340,1.032813
94,2.171317,0.752854,0.739355,0.013499,0.004877,0.402757,1.010828
95,2.079704,0.093998,0.079847,0.014151,0.005034,0.961979,1.018693
96,1.862058,0.330137,0.317105,0.013032,0.005174,0.515426,1.011322
97,2.289502,0.875220,0.861948,0.013273,0.005436,0.402713,1.006132
98,2.257285,0.072232,0.058480,0.013752,0.005795,1.165056,1.014203
99,1.984513,0.538782,0.525348,0.013433,0.006117,0.415378,1.024236
100,1.972874,0.100693,0.087054,0.013639,0.006626,0.855772,1.009783
1,3.906801,0.062963,0.038082,0.024881,0.005146,1.609802,2.228889
2,4.658705,0.812302,0.788539,0.023763,0.003980,1.625322,2.217101
3,3.902393,0.100764,0.077691,0.023073,0.003142,1.592756,2.205731
4,3.922088,0.148541,0.127279,0.021262,0.002464,1.576827,2.194256
5,3.813943,0.069903,0.047784,0.022119,0.001955,1.559568,2.182517
6,3.892629,0.191430,0.172272,0.019158,0.001665,1.529007,2.170527
7,3.844765,0.179000,0.157606,0.021394,0.001498,1.507564,2.156703
8,3.766029,0.135915,0.113330,0.022585,0.001521,1.486110,2.142483
9,4.135302,0.570619,0.546962,0.023657,0.001732,1.434483,2.128468
10,3.668048,0.139363,0.118901,0.020462,0.002153,1.416643,2.109889
11,3.601603,0.148220,0.127955,0.020265,0.002751,1.359960,2.090672
12,3.649126,0.035172,0.016685,0.018487,0.003510,1.539172,2.071273
13,4.246291,0.948389,0.930674,0.017715,0.004265,1.246209,2.047429
14,3.464941,0.078590,0.059419,0.019171,0.005172,1.368356,2.012823
15,3.432877,0.287518,0.267671,0.019846,0.006037,1.152470,1.986851
16,3.443189,0.058685,0.041214,0.017471,0.007048,1.439585,1.937871
17,3.405537,0.072442,0.054616,0.017826,0.007853,1.441457,1.883785
18,3.341928,0.645987,0.626922,0.019065,0.008429,0.849574,1.837938
19,3.034335,0.368820,0.351362,0.017458,0.009191,0.872834,1.783490
20,2.746351,0.127570,0.105691,0.021879,0.010085,0.928200,1.680496
21,2.650528,0.392727,0.370854,0.021873,0.010871,0.656603,1.590327
22,3.231366,0.098994,0.072662,0.026332,0.011818,1.633185,1.487369
23,2.747738,0.902691,0.874164,0.028527,0.012620,0.429398,1.403029
24,3.028971,0.116797,0.083361,0.033437,0.013532,1.596897,1.301744
25,2.386724,0.600095,0.565408,0.034688,0.014307,0.517622,1.254699
26,3.336791,0.114409,0.076598,0.037811,0.015402,1.975767,1.231212
27,3.069097,0.134064,0.093329,0.040734,0.016365,1.704185,1.214484
28,2.556781,0.940238,0.904021,0.036217,0.017200,0.400901,1.198442
29,3.894297,0.086871,0.057042,0.029828,0.018170,2.618815,1.170442
30,2.291493,0.378115,0.348254,0.029861,0.019012,0.716389,1.177977
31,2.780222,0.077433,0.055180,0.022253,0.019906,1.536767,1.146115
32,2.313520,0.133454,0.109247,0.024207,0.020633,1.029813,1.129620
33,2.400077,0.942388,0.921205,0.021184,0.021235,0.314259,1.122194
34,2.480474,0.081120,0.063134,0.017985,0.021783,1.259534,1.118037
35,1.933508,0.237543,0.218364,0.019178,0.022100,0.582958,1.090907
36,2.509121,0.063601,0.046799,0.016802,0.022474,1.327064,1.095983
37,2.128215,0.367924,0.351335,0.016589,0.022650,0.663542,1.074099
38,2.442069,0.052336,0.036578,0.015758,0.022964,1.290682,1.076086
39,2.662609,0.027889,0.012547,0.015342,0.023043,1.539447,1.072229
40,2.062765,0.239535,0.225415,0.014120,0.022990,0.732525,1.067714
41,2.276580,0.576148,0.560311,0.015837,0.022966,0.621973,1.055493
42,2.060248,0.267032,0.249202,0.017830,0.023009,0.712982,1.057225
43,2.071448,0.284324,0.271639,0.012685,0.023054,0.715463,1.048607
44,2.388753,0.058202,0.042564,0.015638,0.023113,1.243295,1.064143
45,2.566434,0.028212,0.012480,0.015732,0.022937,1.452834,1.062452
46,2.120500,0.083032,0.068077,0.014955,0.022634,0.969596,1.045237
47,2.114876,0.360309,0.343302,0.017007,0.021853,0.705427,1.027286
48,2.212523,0.098972,0.083576,0.015396,0.021257,1.042307,1.049987
49,1.977384,0.129939,0.115527,0.014412,0.020250,0.802490,1.024705
50,1.928619,0.126133,0.112791,0.013342,0.019247,0.764431,1.018809
51,2.009498,0.113140,0.099495,0.013645,0.018288,0.856497,1.021572
52,2.254286,0.070123,0.056437,0.013685,0.017172,1.144976,1.022016
53,2.290261,0.071879,0.058356,0.013522,0.016077,1.181755,1.020550
54,2.401636,0.074133,0.060481,0.013652,0.015043,1.287751,1.024709
55,2.346125,0.067491,0.053564,0.013927,0.014093,1.249806,1.014735
56,2.014645,0.160249,0.144489,0.015760,0.013221,0.811802,1.029373
57,1.852065,0.128637,0.113891,0.014746,0.012488,0.688180,1.022760
58,1.871268,0.115310,0.099710,0.015600,0.011835,0.724453,1.019670
59,2.259462,0.657304,0.642556,0.014749,0.011213,0.580429,1.010516
60,2.091702,0.080211,0.066119,0.014091,0.010707,0.989810,1.010975
61,2.311983,0.776634,0.762443,0.014190,0.010127,0.500709,1.024515
62,1.888735,0.149151,0.137560,0.011591,0.009667,0.721133,1.008784
63,1.925982,0.125067,0.113000,0.012067,0.009271,0.769772,1.021872
64,2.876243,0.024574,0.011127,0.013447,0.008842,1.823958,1.018869
65,2.483206,0.051693,0.037930,0.013762,0.008444,1.411361,1.011708
66,1.987108,0.092666,0.079590,0.013076,0.008072,0.869074,1.017295
67,2.449813,0.046450,0.032514,0.013937,0.007691,1.377173,1.018498
68,2.129533,0.078045,0.063949,0.014096,0.007329,1.026529,1.017630
69,2.505192,0.035814,0.021946,0.013868,0.006967,1.447464,1.014947
70,2.332103,0.796827,0.782979,0.013849,0.006627,0.520707,1.007942
71,1.871357,0.252364,0.236873,0.015492,0.006356,0.604108,1.008528
72,2.383482,0.784264,0.769991,0.014274,0.006147,0.586915,1.006156
73,2.109258,0.053724,0.040344,0.013380,0.006007,1.033101,1.016426
74,2.168475,0.051308,0.037979,0.013329,0.005836,1.101028,1.010303
75,2.335348,0.755489,0.741834,0.013656,0.005646,0.567509,1.006704
76,2.139170,0.070478,0.057071,0.013407,0.005499,1.052979,1.010214
77,2.086270,0.440075,0.426706,0.013369,0.005337,0.618313,1.022545
78,1.889426,0.100631,0.086762,0.013869,0.005250,0.775456,1.008089
79,2.001682,0.051530,0.038415,0.013115,0.005156,0.947690,0.997306
80,2.024640,0.071392,0.058539,0.012853,0.004993,0.935982,1.012273
81,2.069426,0.080192,0.067338,0.012855,0.004841,0.973057,1.011335
82,2.413550,0.896470,0.882211,0.014259,0.004668,0.523616,0.988796
83,2.293666,0.031182,0.018251,0.012931,0.004570,1.242598,1.015315
84,2.088044,0.101640,0.088726,0.012914,0.004461,0.968079,1.013864
85,1.924615,0.326404,0.312054,0.014350,0.004337,0.569136,1.024738
86,1.908192,0.103661,0.090151,0.013510,0.004267,0.792361,1.007903
87,2.021071,0.416193,0.402763,0.013430,0.004231,0.590596,1.010052
88,2.160123,0.056837,0.043698,0.013139,0.004284,1.087424,1.011578
89,1.882554,0.280834,0.267805,0.013029,0.004315,0.589182,1.008223
90,1.966981,0.076527,0.063804,0.012723,0.004439,0.870347,1.015667
91,2.358221,0.931846,0.918397,0.013449,0.004536,0.411620,1.010218
92,2.264725,0.056232,0.042337,0.013895,0.004693,1.181505,1.022294
93,2.296828,0.040658,0.026081,0.014577,0.004825,1.215227,1.036118
94,2.159508,0.755581,0.741808,0.013773,0.004924,0.387702,1.011301
95,2.080894,0.095149,0.080767,0.014382,0.005108,0.960595,1.020041
96,1.848330,0.334427,0.321238,0.013189,0.005274,0.503298,1.005331
97,2.289861,0.875839,0.862524,0.013315,0.005573,0.398720,1.009728
98,2.284798,0.072569,0.058704,0.013865,0.005981,1.192279,1.013970
99,1.992295,0.537556,0.524011,0.013545,0.006352,0.416020,1.032367
100,1.977048,0.101269,0.087503,0.013766,0.006891,0.860129,1.008758
1,3.906801,0.062963,0.038082,0.024881,0.005146,1.609802,2.228889
2,4.708462,0.862060,0.837936,0.024124,0.003980,1.625322,2.217101
3,3.960095,0.158461,0.135081,0.023380,0.003167,1.592785,2.205682
4,4.112715,0.338764,0.316021,0.022743,0.002665,1.577040,2.194246
5,3.813776,0.069310,0.047181,0.022130,0.002468,1.559533,2.182464
6,4.160641,0.458921,0.437342,0.021579,0.002372,1.528847,2.170501
7,4.005134,0.338719,0.317676,0.021044,0.002467,1.507298,2.156650
8,3.849562,0.215094,0.194579,0.020516,0.002702,1.489255,2.142510
9,4.353861,0.788127,0.768142,0.019985,0.003056,1.434241,2.128438
10,3.819264,0.286694,0.267174,0.019521,0.003553,1.419163,2.109853
11,3.835729,0.380232,0.361158,0.019074,0.004203,1.360631,2.090662
12,3.646031,0.033283,0.014780,0.018503,0.004955,1.536825,2.070968
13,4.276495,0.978109,0.960043,0.018066,0.005625,1.245632,2.047129
14,3.497349,0.104758,0.086885,0.017874,0.006332,1.373760,2.012498
15,3.695839,0.544639,0.527283,0.017356,0.007036,1.157836,1.986328
16,3.460167,0.054903,0.037367,0.017536,0.007857,1.460091,1.937316
17,3.418443,0.068946,0.051058,0.017888,0.008521,1.457446,1.883530
18,3.507007,0.806737,0.788756,0.017981,0.009031,0.853943,1.837295
19,3.162450,0.497814,0.479883,0.017931,0.009613,0.871914,1.783109
20,2.919696,0.244522,0.224018,0.020504,0.010270,0.984095,1.680808
21,2.783676,0.521399,0.499062,0.022338,0.010961,0.660101,1.591215
22,3.319685,0.104421,0.078156,0.026265,0.011759,1.714397,1.489108
23,2.872159,1.021477,0.993417,0.028060,0.012455,0.431485,1.406741
24,3.102855,0.123693,0.089766,0.033927,0.013167,1.663820,1.302176
25,2.602223,0.808185,0.772907,0.035278,0.013777,0.524174,1.256087
26,3.291839,0.133161,0.096161,0.037000,0.014424,1.914139,1.230114
27,3.083911,0.234430,0.192257,0.042173,0.014985,1.620806,1.213690
28,2.519562,1.018692,0.982134,0.036559,0.015493,0.283949,1.201428
29,3.984143,0.102130,0.072393,0.029737,0.016031,2.691806,1.174177
30,2.363009,0.470676,0.442460,0.028216,0.016481,0.697164,1.178687
31,2.839075,0.090271,0.068028,0.022243,0.016966,1.588426,1.143412
32,2.491284,0.305797,0.281825,0.023973,0.017350,1.039506,1.128630
33,2.467207,1.001328,0.979837,0.021492,0.017682,0.326143,1.122054
34,2.470336,0.099664,0.081807,0.017857,0.017951,1.236558,1.116163
35,2.159704,0.442127,0.423423,0.018705,0.018102,0.619440,1.080035
36,2.571886,0.077411,0.060853,0.016558,0.018307,1.381323,1.094845
37,2.320628,0.552819,0.536125,0.016694,0.018410,0.676659,1.072740
38,2.562649,0.048224,0.032504,0.015720,0.018540,1.419056,1.076829
39,2.663674,0.031562,0.016195,0.015367,0.018564,1.539160,1.074388
40,2.275406,0.449575,0.434176,0.015399,0.018505,0.738759,1.068566
41,2.394464,0.677565,0.662313,0.015252,0.018515,0.640660,1.057724
42,2.307254,0.498704,0.483450,0.015254,0.018522,0.730082,1.059946
43,2.345530,0.553849,0.538516,0.015334,0.018544,0.714117,1.059020
44,2.371223,0.054850,0.039194,0.015656,0.018587,1.227859,1.069927
45,2.573323,0.025204,0.009497,0.015707,0.018501,1.461808,1.067810
46,2.200364,0.126673,0.110945,0.015728,0.018327,1.004781,1.050583
47,2.278838,0.504703,0.489056,0.015647,0.018088,0.726139,1.029907
48,2.221856,0.102709,0.087583,0.015126,0.017917,1.047715,1.053514
49,2.124369,0.260118,0.245148,0.014970,0.017540,0.815195,1.031516
50,2.159067,0.340523,0.325677,0.014846,0.017286,0.781700,1.019559
51,2.157715,0.234176,0.220055,0.014121,0.017129,0.884276,1.022135
52,2.284508,0.065831,0.052142,0.013689,0.017100,1.179621,1.021956
53,2.283060,0.081967,0.068463,0.013504,0.016993,1.163448,1.020652
54,2.405496,0.073126,0.059594,0.013532,0.016843,1.289269,1.026257
55,2.373500,0.066825,0.052998,0.013827,0.016658,1.272141,1.017877
56,2.236491,0.371969,0.357154,0.014815,0.016449,0.813197,1.034877
57,2.104173,0.322390,0.307390,0.015000,0.016297,0.740194,1.025291
58,2.060870,0.268929,0.253807,0.015123,0.016193,0.750536,1.025212
59,2.396178,0.755696,0.740836,0.014860,0.016123,0.608670,1.015688
60,2.174715,0.138434,0.124368,0.014066,0.016021,1.009803,1.010458
61,2.443895,0.860221,0.846068,0.014153,0.015837,0.538216,1.029621
62,2.019622,0.249739,0.236378,0.013360,0.015634,0.745434,1.008816
63,2.026047,0.229161,0.216022,0.013139,0.015569,0.760886,1.020431
64,2.875645,0.020682,0.007438,0.013244,0.015680,1.820696,1.018587
65,2.515773,0.046090,0.032667,0.013423,0.015737,1.440891,1.013056
66,2.116743,0.166982,0.153195,0.013787,0.015738,0.915232,1.018792
67,2.532430,0.038933,0.025262,0.013672,0.015740,1.455885,1.021872
68,2.199988,0.090776,0.077118,0.013658,0.015680,1.067560,1.025973
69,2.549408,0.029734,0.016047,0.013687,0.015555,1.483959,1.020161
70,2.358018,0.819095,0.805160,0.013935,0.015379,0.513540,1.010004
71,2.073361,0.462958,0.449139,0.013819,0.015182,0.585565,1.009657
72,2.381425,0.789583,0.775894,0.013690,0.015016,0.569988,1.006838
73,2.164734,0.047271,0.034056,0.013215,0.014849,1.090934,1.011681
74,2.222488,0.041522,0.028391,0.013131,0.014578,1.154636,1.011752
75,2.430256,0.873497,0.860023,0.013474,0.014240,0.539569,1.002950
76,2.157637,0.062205,0.049030,0.013174,0.013916,1.070900,1.010616
77,2.208766,0.582692,0.569216,0.013476,0.013510,0.589443,1.023121
78,1.997360,0.207427,0.194336,0.013090,0.013213,0.769485,1.007234
79,2.085610,0.094440,0.081572,0.012868,0.012978,0.964461,1.013730
80,2.044884,0.064688,0.051788,0.012900,0.012620,0.955022,1.012552
81,2.098439,0.092197,0.079384,0.012813,0.012188,0.981389,1.012665
82,2.488976,0.975543,0.961363,0.014180,0.011746,0.522872,0.978815
83,2.301136,0.027885,0.014995,0.012890,0.011396,1.246235,1.015620
84,2.103242,0.121892,0.108980,0.012911,0.011019,0.956464,1.013868
85,2.136876,0.515317,0.500819,0.014498,0.010629,0.587613,1.023316
86,1.998585,0.165405,0.151897,0.013508,0.010323,0.816556,1.006301
87,2.127133,0.499178,0.484742,0.014436,0.010145,0.609409,1.008401
88,2.157813,0.052696,0.039678,0.013018,0.010054,1.083818,1.011245
89,2.028878,0.422343,0.408856,0.013487,0.009906,0.587683,1.008947
90,2.064798,0.151923,0.138424,0.013498,0.009844,0.887802,1.015229
91,2.403123,0.959433,0.946204,0.013229,0.009795,0.423509,1.010385
92,2.255128,0.051122,0.037265,0.013857,0.009772,1.176737,1.017496
93,2.333098,0.039214,0.024704,0.014510,0.009713,1.253818,1.030353
94,2.235579,0.816429,0.802550,0.013879,0.009615,0.400137,1.009398
95,2.115549,0.130411,0.116523,0.013888,0.009568,0.957172,1.018398
96,2.063737,0.529579,0.516229,0.013351,0.009558,0.514904,1.009696
97,2.332132,0.919640,0.906309,0.013331,0.009670,0.395479,1.007343
98,2.283645,0.069082,0.055119,0.013964,0.009825,1.190841,1.013897
99,2.099374,0.640456,0.626528,0.013927,0.009943,0.426002,1.022974
100,2.096330,0.195433,0.181816,0.013617,0.010184,0.880916,1.009797
1,3.901890,0.058052,0.033171,0.024881,0.005146,1.609802,2.228889
2,4.761436,0.915323,0.891220,0.024103,0.003975,1.624988,2.217149
3,3.959917,0.158532,0.135152,0.023380,0.003089,1.592599,2.205697
4,4.119043,0.345807,0.323040,0.022768,0.002562,1.576446,2.194228
5,3.813578,0.069042,0.046866,0.022176,0.002361,1.559727,2.182448
6,4.163579,0.461841,0.440195,0.021646,0.002272,1.529026,2.170440
7,4.007367,0.340896,0.319760,0.021136,0.002380,1.507399,2.156693
8,3.846680,0.214423,0.193786,0.020637,0.002632,1.487131,2.142493
9,4.388359,0.821578,0.801456,0.020121,0.003007,1.435218,2.128556
10,3.828363,0.293731,0.274035,0.019695,0.003538,1.421111,2.109983
11,3.845957,0.388478,0.369212,0.019266,0.004224,1.362364,2.090892
12,3.658355,0.032539,0.013840,0.018699,0.005014,1.548826,2.071976
13,4.358253,1.053941,1.035665,0.018276,0.005715,1.250479,2.048117
14,3.496879,0.103714,0.085609,0.018105,0.006485,1.372332,2.014348
15,3.712538,0.554048,0.536465,0.017583,0.007243,1.163047,1.988200
16,3.469903,0.054137,0.036386,0.017751,0.008122,1.466901,1.940743
17,3.437901,0.067679,0.049552,0.018126,0.008833,1.473560,1.887829
18,3.575165,0.852179,0.833979,0.018200,0.009381,0.870774,1.842831
19,3.194337,0.509762,0.491690,0.018072,0.010032,0.884022,1.790522
20,2.962294,0.241899,0.221494,0.020404,0.010757,1.016476,1.693162
21,2.853255,0.567084,0.544951,0.022133,0.011506,0.669570,1.605095
22,3.178282,0.102485,0.076404,0.026080,0.012393,1.562827,1.500578
23,3.005169,1.128758,1.101231,0.027527,0.013162,0.445877,1.417372
24,3.113553,0.119060,0.085795,0.033265,0.013682,1.671936,1.308875
25,2.591861,0.835795,0.801316,0.034479,0.014113,0.483272,1.258681
26,3.368823,0.133744,0.096717,0.037027,0.014632,1.987668,1.232779
27,3.133837,0.234440,0.191747,0.042693,0.015075,1.674316,1.210006
28,2.545070,0.970261,0.933223,0.037038,0.015479,0.357418,1.201911
29,4.009713,0.100257,0.069746,0.030511,0.015662,2.713778,1.180016
30,2.423742,0.506144,0.477002,0.029141,0.015789,0.714626,1.187183
31,2.806500,0.090579,0.067434,0.023144,0.015991,1.553746,1.146185
32,2.455352,0.296998,0.272401,0.024596,0.016126,1.007014,1.135214
33,2.772285,1.297048,1.275025,0.022023,0.016241,0.333136,1.125861
34,2.406021,0.096589,0.078381,0.018208,0.016357,1.192009,1.101066
35,2.130411,0.436488,0.417489,0.018999,0.016394,0.593317,1.084212
36,2.507596,0.075467,0.058926,0.016541,0.016528,1.323686,1.091915
37,2.319171,0.554634,0.538007,0.016627,0.016580,0.676023,1.071934
38,2.588953,0.047163,0.031573,0.015590,0.016676,1.449519,1.075594
39,2.619057,0.026762,0.011503,0.015259,0.016697,1.501719,1.073879
40,2.296223,0.473528,0.458202,0.015326,0.016646,0.737798,1.068252
41,2.409750,0.714743,0.699549,0.015195,0.016700,0.619644,1.058663
42,2.297196,0.508983,0.493701,0.015282,0.016767,0.710990,1.060456
43,2.360522,0.564450,0.549027,0.015424,0.016851,0.719765,1.059456
44,2.382827,0.053907,0.038183,0.015724,0.016966,1.241095,1.070859
45,2.543117,0.024072,0.008302,0.015770,0.016976,1.433722,1.068347
46,2.177445,0.125470,0.109694,0.015775,0.016898,0.982646,1.052431
47,2.268700,0.510936,0.495334,0.015601,0.016779,0.712403,1.028583
48,2.249158,0.102657,0.087598,0.015060,0.016711,1.074157,1.055633
49,2.128309,0.271193,0.256372,0.014821,0.016474,0.807559,1.033082
50,2.133820,0.338682,0.323972,0.014709,0.016340,0.759517,1.019281
51,2.118963,0.226817,0.212754,0.014063,0.016279,0.854276,1.021592
52,2.309721,0.065848,0.052117,0.013731,0.016307,1.205209,1.022357
53,2.310483,0.080361,0.066729,0.013632,0.016265,1.192448,1.021409
54,2.358036,0.069739,0.055965,0.013774,0.016177,1.245501,1.026619
55,2.324067,0.057962,0.043927,0.014035,0.016041,1.232586,1.017478
56,2.255017,0.364890,0.349933,0.014957,0.015866,0.839728,1.034532
57,2.057084,0.311443,0.296534,0.014909,0.015754,0.704823,1.025065
58,2.070686,0.266949,0.252051,0.014898,0.015679,0.761494,1.026564
59,2.434816,0.792473,0.777830,0.014643,0.015635,0.611477,1.015230
60,2.167376,0.123199,0.109318,0.013881,0.015580,1.018931,1.009666
61,2.596592,0.999221,0.985397,0.013824,0.015448,0.550713,1.031210
62,2.035922,0.251187,0.237816,0.013370,0.015322,0.763197,1.006216
63,2.036500,0.224070,0.210857,0.013213,0.015334,0.776689,1.020406
64,2.807207,0.018530,0.005253,0.013276,0.015501,1.756172,1.017004
65,2.561406,0.045182,0.031822,0.013360,0.015611,1.488238,1.012374
66,2.141672,0.167658,0.154003,0.013654,0.015669,0.940973,1.017372
67,2.539914,0.038077,0.024331,0.013745,0.015730,1.463253,1.022854
68,2.182545,0.092471,0.078692,0.013779,0.015729,1.047232,1.027113
69,2.563065,0.029530,0.015814,0.013716,0.015660,1.497254,1.020621
70,2.463824,0.913494,0.899678,0.013817,0.015542,0.523498,1.011290
71,2.076740,0.456271,0.442563,0.013708,0.015417,0.597439,1.007614
72,2.366669,0.771617,0.758011,0.013605,0.015317,0.573666,1.006069
73,2.199020,0.045500,0.032304,0.013197,0.015216,1.125604,1.012700
74,2.276885,0.037898,0.024777,0.013121,0.015023,1.213051,1.010913
75,2.545985,0.981333,0.967817,0.013516,0.014775,0.546875,1.003001
76,2.183332,0.057362,0.044170,0.013192,0.014553,1.100655,1.010762
77,2.204897,0.575082,0.561549,0.013533,0.014250,0.595543,1.020022
78,2.010741,0.205177,0.192194,0.012983,0.014036,0.777130,1.014398
79,2.101261,0.090604,0.077627,0.012976,0.013868,0.999724,0.997065
80,2.067397,0.064452,0.051495,0.012957,0.013552,0.976789,1.012603
81,2.103725,0.090193,0.077435,0.012758,0.013137,0.988680,1.011715
82,2.637990,1.092937,1.078374,0.014563,0.012693,0.551486,0.980874
83,2.282361,0.026215,0.013356,0.012859,0.012372,1.228442,1.015333
84,2.104854,0.120746,0.107798,0.012948,0.012011,0.957873,1.014223
85,2.182405,0.525740,0.510738,0.015003,0.011619,0.614136,1.030910
86,2.009117,0.160526,0.146986,0.013539,0.011306,0.826464,1.010821
87,2.157261,0.508455,0.493766,0.014689,0.011077,0.630574,1.007154
88,2.189189,0.044629,0.031470,0.013159,0.010933,1.123969,1.009658
89,2.041077,0.414175,0.400542,0.013633,0.010743,0.608141,1.008017
90,2.058196,0.147954,0.134405,0.013548,0.010633,0.884411,1.015198
91,2.487083,1.019638,1.006498,0.013140,0.010538,0.447189,1.009718
92,2.235188,0.048553,0.034988,0.013565,0.010484,1.156353,1.019798
93,2.309551,0.037637,0.023451,0.014186,0.010392,1.231266,1.030257
94,2.264680,0.812608,0.798680,0.013928,0.010261,0.428049,1.013762
95,2.103771,0.124726,0.110963,0.013763,0.010178,0.948195,1.020672
96,2.059067,0.510101,0.496575,0.013526,0.010132,0.530994,1.007840
97,2.389613,0.959783,0.946254,0.013529,0.010187,0.415002,1.004642
98,2.251167,0.066617,0.052674,0.013943,0.010310,1.159279,1.014960
99,2.137660,0.663225,0.649576,0.013649,0.010392,0.430237,1.033805
100,2.098072,0.192173,0.178571,0.013602,0.010600,0.885127,1.010171
1,3.901890,0.058052,0.033171,0.024881,0.005146,1.609802,2.228889
2,4.761436,0.915323,0.891220,0.024103,0.003975,1.624988,2.217149
3,3.959917,0.158532,0.135152,0.023380,0.003089,1.592599,2.205697
4,4.119043,0.345807,0.323040,0.022768,0.002562,1.576446,2.194228
5,3.813578,0.069042,0.046866,0.022176,0.002361,1.559727,2.182448
6,4.163579,0.461841,0.440195,0.021646,0.002272,1.529026,2.170440
7,4.007308,0.340896,0.319760,0.021136,0.002380,1.507348,2.156683
8,3.847905,0.214425,0.193788,0.020637,0.002632,1.488371,2.142476
1,4.044924,0.183990,0.159103,0.024887,0.005146,1.626891,2.228896
2,3.992351,0.164300,0.140158,0.024142,0.004372,1.606313,2.217366
3,4.422968,0.621276,0.597772,0.023504,0.003785,1.592069,2.205838
4,3.989407,0.221769,0.198874,0.022894,0.003375,1.569983,2.194280
5,4.633944,0.908395,0.886057,0.022338,0.003245,1.539836,2.182468
6,4.625320,0.936649,0.914817,0.021832,0.003173,1.515587,2.169911
7,4.044915,0.395633,0.374300,0.021333,0.003161,1.489631,2.156490
8,3.750317,0.108869,0.088046,0.020823,0.003321,1.495603,2.142524
9,4.246020,0.701957,0.681586,0.020371,0.003579,1.413431,2.127053
10,3.706444,0.164568,0.144685,0.019883,0.004022,1.428391,2.109463
11,4.372531,0.965474,0.946010,0.019464,0.004585,1.313354,2.089118
12,3.625145,0.046432,0.027507,0.018925,0.005209,1.504850,2.068655
13,4.307572,1.053899,1.035391,0.018508,0.005790,1.205217,2.042666
14,3.771335,0.592410,0.574013,0.018397,0.006454,1.163326,2.009145
15,3.453049,0.102839,0.084657,0.018182,0.007252,1.370631,1.972327
16,3.484891,0.526490,0.508272,0.018219,0.008001,1.021090,1.929310
17,3.254803,0.399265,0.380357,0.018908,0.008888,0.978157,1.868494
18,3.268844,0.112284,0.092259,0.020025,0.009827,1.347357,1.799377
19,3.079511,0.154712,0.133185,0.021527,0.010675,1.192999,1.721125
20,3.701561,0.040255,0.018838,0.021417,0.011448,1.989027,1.660832
21,2.875901,0.323425,0.297455,0.025970,0.012098,1.005344,1.535034
22,3.444734,0.042835,0.018934,0.023901,0.012831,1.894543,1.494526
23,2.653716,0.806003,0.779413,0.026591,0.013440,0.428256,1.406016
24,3.537096,0.045757,0.020526,0.025230,0.014205,2.133734,1.343401
25,3.588683,0.056343,0.030958,0.025385,0.014865,2.225280,1.292195
26,2.785300,0.176248,0.144161,0.032087,0.015430,1.359836,1.233787
27,3.581627,0.086532,0.060090,0.026442,0.015922,2.251043,1.228131
28,2.319638,0.433182,0.405081,0.028101,0.016328,0.672752,1.197376
29,3.197116,0.128438,0.103964,0.024474,0.016796,1.870711,1.181170
30,2.348080,0.273980,0.251963,0.022017,0.017203,0.890185,1.166712
31,2.698224,0.074791,0.056884,0.017907,0.017642,1.442066,1.163724
32,2.276204,0.442232,0.424636,0.017596,0.017985,0.674956,1.141032
33,3.029095,1.297567,1.280872,0.016695,0.018387,0.559090,1.154052
34,2.396515,0.082342,0.067183,0.015159,0.018759,1.150328,1.145086
35,2.595226,0.836282,0.820852,0.015430,0.018930,0.640218,1.099796
36,2.477701,0.030942,0.016253,0.014689,0.019089,1.295238,1.132431
37,2.426033,0.581445,0.566151,0.015295,0.019065,0.745227,1.080296
38,2.258612,0.338685,0.323562,0.015123,0.019061,0.820408,1.080457
39,2.130055,0.160192,0.144977,0.015215,0.019106,0.897466,1.053291
40,2.268681,0.053305,0.038213,0.015092,0.019162,1.133474,1.062739
41,2.213727,0.146598,0.131935,0.014663,0.018964,1.005396,1.042769
42,2.244107,0.424421,0.410144,0.014277,0.018673,0.760686,1.040327
43,2.218980,0.374939,0.360901,0.014038,0.018433,0.788956,1.036652
44,2.548209,0.870701,0.856690,0.014010,0.018255,0.641878,1.017375
45,2.403370,0.050975,0.036735,0.014240,0.018093,1.312394,1.021908
46,2.222002,0.546806,0.531280,0.015526,0.017877,0.646086,1.011234
47,2.145102,0.537112,0.521062,0.016050,0.017791,0.580412,1.009788
48,2.487766,0.961535,0.945676,0.015859,0.017745,0.496671,1.011814
49,2.124447,0.211523,0.196511,0.015012,0.017750,0.877892,1.017282
50,2.111708,0.616896,0.602073,0.014823,0.017792,0.471388,1.005632
51,2.465752,0.976498,0.963081,0.013418,0.017937,0.458498,1.012818
52,2.507987,1.051243,1.037948,0.013295,0.018169,0.424684,1.013892
53,3.020974,0.044790,0.030659,0.014131,0.017893,1.949696,1.008595
54,2.289363,0.498532,0.482462,0.016070,0.017617,0.762387,1.010827
55,2.218100,0.334290,0.317617,0.016673,0.017404,0.856688,1.009718
56,3.017994,0.035953,0.018840,0.017113,0.017240,1.951649,1.013152
57,2.060404,0.367611,0.349568,0.018042,0.017057,0.667504,1.008232
58,1.964714,0.307235,0.289797,0.017438,0.016914,0.631745,1.008820
59,2.055431,0.566385,0.550605,0.015780,0.016808,0.467971,1.004268
60,2.011764,0.365138,0.350808,0.014331,0.016808,0.621713,1.008105
61,2.313113,0.842569,0.829181,0.013388,0.016950,0.431112,1.022482
62,2.146569,0.049378,0.035189,0.014189,0.017183,1.060241,1.019768
63,2.286495,0.030207,0.015889,0.014318,0.017290,1.217157,1.021842
64,2.474734,0.019549,0.005262,0.014287,0.017285,1.418179,1.019721
65,2.153718,0.523988,0.507479,0.016509,0.017208,0.600484,1.012039
66,2.257442,0.023456,0.009123,0.014333,0.017225,1.195088,1.021673
67,2.111991,0.062033,0.047558,0.014475,0.017098,1.009602,1.023259
68,2.120715,0.035507,0.021541,0.013967,0.016691,1.052366,1.016151
69,2.167852,0.029699,0.016073,0.013626,0.016012,1.107660,1.014482
70,2.362629,0.541302,0.524248,0.017054,0.015171,0.782024,1.024132
71,2.098298,0.138377,0.123510,0.014867,0.014459,0.916107,1.029355
72,2.193955,0.303476,0.287335,0.016141,0.013827,0.860513,1.016140
73,2.649476,0.755263,0.738123,0.017140,0.013302,0.834624,1.046287
74,2.113338,0.148325,0.133827,0.014498,0.012887,0.932194,1.019932
75,2.771791,0.969830,0.953848,0.015982,0.012519,0.785693,1.003749
76,2.123497,0.052633,0.038889,0.013744,0.012213,1.041715,1.016935
77,2.285686,0.485373,0.470863,0.014509,0.011800,0.758547,1.029966
78,2.104063,0.052741,0.039513,0.013228,0.011489,1.025884,1.013949
79,2.040751,0.228551,0.214955,0.013597,0.011074,0.801867,0.999259
80,2.631261,0.992512,0.978845,0.013667,0.010710,0.593802,1.034237
81,2.143753,0.051458,0.038314,0.013144,0.010442,1.063007,1.018846
82,1.987303,0.144685,0.131571,0.013114,0.010114,0.824944,1.007560
83,2.296356,0.039662,0.026512,0.013149,0.009945,1.227849,1.018900
84,2.463143,0.876732,0.863429,0.013303,0.009758,0.549678,1.026975
85,1.987304,0.315084,0.302018,0.013066,0.009539,0.646180,1.016501
86,2.286569,0.794718,0.781380,0.013338,0.009435,0.478194,1.004222
87,2.088856,0.407386,0.394296,0.013089,0.009404,0.665125,1.006941
88,2.015400,0.246274,0.233456,0.012819,0.009535,0.744682,1.014908
89,2.294724,0.082562,0.069480,0.013082,0.009836,1.180788,1.021537
90,2.533937,0.073039,0.059989,0.013050,0.010097,1.436309,1.014492
91,2.280554,0.870137,0.857117,0.013019,0.010322,0.395775,1.004321
92,2.136962,0.197169,0.183846,0.013323,0.010621,0.914578,1.014593
93,2.570451,0.037500,0.023409,0.014091,0.010962,1.493913,1.028076
94,2.000259,0.342638,0.329472,0.013166,0.011241,0.630594,1.015787
95,2.032738,0.368100,0.355057,0.013043,0.011636,0.633564,1.019438
96,2.033617,0.249113,0.236120,0.012993,0.012251,0.769951,1.002303
97,2.170468,0.680923,0.668021,0.012902,0.012910,0.468505,1.008130
98,2.305030,0.872696,0.859730,0.012966,0.013663,0.404399,1.014273
99,2.158638,0.695458,0.682525,0.012933,0.014456,0.431641,1.017083
100,2.151892,0.690021,0.676951,0.013070,0.015313,0.434200,1.012357
1,3.886979,0.046140,0.021296,0.024844,0.005146,1.606862,2.228832
2,3.851020,0.038428,0.014410,0.024019,0.003961,1.591618,2.217012
3,3.824075,0.036648,0.013369,0.023279,0.002977,1.579285,2.205165
4,3.821448,0.058201,0.035584,0.022617,0.002193,1.568033,2.193021
5,3.769873,0.036686,0.014680,0.022007,0.001661,1.551096,2.180429
6,3.754320,0.045695,0.024255,0.021440,0.001297,1.540113,2.167216
7,3.718343,0.039693,0.018782,0.020911,0.001106,1.524641,2.152903
8,3.672466,0.028486,0.008085,0.020401,0.001021,1.505518,2.137441
9,3.665592,0.048752,0.028851,0.019902,0.000967,1.495049,2.120823
10,3.613531,0.037549,0.018108,0.019442,0.000970,1.474306,2.100705
11,3.578158,0.037772,0.018779,0.018993,0.000972,1.460306,2.079108
12,3.520954,0.031586,0.012987,0.018599,0.000951,1.436785,2.051631
13,3.459804,0.041817,0.023481,0.018336,0.000899,1.397667,2.019422
14,3.376302,0.026329,0.007979,0.018351,0.000835,1.370691,1.978447
15,3.313134,0.039616,0.021029,0.018586,0.000746,1.339807,1.932965
16,3.201569,0.036255,0.016907,0.019348,0.000667,1.293749,1.870898
17,3.094808,0.048410,0.027526,0.020885,0.000612,1.249026,1.796759
18,2.940068,0.033032,0.009876,0.023156,0.000590,1.198460,1.707987
19,2.799565,0.043964,0.016740,0.027224,0.000585,1.156006,1.599010
20,2.644448,0.054017,0.020828,0.033189,0.000616,1.114048,1.475766
21,2.562362,0.049823,0.008387,0.041435,0.000680,1.154741,1.357119
22,2.564298,0.075662,0.021542,0.054119,0.000747,1.229462,1.258428
23,2.820666,0.088558,0.022261,0.066297,0.000811,1.499693,1.231604
24,2.668772,0.098185,0.022364,0.075820,0.000874,1.329587,1.240127
25,2.691069,0.117579,0.034102,0.083477,0.000930,1.267132,1.305428
26,2.906269,0.101112,0.016707,0.084405,0.000982,1.467850,1.336324
27,2.745454,0.117128,0.039320,0.077808,0.001030,1.249862,1.377435
28,2.545181,0.095612,0.020519,0.075092,0.001068,1.103177,1.345324
29,2.353432,0.082359,0.013286,0.069072,0.001100,0.943397,1.326576
30,2.674957,0.072269,0.011041,0.061228,0.001120,1.330899,1.270670
31,2.042342,0.067196,0.014035,0.053161,0.001130,0.756738,1.217278
32,2.062846,0.067396,0.022041,0.045356,0.001134,0.840872,1.153443
33,2.704831,0.048962,0.012659,0.036303,0.001129,1.555031,1.099709
34,2.802950,0.047980,0.018002,0.029978,0.001117,1.693850,1.060003
35,2.157796,0.062097,0.036443,0.025654,0.001102,1.051070,1.043526
36,2.284878,0.041904,0.019602,0.022302,0.001085,1.205772,1.036118
37,2.197078,0.039343,0.019016,0.020326,0.001061,1.116754,1.039921
38,2.462019,0.037633,0.018824,0.018809,0.001026,1.360645,1.062716
39,2.292603,0.025797,0.007601,0.018196,0.000986,1.204190,1.061630
40,2.342504,0.040000,0.021926,0.018074,0.000939,1.228322,1.073242
41,2.214397,0.039700,0.021657,0.018043,0.000894,1.089941,1.083862
42,2.204609,0.035413,0.017473,0.017940,0.000847,1.077671,1.090678
43,2.199375,0.043372,0.025990,0.017382,0.000791,1.064774,1.090439
44,2.187602,0.029491,0.012824,0.016666,0.000754,1.073575,1.083782
45,2.186760,0.024161,0.007926,0.016234,0.000712,1.086406,1.075481
46,2.129477,0.027776,0.011877,0.015899,0.000655,1.033769,1.067276
47,2.080511,0.031365,0.015760,0.015605,0.000604,0.989581,1.058962
48,2.201248,0.050117,0.034911,0.015206,0.000567,1.101231,1.049333
49,2.216930,0.029541,0.014684,0.014857,0.000560,1.144776,1.042052
50,2.153775,0.033374,0.018779,0.014594,0.000560,1.082011,1.037830
51,2.091602,0.041182,0.026828,0.014353,0.000568,1.013880,1.035972
52,2.156362,0.031533,0.017535,0.013998,0.000597,1.088495,1.035737
53,2.200482,0.030574,0.016805,0.013769,0.000621,1.133219,1.036069
54,2.248131,0.043609,0.029969,0.013639,0.000640,1.168576,1.035306
55,2.281299,0.043309,0.029629,0.013680,0.000657,1.202546,1.034787
56,2.268179,0.023692,0.009892,0.013801,0.000683,1.208869,1.034935
57,2.304205,0.040348,0.026358,0.013990,0.000697,1.229162,1.033998
58,2.242867,0.034392,0.020209,0.014183,0.000714,1.176986,1.030775
59,2.263268,0.041665,0.027338,0.014327,0.000728,1.192750,1.028125
60,2.142240,0.030803,0.016301,0.014501,0.000742,1.085273,1.025422
61,2.188253,0.035571,0.021204,0.014367,0.000749,1.129122,1.022811
62,2.123182,0.033600,0.019297,0.014302,0.000754,1.068146,1.020682
63,2.153975,0.034410,0.020375,0.014035,0.000769,1.099930,1.018866
64,2.110240,0.020632,0.006856,0.013776,0.000777,1.072594,1.016236
65,2.112101,0.029759,0.016310,0.013450,0.000729,1.066592,1.015020
66,2.175587,0.025180,0.011956,0.013224,0.000693,1.134485,1.015228
67,2.155403,0.039677,0.026510,0.013168,0.000652,1.100434,1.014640
68,2.110204,0.037671,0.024419,0.013252,0.000617,1.056244,1.015672
69,2.040889,0.033253,0.020060,0.013193,0.000594,0.991482,1.015560
70,2.181711,0.042526,0.029406,0.013121,0.000578,1.123061,1.015545
71,2.135554,0.029682,0.016560,0.013122,0.000580,1.090694,1.014598
72,2.241914,0.028385,0.015215,0.013170,0.000580,1.199089,1.013859
73,2.171030,0.026192,0.012956,0.013235,0.000575,1.131060,1.013203
74,2.244507,0.033011,0.019764,0.013247,0.000565,1.197261,1.013669
75,2.085947,0.026514,0.013280,0.013234,0.000576,1.046430,1.012427
76,2.050295,0.021603,0.008378,0.013225,0.000589,1.015231,1.012871
77,2.102724,0.035647,0.022391,0.013257,0.000576,1.053776,1.012725
78,2.158675,0.035448,0.022210,0.013238,0.000567,1.110356,1.012304
79,2.118876,0.026888,0.013669,0.013219,0.000568,1.078685,1.012735
80,2.128551,0.031615,0.018332,0.013283,0.000560,1.084479,1.011897
81,2.178782,0.033423,0.020214,0.013209,0.000570,1.132410,1.012379
82,2.093668,0.025851,0.012825,0.013026,0.000587,1.055083,1.012147
83,2.107715,0.026862,0.013905,0.012957,0.000605,1.066949,1.013298
84,2.227925,0.053369,0.040523,0.012845,0.000614,1.161372,1.012571
85,2.157847,0.028570,0.015781,0.012789,0.000650,1.115512,1.013115
86,2.108621,0.031603,0.018858,0.012744,0.000685,1.063292,1.013042
87,2.150681,0.020568,0.007839,0.012729,0.000687,1.117463,1.011963
88,2.122398,0.034073,0.021331,0.012743,0.000660,1.074625,1.013040
89,2.118929,0.031613,0.018834,0.012780,0.000632,1.068710,1.017973
90,2.127848,0.018582,0.005816,0.012766,0.000599,1.096698,1.011969
91,2.166460,0.040952,0.028153,0.012798,0.000556,1.108591,1.016361
92,2.143049,0.039697,0.026879,0.012819,0.000536,1.091123,1.011693
93,2.139219,0.039973,0.027087,0.012886,0.000550,1.088217,1.010478
94,2.086929,0.036884,0.024090,0.012793,0.000607,1.038102,1.011336
95,2.135751,0.027489,0.014691,0.012797,0.000710,1.096407,1.011146
96,2.103848,0.039434,0.026647,0.012786,0.000809,1.052354,1.011250
97,2.065292,0.028881,0.016117,0.012764,0.000899,1.025117,1.010395
98,2.157000,0.032491,0.019740,0.012751,0.000961,1.112534,1.011014
99,2.129833,0.036095,0.023372,0.012724,0.000997,1.081279,1.011462
100,2.102077,0.045112,0.032424,0.012688,0.000977,1.045395,1.010594
1,3.886979,0.046140,0.021296,0.024844,0.005146,1.606862,2.228832
2,3.851020,0.038428,0.014410,0.024019,0.003961,1.591618,2.217012
3,3.824075,0.036648,0.013369,0.023279,0.002977,1.579285,2.205165
4,3.821448,0.058201,0.035584,0.022617,0.002193,1.568033,2.193021
5,3.769873,0.036686,0.014680,0.022007,0.001661,1.551096,2.180429
6,3.754320,0.045695,0.024255,0.021440,0.001297,1.540113,2.167216
7,3.718343,0.039693,0.018782,0.020911,0.001106,1.524641,2.152903
8,3.672466,0.028486,0.008085,0.020401,0.001021,1.505518,2.137441
9,3.665592,0.048752,0.028851,0.019902,0.000967,1.495049,2.120823
10,3.613531,0.037549,0.018107,0.019442,0.000970,1.474306,2.100705
11,3.578158,0.037772,0.018779,0.018993,0.000972,1.460306,2.079108
12,3.520954,0.031587,0.012988,0.018599,0.000951,1.436785,2.051631
13,3.459804,0.041817,0.023481,0.018336,0.000899,1.397667,2.019422
14,3.376302,0.026329,0.007979,0.018351,0.000835,1.370691,1.978447
15,3.313133,0.039616,0.021029,0.018586,0.000746,1.339807,1.932964
16,3.201569,0.036255,0.016907,0.019348,0.000667,1.293749,1.870898
17,3.087986,0.048477,0.027570,0.020907,0.000612,1.242514,1.796383
18,2.959304,0.033107,0.010011,0.023096,0.000590,1.217546,1.708062
19,2.803006,0.044389,0.016909,0.027480,0.000585,1.162388,1.595643
20,2.661912,0.054525,0.021047,0.033478,0.000616,1.132303,1.474469
21,2.566381,0.050712,0.008541,0.042171,0.000683,1.161087,1.353899
22,2.664745,0.075543,0.022094,0.053449,0.000754,1.327229,1.261220
23,2.647030,0.087675,0.021612,0.066064,0.000824,1.326861,1.231670
24,2.653719,0.099160,0.023292,0.075868,0.000896,1.313695,1.239969
25,2.584870,0.118002,0.035578,0.082424,0.000962,1.161534,1.304372
26,2.660723,0.098973,0.016655,0.082318,0.001023,1.240269,1.320458
27,2.483713,0.104349,0.028554,0.075795,0.001078,1.012921,1.365365
28,2.359884,0.092457,0.019707,0.072750,0.001126,0.923932,1.342370
29,2.240394,0.080287,0.012771,0.067516,0.001162,0.835965,1.322980
30,2.641252,0.068874,0.010953,0.057922,0.001179,1.313725,1.257474
31,1.889187,0.062292,0.013387,0.048905,0.001185,0.630325,1.195385
32,2.234540,0.062635,0.021510,0.041125,0.001180,1.031605,1.139121
33,2.693368,0.047034,0.012907,0.034126,0.001168,1.557815,1.087351
34,2.873677,0.046715,0.017741,0.028974,0.001150,1.772371,1.053441
35,2.208238,0.062549,0.036714,0.025835,0.001130,1.103574,1.040985
36,2.189011,0.042469,0.019171,0.023298,0.001108,1.106271,1.039163
37,2.299671,0.040388,0.019034,0.021354,0.001076,1.212125,1.046082
38,2.400901,0.038731,0.018836,0.019895,0.001036,1.291325,1.069809
39,2.308262,0.026714,0.007517,0.019197,0.000994,1.211620,1.068934
40,2.301444,0.040664,0.021801,0.018863,0.000942,1.179498,1.080340
41,2.179260,0.040317,0.021717,0.018600,0.000893,1.048285,1.089764
42,2.204852,0.035709,0.017445,0.018263,0.000844,1.073579,1.094720
43,2.196182,0.043529,0.026067,0.017462,0.000783,1.058848,1.093022
44,2.173514,0.029414,0.012794,0.016620,0.000744,1.058562,1.084795
45,2.229295,0.024041,0.007947,0.016094,0.000699,1.129295,1.075260
46,2.190900,0.027606,0.011860,0.015746,0.000644,1.096320,1.066330
47,2.161558,0.031336,0.015755,0.015581,0.000599,1.071343,1.058279
48,2.231155,0.050259,0.034970,0.015289,0.000563,1.130125,1.050208
49,2.247810,0.029818,0.014728,0.015090,0.000551,1.173324,1.044117
50,2.141891,0.033674,0.018724,0.014950,0.000547,1.067191,1.040480
51,2.114206,0.041556,0.026879,0.014677,0.000551,1.034137,1.037962
52,2.199861,0.031838,0.017556,0.014283,0.000578,1.130657,1.036788
53,2.191509,0.030785,0.016786,0.013999,0.000601,1.124372,1.035751
54,2.222078,0.043669,0.029926,0.013743,0.000620,1.142274,1.035515
55,2.223866,0.043373,0.029752,0.013621,0.000637,1.145869,1.033986
56,2.255039,0.023501,0.009919,0.013582,0.000667,1.196862,1.034010
57,2.243918,0.040003,0.026312,0.013691,0.000684,1.170539,1.032692
58,2.213684,0.033868,0.020026,0.013843,0.000706,1.150161,1.028948
59,2.203585,0.041390,0.027387,0.014002,0.000725,1.134716,1.026754
60,2.145212,0.030558,0.016339,0.014219,0.000746,1.089374,1.024535
61,2.119004,0.035326,0.021158,0.014168,0.000755,1.061201,1.021723
62,2.173570,0.033437,0.019315,0.014123,0.000759,1.120217,1.019156
63,2.129663,0.034321,0.020373,0.013948,0.000767,1.077129,1.017446
64,2.077597,0.020608,0.006835,0.013772,0.000766,1.040839,1.015385
65,2.126147,0.029770,0.016224,0.013545,0.000722,1.081526,1.014129
66,2.205755,0.025245,0.011969,0.013276,0.000690,1.165069,1.014752
67,2.142469,0.039480,0.026346,0.013134,0.000650,1.087635,1.014705
68,2.119114,0.037789,0.024655,0.013134,0.000616,1.064651,1.016058
69,2.043594,0.033006,0.020022,0.012984,0.000600,0.994541,1.015446
70,2.190198,0.042209,0.029281,0.012927,0.000585,1.132312,1.015093
71,2.073761,0.029511,0.016518,0.012993,0.000590,1.029368,1.014291
72,2.150418,0.028245,0.015181,0.013065,0.000589,1.108234,1.013350
73,2.147241,0.026033,0.012901,0.013132,0.000583,1.108002,1.012623
74,2.274673,0.032887,0.019735,0.013152,0.000568,1.228055,1.013164
75,2.083973,0.026391,0.013233,0.013158,0.000568,1.045122,1.011892
76,2.104622,0.021458,0.008368,0.013090,0.000577,1.070596,1.011992
77,2.126043,0.035605,0.022495,0.013109,0.000562,1.077615,1.012262
78,2.164708,0.035382,0.022300,0.013082,0.000552,1.116622,1.012151
79,2.101971,0.026698,0.013628,0.013070,0.000548,1.062494,1.012230
80,2.133561,0.031489,0.018363,0.013126,0.000538,1.089469,1.012064
81,2.159896,0.033396,0.020326,0.013070,0.000546,1.113771,1.012184
82,2.029066,0.025708,0.012832,0.012876,0.000564,0.991105,1.011689
83,2.096035,0.026764,0.013932,0.012832,0.000586,1.056217,1.012467
84,2.232470,0.053407,0.040630,0.012776,0.000597,1.167558,1.010909
85,2.199476,0.028572,0.015811,0.012761,0.000633,1.158429,1.011842
86,2.107027,0.031675,0.018906,0.012768,0.000667,1.062387,1.012299
87,2.127060,0.020622,0.007861,0.012761,0.000667,1.094713,1.011058
88,2.102784,0.034169,0.021395,0.012774,0.000634,1.056059,1.011922
89,2.122322,0.031560,0.018780,0.012780,0.000598,1.073898,1.016267
90,2.098171,0.018615,0.005878,0.012737,0.000561,1.068584,1.010411
91,2.174327,0.040740,0.028004,0.012735,0.000499,1.118025,1.015063
92,2.128349,0.039730,0.026956,0.012773,0.000460,1.077373,1.010786
93,2.135100,0.040353,0.027515,0.012838,0.000468,1.085356,1.008924
94,2.091914,0.036950,0.024214,0.012736,0.000524,1.044386,1.010055
95,2.104510,0.027440,0.014702,0.012738,0.000638,1.065952,1.010481
96,2.040226,0.039470,0.026734,0.012736,0.000752,0.989259,1.010746
97,2.124859,0.028922,0.016181,0.012741,0.000857,1.085516,1.009565
98,2.127928,0.032535,0.019830,0.012704,0.000927,1.084248,1.010218
99,2.124421,0.036039,0.023358,0.012681,0.000962,1.076444,1.010977
100,2.067817,0.045157,0.032460,0.012697,0.000947,1.011123,1.010590
1,4.460390,0.585744,0.560830,0.024914,0.005146,1.640638,2.228862
2,4.547374,0.708494,0.684345,0.024149,0.004209,1.617074,2.217597
3,3.905558,0.107727,0.084285,0.023441,0.003573,1.587695,2.206563
4,4.442726,0.678729,0.655857,0.022872,0.003120,1.565989,2.194888
5,4.374018,0.646131,0.623845,0.022286,0.002852,1.541948,2.183087
6,4.403578,0.718155,0.696402,0.021753,0.002747,1.511878,2.170798
7,3.757561,0.039161,0.017976,0.021185,0.002826,1.557693,2.157881
8,4.234457,0.637491,0.616764,0.020727,0.002952,1.450780,2.143235
9,3.759460,0.160909,0.140698,0.020211,0.003245,1.467214,2.128092
10,4.224227,0.732568,0.712806,0.019762,0.003692,1.377366,2.110602
11,4.380597,0.965048,0.945655,0.019393,0.004287,1.322057,2.089205
12,3.605174,0.088777,0.069952,0.018824,0.004969,1.442273,2.069155
13,4.312510,1.053155,1.034736,0.018419,0.005677,1.211089,2.042589
14,3.499512,0.212860,0.194725,0.018135,0.006473,1.268916,2.011263
15,3.475992,0.339636,0.321747,0.017890,0.007331,1.153370,1.975654
16,3.466584,0.098912,0.081017,0.017895,0.008240,1.427663,1.931769
17,3.631951,0.043905,0.025959,0.017945,0.009041,1.695197,1.883808
18,3.217716,0.605210,0.586033,0.019177,0.009696,0.792327,1.810484
19,3.129136,0.616778,0.596738,0.020041,0.010435,0.762496,1.739427
20,3.487836,0.039405,0.019063,0.020341,0.011222,1.761409,1.675801
21,3.481886,0.028616,0.007033,0.021582,0.011872,1.846869,1.594529
22,3.361666,0.041803,0.019263,0.022540,0.012403,1.787794,1.519667
23,2.586824,0.353442,0.328819,0.024624,0.012814,0.798081,1.422486
24,3.378471,0.044046,0.021066,0.022981,0.013268,1.936272,1.384884
25,3.340503,0.054102,0.031191,0.022911,0.013633,1.940932,1.331836
26,2.449699,0.716596,0.688683,0.027913,0.013916,0.461978,1.257209
27,2.488075,0.269419,0.242744,0.026676,0.014326,0.982965,1.221364
28,3.065511,0.038691,0.017542,0.021149,0.014763,1.795839,1.216218
29,2.211693,0.603967,0.577085,0.026882,0.015117,0.411701,1.180908
30,3.020771,0.027779,0.008645,0.019135,0.015624,1.798294,1.179073
31,2.189205,0.283951,0.262555,0.021396,0.016037,0.733921,1.155295
32,2.623236,0.099869,0.081610,0.018258,0.016482,1.372169,1.134717
33,2.899648,1.302667,1.282470,0.020197,0.016837,0.414588,1.165556
34,2.081646,0.282812,0.265995,0.016818,0.017179,0.682245,1.099410
35,2.312145,0.656035,0.638902,0.017132,0.017536,0.546946,1.091627
36,2.513693,0.031808,0.016889,0.014919,0.017903,1.367087,1.096894
37,2.134762,0.252949,0.236998,0.015951,0.018131,0.788683,1.075000
38,2.621340,0.029814,0.014892,0.014922,0.018293,1.488912,1.084321
39,2.716029,1.094465,1.078854,0.015611,0.018365,0.559831,1.043368
40,2.214139,0.110055,0.095055,0.014999,0.018309,1.030533,1.055242
41,2.220724,0.561300,0.546522,0.014777,0.018125,0.606443,1.034857
42,2.311209,0.089338,0.074918,0.014420,0.017993,1.166029,1.037849
43,2.424947,0.035011,0.020426,0.014585,0.017788,1.321270,1.050877
44,2.507560,0.867866,0.852722,0.015144,0.017511,0.605805,1.016377
45,2.129212,0.230667,0.215492,0.015175,0.017254,0.855366,1.025925
46,2.290570,0.079815,0.065385,0.014430,0.017084,1.165622,1.028049
47,2.128957,0.239802,0.225157,0.014645,0.016878,0.858169,1.014109
48,2.353691,0.741671,0.727252,0.014419,0.016708,0.578410,1.016901
49,2.599463,1.039701,1.025156,0.014545,0.016599,0.549838,0.993325
50,2.105874,0.288136,0.273476,0.014660,0.016498,0.790241,1.010999
51,2.326627,0.765803,0.751613,0.014190,0.016497,0.525387,1.018940
52,2.579368,1.086306,1.072418,0.013888,0.016587,0.421848,1.054627
53,2.476436,0.091679,0.077566,0.014113,0.016520,1.354720,1.013518
54,2.350964,0.127147,0.112394,0.014753,0.016433,1.187381,1.020003
55,2.672988,1.291118,1.273374,0.017744,0.016322,0.371955,0.993593
56,2.641286,0.069248,0.054268,0.014980,0.016139,1.536462,1.019437
57,2.608155,0.038275,0.022062,0.016213,0.015949,1.520400,1.033530
58,2.448602,0.033210,0.016379,0.016830,0.015734,1.363455,1.036202
59,2.115937,0.262932,0.246783,0.016149,0.015485,0.824821,1.012699
60,2.438705,0.030036,0.013027,0.017008,0.015257,1.351480,1.041933
61,2.180524,0.628542,0.613269,0.015273,0.014990,0.514542,1.022450
62,2.040150,0.108419,0.093142,0.015277,0.014812,0.888073,1.028846
63,2.196607,0.031571,0.016267,0.015304,0.014631,1.111796,1.038609
64,2.312179,0.020035,0.005373,0.014662,0.014316,1.244141,1.033686
65,2.059950,0.090060,0.076255,0.013805,0.013947,0.946124,1.009819
66,2.185753,0.023200,0.009353,0.013847,0.013550,1.121270,1.027733
67,2.086494,0.119448,0.105742,0.013706,0.013007,0.932049,1.021989
68,2.126740,0.035344,0.021991,0.013354,0.012503,1.055699,1.023193
69,2.144023,0.029594,0.016448,0.013145,0.011853,1.086904,1.015673
70,2.104095,0.137596,0.122954,0.014642,0.011090,0.928342,1.027067
71,2.445066,0.581039,0.554861,0.026177,0.010432,0.734774,1.118821
72,2.137501,0.025925,0.012670,0.013256,0.009871,1.079446,1.022258
73,2.236217,0.318098,0.296770,0.021329,0.009217,0.790329,1.118573
74,2.528103,0.669210,0.643203,0.026007,0.008678,0.699736,1.150479
75,2.753376,1.006373,0.980283,0.026090,0.008231,0.625407,1.113365
76,2.077844,0.230504,0.212429,0.018075,0.007849,0.794373,1.045118
77,2.103961,0.103495,0.089296,0.014199,0.007545,0.976149,1.016773
78,2.065244,0.102460,0.088813,0.013646,0.007259,0.936243,1.019282
79,2.366744,0.025842,0.012312,0.013530,0.007008,1.313594,1.020300
80,2.229981,0.729482,0.714500,0.014982,0.006764,0.482812,1.010922
81,2.200541,0.109159,0.095675,0.013484,0.006614,1.065493,1.019274
82,2.277182,0.800522,0.785372,0.015151,0.006509,0.456126,1.014024
83,2.217034,0.084087,0.070189,0.013898,0.006523,1.094507,1.031917
84,2.433593,0.878112,0.863820,0.014292,0.006543,0.527525,1.021414
85,2.469493,0.029701,0.014132,0.015569,0.006482,1.383420,1.049890
86,2.136737,0.600171,0.586785,0.013386,0.006409,0.521049,1.009108
87,2.294101,0.064866,0.049606,0.015260,0.006465,1.194066,1.028704
88,2.350158,1.014700,1.001129,0.013570,0.006512,0.321733,1.007214
89,2.037793,0.268220,0.253804,0.014416,0.006585,0.742192,1.020796
90,2.030514,0.462483,0.448971,0.013512,0.006777,0.534525,1.026729
91,2.208112,0.667452,0.654370,0.013082,0.007071,0.512922,1.020667
92,2.179421,0.762844,0.749600,0.013244,0.007515,0.391630,1.017433
93,2.333367,0.039310,0.023634,0.015676,0.008115,1.232466,1.053477
94,2.346641,0.037109,0.021472,0.015637,0.008661,1.250041,1.050829
95,2.369010,0.027866,0.012272,0.015593,0.009140,1.277429,1.054575
96,2.345724,0.913565,0.896926,0.016640,0.009545,0.405820,1.016794
97,2.011087,0.309289,0.295466,0.013823,0.009972,0.682451,1.009375
98,2.124041,0.674178,0.659546,0.014632,0.010498,0.429177,1.010188
99,1.977335,0.318893,0.305624,0.013269,0.011126,0.658507,0.988809
100,2.049701,0.319937,0.306818,0.013119,0.011803,0.702802,1.015159
1,4.711489,0.834192,0.809292,0.024900,0.005146,1.643426,2.228724
2,4.798212,0.959380,0.935254,0.024126,0.004015,1.617270,2.217546
3,3.834474,0.036798,0.013368,0.023430,0.003078,1.587935,2.206663
4,4.802041,1.035059,1.012206,0.022853,0.002337,1.569843,2.194802
5,3.794296,0.036907,0.014699,0.022209,0.001814,1.572399,2.183176
6,3.779296,0.045883,0.024237,0.021647,0.001462,1.561282,2.170668
7,4.538896,0.877833,0.856697,0.021137,0.001266,1.502794,2.157003
8,4.803255,1.183375,1.162782,0.020594,0.001173,1.475442,2.143264
9,3.707115,0.048979,0.028889,0.020090,0.001262,1.528465,2.128408
10,4.684085,1.163047,1.143413,0.019634,0.001437,1.408399,2.111202
11,4.432960,0.970921,0.951719,0.019202,0.001705,1.369180,2.091154
12,4.499047,1.101709,1.082942,0.018768,0.002121,1.324306,2.070912
13,4.383994,1.059371,1.041096,0.018275,0.002637,1.275809,2.046177
14,4.267891,1.038147,1.020073,0.018074,0.003315,1.211648,2.014781
15,3.541376,0.038694,0.020918,0.017776,0.004182,1.516044,1.982455
16,3.518170,0.034598,0.016802,0.017795,0.004891,1.540772,1.937910
17,3.888216,1.029169,1.011046,0.018123,0.005421,0.968620,1.885006
18,3.816612,1.122142,1.103317,0.018825,0.005950,0.861139,1.827381
19,3.508478,0.956065,0.936097,0.019968,0.006582,0.793012,1.752819
20,3.332305,0.043165,0.021058,0.022107,0.007204,1.617300,1.664636
21,3.186477,1.114557,1.088946,0.025611,0.007664,0.506338,1.557918
22,3.318249,0.049555,0.021264,0.028290,0.008160,1.792173,1.468362
23,2.931776,1.080480,1.047568,0.032911,0.008550,0.474839,1.367908
24,3.157250,0.058212,0.023137,0.035075,0.008518,1.796663,1.293857
25,4.034400,0.071108,0.033799,0.037309,0.008448,2.706234,1.248610
26,2.700543,1.122132,1.078244,0.043888,0.008365,0.364107,1.205940
27,3.409225,0.049287,0.015116,0.034172,0.008313,2.153042,1.198583
28,2.510202,0.983840,0.947906,0.035934,0.008244,0.325048,1.193071
29,2.495978,1.025004,0.993236,0.031768,0.008086,0.293390,1.169499
30,2.779149,1.118753,1.092170,0.026583,0.008068,0.484109,1.168220
31,3.179268,0.033237,0.012501,0.020735,0.008152,2.006254,1.131626
32,3.103678,0.039252,0.020588,0.018663,0.008203,1.938849,1.117374
33,2.787923,1.315624,1.295349,0.020276,0.008223,0.353287,1.110788
34,3.127021,0.033778,0.016553,0.017224,0.008306,1.982303,1.102635
35,2.765189,0.052874,0.035849,0.017025,0.008357,1.600977,1.102981
36,2.524937,0.035465,0.018258,0.017207,0.008366,1.374252,1.106853
37,2.697382,0.999432,0.981187,0.018245,0.008318,0.605798,1.083835
38,2.643527,1.002988,0.984903,0.018085,0.008410,0.544613,1.087516
39,2.653665,0.023611,0.006248,0.017363,0.008557,1.519288,1.102210
40,2.786470,1.068940,1.051245,0.017696,0.008642,0.631380,1.077508
41,2.560441,0.866267,0.848785,0.017483,0.008718,0.613562,1.071894
42,2.364568,0.033286,0.016323,0.016963,0.008818,1.239833,1.082632
43,2.645100,0.947567,0.930846,0.016720,0.008816,0.629900,1.058818
44,2.548643,0.880355,0.864037,0.016318,0.008850,0.612496,1.046941
45,2.588557,0.023001,0.006955,0.016045,0.008951,1.500500,1.056105
46,2.590583,0.025556,0.009789,0.015767,0.008995,1.509435,1.046597
47,2.468119,0.820746,0.805334,0.015411,0.008993,0.614394,1.023987
48,2.455922,0.048796,0.033469,0.015327,0.009033,1.363909,1.034185
49,2.480814,0.028007,0.012925,0.015082,0.009016,1.415391,1.028399
50,2.528496,0.920475,0.905587,0.014888,0.008955,0.579293,1.019774
51,2.364772,0.039530,0.024853,0.014677,0.008929,1.293680,1.022632
52,2.687036,1.040249,1.025642,0.014607,0.008851,0.619485,1.018451
53,2.583092,0.929962,0.915253,0.014709,0.008711,0.631997,1.012422
54,2.402201,0.042473,0.028290,0.014182,0.008613,1.334555,1.016561
55,2.291155,0.041720,0.027617,0.014103,0.008476,1.226273,1.014687
56,2.656963,0.943274,0.928846,0.014428,0.008296,0.677143,1.028250
57,2.506190,0.867243,0.852796,0.014447,0.008158,0.615028,1.015760
58,2.489488,0.857881,0.843473,0.014408,0.008047,0.602035,1.021526
59,2.485618,0.870823,0.856259,0.014565,0.007981,0.596244,1.010570
60,2.627982,1.076942,1.062763,0.014179,0.007960,0.526006,1.017073
61,2.510445,0.033361,0.019796,0.013565,0.007995,1.456580,1.012509
62,2.670166,1.188786,1.174576,0.014210,0.007994,0.460209,1.013177
63,2.676445,0.031954,0.018571,0.013383,0.008003,1.622981,1.013507
64,2.863717,0.019366,0.006060,0.013306,0.007984,1.824503,1.011864
65,2.622211,0.027877,0.014611,0.013266,0.007943,1.574234,1.012158
66,2.778277,0.024157,0.010873,0.013284,0.007877,1.731476,1.014767
67,2.434739,0.937177,0.923098,0.014079,0.007792,0.478627,1.011144
68,2.611082,0.039978,0.026584,0.013395,0.007797,1.542866,1.020440
69,2.633976,0.031638,0.018178,0.013461,0.007772,1.578474,1.016091
70,2.463246,0.041342,0.027686,0.013657,0.007724,1.395831,1.018349
71,2.509454,0.965283,0.951765,0.013519,0.007644,0.530519,1.006008
72,2.512616,0.881612,0.868120,0.013491,0.007625,0.615265,1.008114
73,2.692721,1.141481,1.128275,0.013206,0.007650,0.533249,1.010341
74,2.764144,1.105603,1.092479,0.013124,0.007678,0.636205,1.014658
75,2.589689,0.998560,0.985268,0.013291,0.007710,0.582886,1.000533
76,2.649482,0.020796,0.007326,0.013470,0.007795,1.605665,1.015226
77,2.609314,0.035041,0.021582,0.013460,0.007842,1.552319,1.014112
78,2.521272,0.952688,0.939308,0.013380,0.007853,0.533620,1.027111
79,2.424040,0.858796,0.845501,0.013295,0.007904,0.538532,1.018808
80,2.460742,0.032246,0.018833,0.013413,0.008052,1.408671,1.011773
81,2.445441,0.988936,0.975592,0.013344,0.008146,0.434118,1.014240
82,2.689394,1.249302,1.235958,0.013344,0.008304,0.444090,0.987698
83,2.335374,0.916268,0.903089,0.013179,0.008374,0.386649,1.024083
84,2.424733,0.882988,0.869630,0.013358,0.008504,0.511033,1.022209
85,2.347722,0.992382,0.978750,0.013632,0.008430,0.345857,1.001053
86,2.933484,0.031220,0.017331,0.013889,0.008581,1.879118,1.014565
87,3.127200,0.021422,0.006842,0.014580,0.008691,2.077098,1.019989
88,2.774761,0.035334,0.020052,0.015282,0.008765,1.704413,1.026249
89,2.821402,0.036126,0.020299,0.015827,0.008796,1.739126,1.037353
90,2.350688,0.947899,0.933282,0.014617,0.008788,0.360515,1.033487
91,2.617751,0.043976,0.028677,0.015299,0.009238,1.523229,1.041309
92,2.185517,0.864879,0.850909,0.013970,0.009611,0.294897,1.016129
93,2.315429,0.043240,0.028656,0.014584,0.009798,1.230196,1.032195
94,2.294823,0.931161,0.917537,0.013623,0.009881,0.345578,1.008204
95,2.418272,1.041579,1.027559,0.014020,0.010090,0.344841,1.021762
96,2.240159,0.040122,0.025918,0.014203,0.010282,1.168084,1.021671
97,2.374330,1.003013,0.989232,0.013781,0.010322,0.380711,0.980283
98,2.268559,0.032846,0.018607,0.014240,0.010505,1.204825,1.020383
99,2.539350,1.122611,1.109091,0.013520,0.010547,0.366064,1.040128
100,2.475840,1.079800,1.065911,0.013890,0.010675,0.368830,1.016534
1,3.881974,0.048125,0.023233,0.024892,0.005146,1.599982,2.228720
2,3.855705,0.043805,0.019773,0.024032,0.003969,1.591121,2.216810
3,4.665112,0.837312,0.814021,0.023291,0.002978,1.619216,2.205604
4,3.791222,0.036593,0.013897,0.022696,0.002245,1.558990,2.193393
5,4.585023,0.815531,0.793484,0.022047,0.001666,1.585713,2.182113
6,4.505518,0.768134,0.746644,0.021491,0.001291,1.566328,2.169765
7,3.728457,0.036540,0.015521,0.021019,0.001100,1.535540,2.155278
8,3.713572,0.047454,0.026961,0.020493,0.001066,1.523412,2.141640
9,4.356448,0.731803,0.711851,0.019952,0.001159,1.495984,2.127502
10,3.647745,0.038615,0.019040,0.019575,0.001387,1.499065,2.108679
11,3.622553,0.040359,0.021181,0.019179,0.001659,1.493571,2.086965
12,3.577157,0.045097,0.026364,0.018733,0.001923,1.464831,2.065306
13,3.541433,0.041211,0.022902,0.018309,0.002160,1.460824,2.037238
14,3.490368,0.053135,0.034996,0.018139,0.002347,1.431273,2.003613
15,4.034978,0.772014,0.754508,0.017506,0.002494,1.282382,1.978088
16,3.952202,0.791377,0.773929,0.017448,0.002716,1.222734,1.935375
17,3.282318,0.033881,0.014586,0.019295,0.002999,1.391508,1.853930
18,3.191875,0.052212,0.031175,0.021037,0.003215,1.356638,1.779810
19,3.127494,0.032443,0.009596,0.022847,0.003387,1.393042,1.698621
20,3.332067,0.766000,0.743767,0.022233,0.003497,0.917132,1.645438
21,2.874509,0.044958,0.011778,0.033180,0.003660,1.357944,1.467946
22,2.971856,0.770173,0.740248,0.029925,0.003772,0.767941,1.429969
23,2.623923,0.068385,0.018337,0.050048,0.003920,1.278389,1.273229
24,2.672612,0.748408,0.705863,0.042545,0.004017,0.669043,1.251143
25,2.559625,0.751396,0.700132,0.051264,0.004151,0.594142,1.209937
26,2.734391,0.108032,0.009836,0.098196,0.004299,1.278522,1.343538
27,2.584390,0.831890,0.770989,0.060900,0.004414,0.487912,1.260175
28,3.332979,0.103558,0.014242,0.089316,0.004550,1.791810,1.433061
29,1.999346,0.093961,0.012753,0.081208,0.004662,0.498992,1.401731
30,2.683270,0.092784,0.031984,0.060800,0.004741,1.256323,1.329423
31,2.427200,0.834181,0.796555,0.037626,0.004795,0.430222,1.158001
32,2.498216,0.793311,0.761014,0.032297,0.004861,0.584994,1.115050
33,2.151799,0.042484,0.008483,0.034001,0.004944,0.980496,1.123874
34,2.344442,0.785072,0.760727,0.024345,0.004981,0.496993,1.057396
35,2.334923,0.719102,0.696854,0.022248,0.005040,0.566941,1.043840
36,2.327351,0.791488,0.771218,0.020270,0.005121,0.489608,1.041135
37,2.445940,0.060341,0.040478,0.019864,0.005222,1.348024,1.032352
38,2.061612,0.035256,0.016278,0.018978,0.005295,0.983075,1.037986
39,2.475001,0.845261,0.827437,0.017825,0.005321,0.568287,1.056132
40,2.730294,0.031491,0.013761,0.017730,0.005386,1.639175,1.054242
41,2.457336,0.025341,0.007427,0.017914,0.005423,1.365686,1.060886
42,2.330067,0.799663,0.781861,0.017802,0.005422,0.455030,1.069951
43,2.345155,0.047242,0.028812,0.018431,0.005438,1.227282,1.065193
44,2.777289,0.045150,0.026227,0.018923,0.005425,1.661306,1.065408
45,2.420368,0.828161,0.809247,0.018914,0.005396,0.520357,1.066453
46,2.396841,0.804523,0.785451,0.019072,0.005403,0.525826,1.061089
47,2.786019,0.037263,0.017773,0.019491,0.005449,1.693215,1.050092
48,2.345214,0.707891,0.689050,0.018841,0.005468,0.585409,1.046446
49,2.396605,0.792484,0.774137,0.018347,0.005538,0.559639,1.038944
50,2.460722,0.037019,0.018984,0.018035,0.005649,1.388386,1.029667
51,2.315456,0.708641,0.691545,0.017095,0.005719,0.575250,1.025845
52,2.465706,0.029617,0.012943,0.016674,0.005865,1.406664,1.023560
53,2.278544,0.037756,0.021615,0.016141,0.005971,1.214121,1.020697
54,2.263922,0.726207,0.710912,0.015295,0.006024,0.511707,1.019984
55,2.291092,0.699854,0.685017,0.014837,0.006113,0.565007,1.020119
56,2.692381,0.048516,0.033754,0.014762,0.006273,1.620265,1.017328
57,2.602993,0.031502,0.017326,0.014176,0.006399,1.541138,1.023955
58,2.675376,0.033725,0.019561,0.014164,0.006486,1.615276,1.019889
59,2.159461,0.036460,0.022168,0.014292,0.006535,1.094029,1.022438
60,2.425450,0.030885,0.016603,0.014282,0.006498,1.363332,1.024734
61,2.404579,0.731177,0.716880,0.014297,0.006419,0.642737,1.024246
62,2.087338,0.029161,0.014663,0.014499,0.006397,1.026701,1.025078
63,2.461393,0.729525,0.715600,0.013925,0.006220,0.704049,1.021598
64,2.561972,0.843479,0.829847,0.013632,0.006115,0.692543,1.019835
65,2.517408,0.758993,0.745592,0.013401,0.006031,0.733406,1.018978
66,2.490687,0.774895,0.761637,0.013258,0.005999,0.691838,1.017956
67,2.274880,0.052706,0.039313,0.013394,0.006003,1.204123,1.012048
68,2.418746,0.759175,0.745913,0.013262,0.005958,0.636237,1.017376
69,2.452784,0.740877,0.727501,0.013376,0.005942,0.689462,1.016503
70,2.370934,0.701189,0.687671,0.013518,0.005990,0.648037,1.015718
71,2.469892,0.043151,0.029602,0.013549,0.006091,1.405219,1.015432
72,2.221975,0.035548,0.021651,0.013897,0.006151,1.165667,1.014609
73,2.328071,0.032877,0.019309,0.013568,0.006146,1.274048,1.015000
74,2.490417,0.036833,0.023544,0.013288,0.006106,1.428431,1.019047
75,2.156844,0.042936,0.029550,0.013386,0.006037,1.089004,1.018867
76,2.411094,0.825886,0.812732,0.013154,0.005902,0.563867,1.015438
77,2.388170,0.756920,0.743688,0.013232,0.005810,0.610051,1.015389
78,2.272893,0.034304,0.021194,0.013110,0.005771,1.213644,1.019174
79,2.059768,0.067343,0.054170,0.013173,0.005684,0.964049,1.022693
80,2.402822,0.735987,0.723019,0.012967,0.005475,0.647005,1.014355
81,2.357838,0.038423,0.025580,0.012843,0.005368,1.290708,1.023339
82,2.223089,0.028306,0.015476,0.012829,0.005256,1.174438,1.015088
83,2.233618,0.025023,0.012113,0.012910,0.005113,1.182230,1.021252
84,2.329631,0.031468,0.018277,0.013190,0.004939,1.282984,1.010240
85,2.159020,0.050138,0.037104,0.013034,0.004752,1.085910,1.018220
86,2.579406,0.754098,0.741143,0.012955,0.004531,0.806811,1.013967
87,2.692543,0.841955,0.828997,0.012958,0.004366,0.832711,1.013511
88,2.610645,0.750797,0.737868,0.012929,0.004238,0.841499,1.014110
89,2.628238,0.766677,0.753760,0.012916,0.004147,0.844370,1.013046
90,2.201882,0.052942,0.040117,0.012825,0.004080,1.125960,1.018900
91,2.568244,0.727193,0.714371,0.012822,0.003996,0.824163,1.012892
92,2.117921,0.019442,0.006469,0.012973,0.003934,1.088759,1.005786
93,2.544233,0.702298,0.689419,0.012879,0.003810,0.825245,1.012881
94,2.186714,0.042995,0.030125,0.012870,0.003722,1.126594,1.013404
95,2.199459,0.024308,0.011284,0.013024,0.003616,1.156622,1.014913
96,2.576476,0.749564,0.736783,0.012781,0.003475,0.811136,1.012301
97,2.222646,0.029981,0.017118,0.012863,0.003360,1.170359,1.018945
98,2.593396,0.745605,0.732789,0.012816,0.003236,0.832180,1.012375
99,2.195659,0.030514,0.017612,0.012902,0.003155,1.144726,1.017265
100,2.200971,0.033418,0.020449,0.012969,0.003057,1.140590,1.023906
1,3.906456,0.051618,0.028474,0.023144,0.005146,1.620835,2.228857
2,3.882713,0.058612,0.033889,0.024723,0.003942,1.603149,2.217010
3,4.330106,0.524668,0.499758,0.024910,0.002947,1.596717,2.205774
4,3.813063,0.044301,0.020159,0.024143,0.002248,1.572746,2.193768
5,3.797497,0.056500,0.034926,0.021574,0.001694,1.557443,2.181860
6,3.766103,0.052324,0.026914,0.025409,0.001290,1.543504,2.168985
7,4.453505,0.790220,0.769116,0.021104,0.001016,1.505184,2.157085
8,3.707813,0.068787,0.047289,0.021498,0.000908,1.497208,2.140911
9,3.935650,0.375180,0.356552,0.018628,0.000929,1.432959,2.126583
10,3.637084,0.053722,0.032560,0.021162,0.001095,1.474833,2.107434
11,3.648922,0.028536,0.010021,0.018515,0.001358,1.534636,2.084392
12,3.816775,0.434840,0.417070,0.017770,0.001645,1.312537,2.067752
13,3.589590,0.029450,0.010238,0.019212,0.002068,1.524527,2.033546
14,3.443811,0.195521,0.181585,0.013937,0.002464,1.240598,2.005228
15,3.322840,0.152860,0.134340,0.018520,0.002930,1.202249,1.964801
16,3.405136,0.390759,0.372576,0.018182,0.003440,1.079759,1.931179
17,3.635284,0.748200,0.730484,0.017716,0.004014,0.994203,1.888868
18,3.105725,0.071127,0.051140,0.019987,0.004621,1.248534,1.781443
19,3.184126,0.050151,0.025702,0.024449,0.005122,1.436791,1.692063
20,3.117036,0.761610,0.740969,0.020641,0.005536,0.677380,1.672510
21,2.965298,0.806599,0.783991,0.022608,0.005976,0.574724,1.577998
22,2.746170,0.762105,0.735777,0.026327,0.006427,0.510533,1.467105
23,2.536518,0.164967,0.119601,0.045365,0.006915,1.071309,1.293328
24,2.536595,0.734950,0.699746,0.035203,0.007358,0.517402,1.276885
25,2.415080,0.734649,0.694645,0.040005,0.007870,0.452834,1.219726
26,4.173030,0.089775,0.022561,0.067215,0.008398,2.806354,1.268503
27,3.254241,0.198635,0.138975,0.059660,0.008876,1.777917,1.268812
28,2.493021,0.774360,0.736003,0.038357,0.009313,0.506723,1.202624
29,4.243338,0.083595,0.034774,0.048821,0.009735,2.873390,1.276617
30,2.459348,0.828127,0.797799,0.030328,0.010104,0.465258,1.155859
31,2.092712,0.154077,0.122501,0.031576,0.010432,0.766029,1.162174
32,2.083239,0.413349,0.387460,0.025889,0.010700,0.552760,1.106430
33,2.871131,0.031837,0.007025,0.024813,0.011085,1.733957,1.094251
34,1.970726,0.128810,0.108018,0.020792,0.011405,0.757918,1.072592
35,2.350117,0.038416,0.018887,0.019529,0.011562,1.242756,1.057383
36,2.410806,0.782055,0.764047,0.018007,0.011636,0.535256,1.081860
37,1.920554,0.134891,0.116789,0.018102,0.011686,0.699933,1.074044
38,2.480802,0.749668,0.732089,0.017580,0.011660,0.631536,1.087937
39,2.451072,0.028460,0.010701,0.017759,0.011653,1.332616,1.078343
40,2.168331,0.316906,0.297871,0.019035,0.011558,0.755183,1.084684
41,2.275787,0.039308,0.023454,0.015854,0.011555,1.142525,1.082399
42,2.188745,0.370800,0.354331,0.016468,0.011377,0.724154,1.082414
43,2.531523,0.723351,0.706164,0.017187,0.011250,0.715198,1.081725
44,2.480491,0.029392,0.011769,0.017623,0.011148,1.369130,1.070820
45,2.148778,0.195180,0.180282,0.014898,0.010982,0.875410,1.067205
46,2.268768,0.506898,0.488825,0.018073,0.010912,0.690143,1.060815
47,2.060995,0.170986,0.154463,0.016523,0.010996,0.822179,1.056834
48,2.315362,0.036392,0.019964,0.016429,0.011123,1.225816,1.042030
49,2.417301,0.024160,0.008561,0.015600,0.011139,1.345576,1.036425
50,2.016830,0.127078,0.113156,0.013922,0.011071,0.846898,1.031784
51,2.436139,0.048118,0.032994,0.015124,0.010920,1.342503,1.034598
52,2.615450,0.022988,0.008174,0.014813,0.010722,1.552514,1.029226
53,2.079863,0.379805,0.365665,0.014140,0.010496,0.669131,1.020431
54,2.013575,0.307468,0.294027,0.013441,0.010419,0.674695,1.020993
55,2.438848,0.020126,0.006127,0.013999,0.010350,1.388295,1.020077
56,2.214206,0.542747,0.528479,0.014268,0.010224,0.637099,1.024136
57,2.364893,0.725424,0.711230,0.014194,0.010227,0.607396,1.021845
58,2.371367,0.760577,0.746332,0.014245,0.010240,0.578993,1.021557
59,1.923015,0.139070,0.125061,0.014009,0.010256,0.751634,1.022055
60,2.331597,0.766581,0.752525,0.014056,0.010252,0.532084,1.022679
61,2.338971,0.041319,0.028343,0.012976,0.010262,1.260904,1.026487
62,1.960938,0.373848,0.358699,0.015149,0.010211,0.552705,1.024174
63,2.235723,0.723947,0.710391,0.013556,0.010462,0.483718,1.017597
64,2.278870,0.839603,0.826225,0.013378,0.010761,0.413970,1.014536
65,2.035615,0.432139,0.419396,0.012743,0.010983,0.579684,1.012810
66,2.191479,0.768815,0.755734,0.013080,0.011534,0.398258,1.012872
67,1.843961,0.318316,0.305005,0.013312,0.012057,0.502516,1.011072
68,2.192835,0.752788,0.739832,0.012957,0.012684,0.414666,1.012697
69,2.188084,0.731291,0.718311,0.012980,0.013214,0.430273,1.013306
70,2.131659,0.264323,0.252278,0.012045,0.013751,0.840839,1.012746
71,2.630269,0.043642,0.030396,0.013246,0.014287,1.563558,1.008783
72,2.211296,0.775210,0.761757,0.013453,0.014715,0.407085,1.014286
73,2.188113,0.131215,0.118045,0.013169,0.015022,1.028231,1.013646
74,2.663767,0.044066,0.029673,0.014394,0.015249,1.589874,1.014577
75,3.157307,0.023869,0.010529,0.013340,0.015380,2.106181,1.011877
76,1.884727,0.221440,0.208251,0.013189,0.015443,0.631915,1.015929
77,1.945197,0.404024,0.389685,0.014339,0.015786,0.511230,1.014158
78,1.856310,0.334878,0.320313,0.014565,0.016137,0.493151,1.012144
79,2.252963,0.808366,0.795182,0.013184,0.016687,0.415331,1.012579
80,2.618562,0.035445,0.022013,0.013432,0.017011,1.550967,1.015139
81,1.924537,0.387799,0.374924,0.012874,0.017215,0.505167,1.014356
82,2.349507,0.036801,0.024039,0.012762,0.017704,1.285463,1.009539
83,1.974174,0.400847,0.387704,0.013143,0.018017,0.539628,1.015683
84,2.860706,0.021479,0.008450,0.013029,0.018656,1.806395,1.014176
85,2.284284,0.804799,0.791492,0.013307,0.019158,0.445832,1.014496
86,2.370232,0.039849,0.026385,0.013464,0.019479,1.299315,1.011589
87,1.994581,0.451706,0.437584,0.014122,0.019615,0.510286,1.012975
88,2.855952,0.020339,0.006455,0.013884,0.020058,1.798217,1.017338
89,1.868231,0.097118,0.082316,0.014802,0.020364,0.738130,1.012619
90,2.058485,0.068539,0.054037,0.014501,0.020105,0.948385,1.021457
91,2.158751,0.038914,0.026122,0.012792,0.019375,1.076836,1.023626
92,2.505764,0.030532,0.018036,0.012496,0.018452,1.445008,1.011773
93,2.259991,0.680806,0.667722,0.013084,0.017533,0.548770,1.012883
94,2.340933,0.745164,0.732025,0.013139,0.016744,0.566102,1.012923
95,2.339080,0.744995,0.731841,0.013153,0.016022,0.564832,1.013232
96,2.541967,0.021674,0.008398,0.013276,0.015391,1.490680,1.014223
97,1.956652,0.112584,0.100161,0.012422,0.014749,0.815339,1.013981
98,2.190725,0.037543,0.025340,0.012203,0.014089,1.123377,1.015715
99,1.856915,0.101609,0.088215,0.013394,0.013333,0.734411,1.007562
100,1.879859,0.111208,0.097994,0.013213,0.012577,0.738059,1.018015
1,3.906456,0.051618,0.028474,0.023144,0.005146,1.620835,2.228857
2,3.908908,0.059505,0.034093,0.025412,0.005017,1.616865,2.227521
3,4.399946,0.530627,0.504428,0.026199,0.004892,1.637973,2.226454
4,3.888705,0.046510,0.020678,0.025832,0.004783,1.612033,2.225378
5,3.903232,0.059354,0.035623,0.023731,0.004674,1.614840,2.224364
6,3.896750,0.056057,0.027776,0.028281,0.004566,1.613143,2.222984
7,4.657662,0.798887,0.774496,0.024391,0.004458,1.632338,2.221980
8,3.911029,0.074365,0.048850,0.025514,0.004353,1.611348,2.220963
9,4.244392,0.398184,0.375397,0.022787,0.004250,1.622310,2.219648
10,3.890258,0.060176,0.034432,0.025744,0.004148,1.607311,2.218623
11,3.849241,0.033357,0.010051,0.023306,0.004049,1.594566,2.217270
12,4.304130,0.466529,0.443512,0.023018,0.003951,1.617361,2.216289
13,3.843760,0.035129,0.010410,0.024719,0.003854,1.589825,2.214952
14,4.044337,0.215624,0.196033,0.019591,0.003760,1.611103,2.213851
15,3.988744,0.169939,0.146653,0.023285,0.003669,1.602319,2.212817
16,4.241542,0.417514,0.392252,0.025262,0.003581,1.608701,2.211747
17,4.591662,0.768538,0.744843,0.023695,0.003495,1.608956,2.210672
18,3.885074,0.076584,0.054120,0.022464,0.003412,1.595911,2.209167
19,3.855600,0.054254,0.028513,0.025741,0.003332,1.589986,2.208028
20,4.596471,0.782659,0.759160,0.023500,0.003254,1.603311,2.207247
21,4.633905,0.823234,0.799794,0.023440,0.003177,1.601403,2.206091
22,4.585118,0.779615,0.756238,0.023377,0.003106,1.597487,2.204911
23,3.950659,0.155820,0.131194,0.024626,0.003036,1.588126,2.203678
24,4.543177,0.746242,0.722987,0.023255,0.002967,1.591367,2.202601
25,4.531898,0.739151,0.715956,0.023195,0.002900,1.588430,2.201418
26,3.832773,0.050846,0.027082,0.023764,0.002833,1.579371,2.199723
27,3.957558,0.177847,0.157593,0.020254,0.002767,1.578183,2.198761
28,4.566129,0.783536,0.760513,0.023023,0.002704,1.582032,2.197857
29,3.833875,0.060441,0.038713,0.021727,0.002643,1.574738,2.196053
30,4.616581,0.839530,0.816624,0.022906,0.002584,1.579005,2.195462
31,3.929672,0.163922,0.140954,0.022967,0.002528,1.569164,2.194058
32,4.211096,0.449840,0.429099,0.020741,0.002473,1.565948,2.192837
33,3.806045,0.030611,0.008142,0.022470,0.002418,1.581975,2.191041
34,3.902488,0.147712,0.121879,0.025833,0.002363,1.562215,2.190198
35,3.804747,0.046624,0.020883,0.025741,0.002310,1.567225,2.188587
36,4.560415,0.807691,0.785129,0.022561,0.002258,1.562566,2.187900
37,3.897433,0.155798,0.129474,0.026324,0.002208,1.553068,2.186359
38,4.520638,0.778598,0.756152,0.022446,0.002160,1.554592,2.185287
39,3.791864,0.035724,0.011719,0.024005,0.002114,1.570770,2.183256
40,4.098109,0.369008,0.343430,0.025579,0.002069,1.544699,2.182333
41,3.784407,0.047187,0.026664,0.020524,0.002022,1.554543,2.180655
42,4.135676,0.414819,0.393087,0.021732,0.001976,1.539203,2.179678
43,4.474393,0.751479,0.729317,0.022161,0.001928,1.542461,2.178525
44,3.776894,0.034810,0.012263,0.022547,0.001882,1.563747,2.176455
45,3.939670,0.229845,0.209621,0.020224,0.001839,1.532750,2.175236
46,4.269902,0.565029,0.541689,0.023340,0.001801,1.528967,2.174105
47,3.879308,0.175990,0.154093,0.021896,0.001768,1.529237,2.172314
48,3.760524,0.044158,0.022504,0.021654,0.001738,1.544143,2.170485
49,3.763502,0.031953,0.009428,0.022525,0.001708,1.561111,2.168730
50,3.835885,0.148024,0.129242,0.018783,0.001679,1.518390,2.167792
51,3.756756,0.051489,0.028308,0.023181,0.001651,1.537733,2.165883
52,3.754170,0.030841,0.009434,0.021407,0.001624,1.558022,2.163684
53,4.100082,0.430754,0.409670,0.021084,0.001597,1.504479,2.163253
54,3.998719,0.331724,0.311113,0.020611,0.001572,1.503955,2.161468
55,3.747521,0.027699,0.006794,0.020905,0.001548,1.559555,2.158720
56,4.245123,0.587211,0.566413,0.020798,0.001524,1.498175,2.158213
57,4.404266,0.751504,0.730137,0.021368,0.001506,1.494377,2.156879
58,4.434822,0.785529,0.764215,0.021314,0.001490,1.492677,2.155126
59,3.812154,0.162477,0.139619,0.022858,0.001476,1.495913,2.152288
60,4.434623,0.793242,0.772041,0.021201,0.001465,1.488336,2.151580
61,3.710758,0.050077,0.032118,0.017959,0.001455,1.511568,2.147657
62,4.047109,0.424622,0.401344,0.023278,0.001446,1.473939,2.147102
63,4.375236,0.754902,0.733872,0.021031,0.001439,1.473034,2.145861
64,4.479893,0.860073,0.839098,0.020975,0.001434,1.474420,2.143966
65,4.085051,0.477245,0.455768,0.021476,0.001432,1.465274,2.141100
66,4.398043,0.797175,0.776312,0.020863,0.001432,1.459632,2.139804
67,3.951964,0.361290,0.341223,0.020067,0.001435,1.452359,2.136881
68,4.364154,0.778290,0.757530,0.020759,0.001436,1.448970,2.135458
69,4.340718,0.764098,0.743397,0.020701,0.001439,1.441921,2.133260
70,3.875883,0.304927,0.286157,0.018771,0.001444,1.439475,2.130036
71,3.658675,0.054307,0.033625,0.020681,0.001448,1.477060,2.125860
72,4.355798,0.802651,0.782111,0.020540,0.001452,1.425510,2.126185
73,3.715139,0.156282,0.135678,0.020604,0.001458,1.435952,2.121446
74,3.636617,0.055075,0.033011,0.022064,0.001466,1.462352,2.117724
75,3.664155,0.030519,0.011962,0.018557,0.001472,1.517271,2.114893
76,3.791555,0.272362,0.253931,0.018431,0.001477,1.404235,2.113481
77,3.943041,0.439192,0.418349,0.020843,0.001489,1.390010,2.112350
78,3.871302,0.378393,0.356271,0.022122,0.001503,1.382518,2.108887
79,4.320942,0.830414,0.810285,0.020129,0.001518,1.382168,2.106842
80,3.645892,0.045574,0.024785,0.020788,0.001534,1.499294,2.099489
81,3.900094,0.437615,0.417438,0.020177,0.001548,1.362536,2.098395
82,3.601434,0.051064,0.030445,0.020619,0.001564,1.455696,2.093109
83,3.895654,0.453192,0.432945,0.020246,0.001579,1.348739,2.092144
84,3.638227,0.028053,0.008466,0.019587,0.001598,1.524233,2.084344
85,4.252617,0.828293,0.808527,0.019765,0.001614,1.336503,2.086208
86,3.581808,0.048395,0.029546,0.018848,0.001631,1.456401,2.075382
87,3.904739,0.513608,0.492178,0.021430,0.001645,1.313169,2.076317
88,3.667463,0.029047,0.008024,0.021023,0.001665,1.570019,2.066732
89,3.508525,0.116518,0.095851,0.020667,0.001681,1.326251,2.064074
90,3.519965,0.079620,0.058971,0.020649,0.001697,1.378741,2.059907
91,3.505091,0.044747,0.027455,0.017292,0.001712,1.400901,2.057732
92,3.623705,0.040056,0.021778,0.018279,0.001725,1.535617,2.046306
93,4.026236,0.715531,0.696306,0.019225,0.001736,1.258377,2.050592
94,4.070448,0.771622,0.752459,0.019162,0.001749,1.251941,2.045137
95,4.053772,0.774442,0.755355,0.019087,0.001762,1.237446,2.040122
96,3.599155,0.030026,0.009128,0.020898,0.001778,1.548414,2.018937
97,3.447762,0.134444,0.116149,0.018295,0.001791,1.293057,2.018470
98,3.526337,0.046409,0.028286,0.018122,0.001805,1.470605,2.007518
99,3.376808,0.129033,0.107661,0.021372,0.001817,1.237245,2.008713
100,3.367976,0.125578,0.106368,0.019210,0.001831,1.240290,2.000277
1,3.100031,0.290075,0.271041,0.019035,0.004461,1.199387,1.606108
2,2.558439,0.274588,0.258384,0.016204,0.007338,0.911368,1.365144
3,2.528551,0.293571,0.277251,0.016319,0.008024,0.872497,1.354459
4,2.550744,0.300917,0.284819,0.016098,0.008775,0.900811,1.340241
5,2.585627,0.256454,0.240439,0.016015,0.008926,0.992635,1.327611
1,4.748528,0.825744,0.800007,0.025737,0.004961,1.601010,2.316813
2,4.726822,0.828492,0.803156,0.025336,0.004324,1.584789,2.309218
3,4.683935,0.810822,0.785846,0.024976,0.003758,1.567771,2.301584
4,4.658731,0.811793,0.787150,0.024643,0.003256,1.550018,2.293664
5,4.619291,0.800588,0.776261,0.024327,0.002809,1.530688,2.285206
6,4.605000,0.816816,0.792792,0.024024,0.002435,1.509853,2.275896
7,4.557800,0.806436,0.782708,0.023728,0.002108,1.484112,2.265144
8,4.503907,0.796923,0.773481,0.023443,0.001830,1.453099,2.252054
9,4.460197,0.812881,0.789701,0.023180,0.001615,1.410609,2.235092
10,4.341941,0.776149,0.753143,0.023005,0.001434,1.353263,2.211095
11,4.207785,0.764441,0.741332,0.023109,0.001318,1.268245,2.173782
12,4.025634,0.768232,0.744097,0.024135,0.001267,1.144177,2.111958
13,3.738999,0.797046,0.769197,0.027850,0.001262,0.937394,2.003297
14,3.276869,0.788126,0.748351,0.039775,0.001265,0.668507,1.818972
15,3.192968,0.842154,0.772033,0.070121,0.001285,0.758907,1.590622
16,2.693001,0.876544,0.789759,0.086785,0.001304,0.310077,1.505077
17,2.516159,0.840655,0.782015,0.058640,0.001300,0.205312,1.468892
18,2.549956,0.819818,0.785426,0.034392,0.001284,0.294956,1.433898
19,2.542287,0.750301,0.726027,0.024274,0.001266,0.367748,1.422972
20,2.531492,0.758077,0.738010,0.020067,0.001318,0.385804,1.386292
1,4.424908,0.501087,0.474807,0.026280,0.004965,1.602121,2.316736
2,4.451600,0.548645,0.522596,0.026049,0.004329,1.589721,2.308905
3,4.270669,0.382530,0.357384,0.025145,0.003749,1.583257,2.301132
4,4.270741,0.410226,0.385644,0.024582,0.003231,1.564204,2.293080
5,4.107445,0.262728,0.237916,0.024811,0.002767,1.557513,2.284437
6,4.200451,0.368821,0.344078,0.024744,0.002370,1.554339,2.274921
7,4.181847,0.375343,0.350920,0.024423,0.002021,1.540261,2.264223
8,4.011002,0.228291,0.204172,0.024119,0.001708,1.529737,2.251266
9,4.262119,0.537236,0.514570,0.022666,0.001440,1.487150,2.236294
10,3.944186,0.286581,0.265615,0.020965,0.001201,1.441827,2.214577
11,3.962670,0.366349,0.343468,0.022881,0.001025,1.411489,2.183807
12,3.740244,0.232624,0.210713,0.021911,0.000918,1.373242,2.133460
13,3.543674,0.034117,0.009586,0.024530,0.000837,1.471220,2.037500
14,3.322895,0.202621,0.173165,0.029456,0.000739,1.218637,1.900898
15,3.337677,0.648212,0.610035,0.038177,0.000662,0.963586,1.725216
16,2.991743,0.454666,0.391219,0.063447,0.000623,0.952225,1.584229
17,2.286225,0.410701,0.335136,0.075565,0.000614,0.340596,1.534314
18,2.261313,0.446145,0.391005,0.055139,0.000618,0.311666,1.502885
19,2.771509,0.250579,0.218368,0.032211,0.000628,1.103982,1.416319
20,1.995137,0.374469,0.351154,0.023316,0.000660,0.231441,1.388567
21,1.921115,0.243150,0.222702,0.020448,0.000712,0.272703,1.404550
22,2.396106,0.546592,0.528811,0.017780,0.000771,0.448310,1.400434
23,2.476125,0.258809,0.242280,0.016528,0.000854,0.828653,1.387809
24,2.656359,0.366648,0.349099,0.017549,0.000927,0.913106,1.375679
25,2.306228,0.207387,0.190609,0.016779,0.000972,0.725402,1.372467
26,2.072021,0.365635,0.348131,0.017504,0.001037,0.313359,1.391990
27,1.994158,0.371054,0.355114,0.015940,0.001121,0.241300,1.380682
28,2.702252,0.419014,0.401974,0.017040,0.001210,0.911936,1.370092
29,2.930158,0.378974,0.362071,0.016902,0.001274,1.236699,1.313211
30,2.076903,0.379593,0.363046,0.016547,0.001340,0.381574,1.314396
31,2.300102,0.325458,0.308600,0.016859,0.001437,0.610421,1.362786
32,2.283786,0.393246,0.377101,0.016145,0.001540,0.525041,1.363959
33,2.253294,0.509833,0.493867,0.015966,0.001663,0.381786,1.360011
34,2.652926,0.195395,0.179679,0.015716,0.001772,1.093616,1.362142
35,2.307717,0.187952,0.170593,0.017359,0.001841,0.740054,1.377870
36,2.237545,0.203665,0.186959,0.016706,0.001876,0.659402,1.372602
37,2.274418,0.265067,0.248780,0.016286,0.001943,0.638768,1.368640
38,2.525228,0.480542,0.464340,0.016202,0.002005,0.679258,1.363422
39,2.223218,0.153292,0.137258,0.016034,0.002101,0.700112,1.367714
40,2.213672,0.370478,0.354333,0.016146,0.002276,0.478636,1.362282
41,2.201159,0.411295,0.395329,0.015966,0.002436,0.424489,1.362938
42,2.237675,0.233088,0.216847,0.016241,0.002583,0.638237,1.363767
43,2.262385,0.415970,0.399744,0.016226,0.002662,0.480862,1.362892
44,2.231624,0.552499,0.536027,0.016472,0.002765,0.317101,1.359259
45,2.254447,0.354444,0.338163,0.016281,0.002900,0.516145,1.380958
46,1.799393,0.253907,0.237004,0.016903,0.003032,0.174382,1.368072
47,2.222057,0.222448,0.206484,0.015964,0.003166,0.612864,1.383580
48,1.871733,0.205731,0.190020,0.015711,0.003273,0.361242,1.301488
49,1.980754,0.206689,0.190428,0.016262,0.003327,0.465094,1.305643
50,2.003594,0.362343,0.345091,0.017252,0.003332,0.264320,1.373599
51,2.141413,0.390236,0.375253,0.014983,0.003331,0.380980,1.366865
52,2.515497,0.200403,0.184429,0.015974,0.003372,0.942293,1.369429
53,2.070043,0.504334,0.488441,0.015893,0.003409,0.207994,1.354305
54,2.607590,0.072706,0.056491,0.016215,0.003479,1.156456,1.374950
55,2.217508,0.377292,0.361799,0.015492,0.003510,0.477220,1.359487
56,2.044586,0.197789,0.181572,0.016218,0.003564,0.484573,1.358660
57,2.321792,0.119524,0.103439,0.016085,0.003610,0.838680,1.359978
58,2.107474,0.238712,0.223966,0.014745,0.003630,0.504007,1.361126
59,2.319707,0.204837,0.188828,0.016009,0.003635,0.765529,1.345706
60,2.154977,0.245552,0.229056,0.016495,0.003643,0.558167,1.347616
61,2.175049,0.380216,0.364544,0.015671,0.003665,0.487432,1.303736
62,2.496376,0.514584,0.498592,0.015991,0.003708,0.617369,1.360715
63,2.037947,0.398883,0.384424,0.014459,0.003800,0.330616,1.304648
64,2.041510,0.369169,0.353123,0.016046,0.003903,0.302680,1.365758
65,1.956393,0.332464,0.316159,0.016305,0.003981,0.253228,1.366720
66,2.091062,0.218987,0.201664,0.017323,0.004016,0.502933,1.365127
67,2.133857,0.388955,0.373235,0.015720,0.004038,0.377241,1.363623
68,2.121003,0.248295,0.232124,0.016171,0.004135,0.504907,1.363666
69,1.880214,0.212833,0.196930,0.015903,0.004209,0.310120,1.353052
70,1.996727,0.231093,0.214178,0.016915,0.004235,0.410891,1.350507
71,2.126011,0.531979,0.515782,0.016197,0.004284,0.238692,1.351056
72,2.248918,0.204404,0.188406,0.015998,0.004355,0.696526,1.343632
73,2.434201,0.235173,0.216563,0.018610,0.004350,0.850014,1.344664
74,2.559607,0.084736,0.068070,0.016666,0.004324,1.123449,1.347098
75,2.523959,0.506655,0.490464,0.016191,0.004350,0.674372,1.338581
76,2.181142,0.376159,0.358378,0.017781,0.004483,0.455807,1.344694
77,2.677517,0.350143,0.333432,0.016711,0.004684,0.975402,1.347288
78,1.958083,0.516651,0.500995,0.015656,0.004865,0.082808,1.353760
79,2.079608,0.233582,0.216555,0.017026,0.005048,0.497259,1.343719
80,1.838489,0.373246,0.357112,0.016134,0.005188,0.102530,1.357524
81,1.615708,0.219180,0.202649,0.016531,0.005253,0.104303,1.286973
82,1.991857,0.364289,0.347345,0.016944,0.005267,0.281207,1.341093
83,1.968196,0.076199,0.060171,0.016027,0.005227,0.535219,1.351551
84,1.608638,0.093287,0.077027,0.016260,0.005125,0.166435,1.343791
85,2.136421,0.556706,0.541477,0.015229,0.005010,0.226894,1.347811
86,1.994509,0.417158,0.400711,0.016447,0.004998,0.220506,1.351847
87,1.829044,0.208812,0.191898,0.016914,0.005086,0.275353,1.339794
88,2.082491,0.340783,0.324872,0.015911,0.005061,0.384214,1.352433
89,2.340974,0.113558,0.096615,0.016943,0.005016,0.864544,1.357857
90,3.313915,0.488645,0.471783,0.016861,0.004921,1.481476,1.338874
91,1.861341,0.482650,0.465046,0.017604,0.004782,0.021451,1.352458
92,1.832724,0.221178,0.203863,0.017315,0.004615,0.255618,1.351313
93,1.404651,0.114990,0.098690,0.016299,0.004489,0.015418,1.269755
94,2.301778,0.190148,0.172045,0.018103,0.004376,0.753981,1.353272
95,2.801601,0.192865,0.173889,0.018975,0.004244,1.256492,1.348000
96,1.840765,0.479053,0.461772,0.017281,0.004110,0.016859,1.340743
97,1.704141,0.350430,0.332269,0.018161,0.004116,0.016315,1.333280
98,2.036378,0.234198,0.212968,0.021230,0.004218,0.467512,1.330450
99,1.688948,0.321171,0.302223,0.018948,0.004208,0.016762,1.346807
100,1.935612,0.529758,0.512646,0.017112,0.004116,0.009367,1.392370
1,4.318177,0.457478,0.427470,0.030008,0.004920,1.620947,2.234832
2,4.215462,0.366266,0.336357,0.029909,0.004485,1.614484,2.230227
3,4.404412,0.565495,0.536267,0.029228,0.004150,1.609190,2.225577
4,4.332965,0.506227,0.477814,0.028414,0.003793,1.601952,2.220993
5,4.432449,0.616558,0.587848,0.028710,0.003593,1.595958,2.216339
6,4.376300,0.574966,0.546051,0.028915,0.003549,1.586194,2.211591
7,4.410669,0.619038,0.590563,0.028476,0.003492,1.581361,2.206777
8,4.445912,0.673770,0.645700,0.028070,0.003375,1.567038,2.201729
9,4.131546,0.366481,0.339867,0.026613,0.003273,1.565393,2.196400
10,4.263348,0.520304,0.495211,0.025093,0.003180,1.549025,2.190838
11,4.213550,0.483913,0.456980,0.026933,0.003144,1.541691,2.184802
12,4.488741,0.782035,0.756435,0.025600,0.003214,1.525229,2.178263
13,4.862265,1.197570,1.172112,0.025458,0.003287,1.490323,2.171085
14,4.447376,0.794138,0.768013,0.026125,0.003262,1.486605,2.163370
15,3.978778,0.295491,0.269904,0.025587,0.003218,1.525459,2.154610
16,4.080002,0.447797,0.422451,0.025346,0.003160,1.484211,2.144833
17,4.229823,0.641846,0.616584,0.025262,0.003117,1.451797,2.133063
18,3.843369,0.262108,0.236776,0.025332,0.003089,1.458099,2.120072
19,4.055363,0.564415,0.542526,0.021889,0.003126,1.384380,2.103442
20,4.002799,0.526741,0.503699,0.023042,0.003187,1.389741,2.083129
21,3.938025,0.555856,0.532710,0.023146,0.003301,1.321083,2.057785
22,3.621157,0.170235,0.147110,0.023125,0.003433,1.420342,2.027148
23,3.919521,0.691377,0.668445,0.022932,0.003520,1.236531,1.988093
24,3.823078,0.627103,0.603838,0.023265,0.003566,1.251598,1.940812
25,3.603504,0.656418,0.633280,0.023137,0.003586,1.062678,1.880823
26,3.491142,0.522887,0.497534,0.025353,0.003667,1.150666,1.813921
27,3.315266,0.474744,0.449889,0.024855,0.003786,1.098280,1.738456
28,3.279626,0.432188,0.405640,0.026548,0.003905,1.183724,1.659809
29,3.321002,0.609301,0.581813,0.027488,0.003979,1.120373,1.587348
30,3.052518,0.552750,0.526861,0.025889,0.004056,0.944061,1.551651
31,3.073688,0.624280,0.599134,0.025145,0.004131,0.936238,1.509040
32,3.153841,0.395031,0.371671,0.023359,0.004202,1.248184,1.506423
33,2.718476,0.324413,0.303021,0.021392,0.004262,0.912804,1.476997
34,3.039385,0.793688,0.774369,0.019320,0.004288,0.771286,1.470123
35,2.989054,0.800113,0.780923,0.019190,0.004296,0.724890,1.459756
36,2.977400,0.728189,0.709829,0.018360,0.004338,0.796142,1.448731
37,2.939525,0.536734,0.519628,0.017105,0.004382,0.951671,1.446739
38,3.014701,0.511738,0.495119,0.016619,0.004423,1.069090,1.429450
39,2.907884,0.509481,0.493709,0.015772,0.004442,0.966531,1.427429
40,2.869717,0.371869,0.355905,0.015964,0.004509,1.064972,1.428367
41,2.759293,0.248754,0.233420,0.015334,0.004550,1.075253,1.430736
42,3.101983,0.822468,0.806572,0.015896,0.004556,0.855235,1.419724
43,2.956616,0.373585,0.357563,0.016021,0.004562,1.155901,1.422568
44,3.042532,0.235232,0.218761,0.016471,0.004633,1.391577,1.411090
45,3.077003,0.680089,0.663917,0.016172,0.004740,0.980569,1.411605
46,2.960915,0.662204,0.646046,0.016158,0.004779,0.877716,1.416217
47,2.962274,0.607758,0.592143,0.015615,0.004831,0.943533,1.406151
48,3.078559,0.899188,0.883496,0.015693,0.004872,0.778137,1.396362
49,2.929895,0.729237,0.713110,0.016127,0.004904,0.783293,1.412462
50,2.900132,0.540037,0.523063,0.016974,0.004909,0.953471,1.401715
51,2.803374,0.322102,0.307250,0.014852,0.004953,1.083168,1.393151
52,2.845726,0.714766,0.698652,0.016114,0.005066,0.728380,1.397515
53,2.850554,0.358703,0.343117,0.015586,0.005183,1.089337,1.397331
54,2.861331,0.809683,0.793706,0.015977,0.005293,0.640016,1.406339
55,2.961670,0.489428,0.474272,0.015156,0.005418,1.075453,1.391371
56,2.954083,0.821217,0.805372,0.015845,0.005610,0.741555,1.385701
57,2.657773,0.503911,0.488552,0.015359,0.005773,0.752333,1.395757
58,2.822861,0.528259,0.513663,0.014596,0.005954,0.913724,1.374924
59,2.992746,0.734315,0.718569,0.015746,0.006056,0.868919,1.383456
60,2.831280,0.548620,0.532564,0.016056,0.006194,0.882617,1.393849
61,2.989896,0.418424,0.402560,0.015864,0.006404,1.195450,1.369618
62,3.131927,0.381496,0.365819,0.015677,0.006520,1.353397,1.390513
63,2.981912,0.411331,0.397269,0.014062,0.006567,1.188243,1.375771
64,2.844523,0.388661,0.373088,0.015574,0.006577,1.056094,1.393191
65,3.114465,0.710517,0.694060,0.016457,0.006614,1.024867,1.372467
66,2.924662,0.686049,0.668822,0.017228,0.006617,0.852114,1.379882
67,2.805590,0.304053,0.288732,0.015321,0.006616,1.115342,1.379579
68,2.781046,0.447966,0.431831,0.016135,0.006660,0.940425,1.385995
69,2.872447,0.658231,0.642575,0.015656,0.006706,0.824747,1.382763
70,2.863313,0.631116,0.614665,0.016451,0.006787,0.846886,1.378524
71,2.976697,0.219144,0.203257,0.015887,0.006896,1.373226,1.377431
72,2.914074,0.807160,0.791307,0.015853,0.006996,0.725609,1.374310
73,2.889698,0.684341,0.666356,0.017985,0.007036,0.838915,1.359406
74,2.881355,0.891543,0.875345,0.016198,0.007115,0.603748,1.378950
75,2.995466,0.312373,0.296274,0.016098,0.007259,1.294787,1.381047
76,2.849035,0.346861,0.329809,0.017052,0.007386,1.122403,1.372385
77,3.001720,0.584092,0.567701,0.016391,0.007548,1.028065,1.382016
78,2.834557,0.201370,0.185853,0.015517,0.007641,1.239349,1.386196
79,2.912831,0.730195,0.713353,0.016842,0.007671,0.815779,1.359186
80,2.795303,0.458934,0.443182,0.015752,0.007678,0.984943,1.343747
81,2.884819,0.699802,0.683473,0.016329,0.007709,0.802270,1.375039
82,2.844094,0.517129,0.500282,0.016848,0.007697,0.932356,1.386911
83,2.828042,0.891664,0.875795,0.015868,0.007688,0.543703,1.384987
84,2.594045,0.644451,0.628660,0.015791,0.007777,0.576389,1.365428
85,2.790666,0.168023,0.153438,0.014585,0.007894,1.245107,1.369642
86,2.720172,0.279026,0.263185,0.015841,0.007993,1.056712,1.376440
87,2.656948,0.607388,0.590635,0.016753,0.008214,0.686390,1.354956
88,2.787012,0.602884,0.587270,0.015614,0.008372,0.824632,1.351124
89,2.662875,0.599862,0.583856,0.016005,0.008593,0.672938,1.381482
90,2.882151,0.477848,0.461595,0.016253,0.008816,1.026782,1.368705
91,2.818222,0.448981,0.432442,0.016540,0.008899,0.993213,1.367129
92,2.701647,0.662417,0.645962,0.016455,0.008874,0.681697,1.348659
93,2.700150,0.668292,0.653045,0.015247,0.008902,0.637318,1.385639
94,2.782965,0.750563,0.733434,0.017129,0.009139,0.662228,1.361035
95,2.802651,0.785234,0.768757,0.016477,0.009352,0.636645,1.371421
96,2.748827,0.311064,0.294684,0.016380,0.009451,1.056612,1.371700
97,2.591375,0.352075,0.334858,0.017217,0.009522,0.879580,1.350198
98,2.741457,0.636431,0.619421,0.017010,0.009540,0.737837,1.357649
99,2.731377,0.675101,0.658573,0.016528,0.009560,0.704584,1.342132
100,2.587356,0.207546,0.191423,0.016122,0.009539,1.007675,1.362596
1,3.893338,0.045045,0.015435,0.029610,0.004903,1.608597,2.234793
2,3.879435,0.042769,0.013553,0.029216,0.004313,1.602411,2.229942
3,3.872001,0.047193,0.018341,0.028852,0.003780,1.595871,2.225157
4,3.859439,0.044956,0.016452,0.028505,0.003305,1.590846,2.220332
5,3.849791,0.046700,0.018524,0.028176,0.002887,1.584803,2.215403
6,3.832767,0.042214,0.014349,0.027865,0.002531,1.577655,2.210367
7,3.827560,0.046048,0.018492,0.027556,0.002220,1.574188,2.205104
8,3.816435,0.047435,0.020172,0.027262,0.001958,1.567457,2.199585
9,3.797106,0.042709,0.015735,0.026974,0.001753,1.558946,2.193698
10,3.791085,0.048460,0.021771,0.026689,0.001580,1.553691,2.187354
11,3.779249,0.050793,0.024391,0.026402,0.001447,1.546548,2.180460
12,3.762765,0.052063,0.025950,0.026114,0.001353,1.536568,2.172780
13,3.735832,0.043433,0.017601,0.025832,0.001287,1.527277,2.163836
14,3.718634,0.045931,0.020397,0.025534,0.001220,1.517713,2.153771
15,3.691888,0.042517,0.017273,0.025245,0.001166,1.506510,2.141695
16,3.657605,0.040818,0.015849,0.024969,0.001114,1.488812,2.126861
17,3.623153,0.041010,0.016294,0.024716,0.001053,1.472301,2.108789
18,3.574375,0.038140,0.013590,0.024550,0.000996,1.450459,2.084781
19,3.527081,0.048028,0.023491,0.024536,0.000949,1.423248,2.054856
20,3.464507,0.054309,0.029515,0.024794,0.000937,1.394195,2.015066
21,3.352788,0.045655,0.020165,0.025491,0.000952,1.343615,1.962566
22,3.245704,0.042915,0.016142,0.026773,0.000971,1.307223,1.894594
23,3.161349,0.050773,0.022016,0.028757,0.000968,1.304318,1.805289
24,2.981213,0.045080,0.013874,0.031206,0.000965,1.214335,1.720834
25,2.865351,0.061891,0.027690,0.034202,0.000964,1.169681,1.632815
26,2.762800,0.058127,0.021839,0.036288,0.000984,1.143735,1.559954
27,2.835759,0.061047,0.023721,0.037326,0.001002,1.262327,1.511382
28,2.764860,0.050081,0.014843,0.035238,0.001014,1.217877,1.495889
29,2.771965,0.047600,0.016212,0.031388,0.001009,1.238186,1.485170
30,2.591320,0.048361,0.021391,0.026970,0.000994,1.073878,1.468088
31,2.599553,0.045784,0.021580,0.024204,0.000979,1.085298,1.467491
32,2.759387,0.036199,0.014486,0.021713,0.000958,1.263155,1.459074
33,2.593662,0.035305,0.015591,0.019714,0.000936,1.110129,1.447292
34,2.605285,0.039182,0.020603,0.018579,0.000912,1.120082,1.445109
35,2.590814,0.039581,0.021804,0.017777,0.000899,1.114425,1.435910
36,2.657635,0.035309,0.018154,0.017155,0.000890,1.237288,1.384148
37,2.608070,0.031959,0.015177,0.016782,0.000875,1.148509,1.426727
38,2.561404,0.034233,0.017609,0.016624,0.000856,1.110612,1.415703
39,2.601734,0.035620,0.019275,0.016344,0.000832,1.148025,1.417257
40,2.621290,0.036066,0.019837,0.016229,0.000808,1.172071,1.412346
41,2.524107,0.030849,0.014671,0.016179,0.000786,1.084850,1.407622
42,2.545549,0.037839,0.021748,0.016092,0.000778,1.105293,1.401639
43,2.544047,0.026594,0.010537,0.016056,0.000775,1.111260,1.405418
44,2.584716,0.030370,0.014341,0.016029,0.000767,1.157747,1.395833
45,2.584967,0.034211,0.018224,0.015987,0.000755,1.154979,1.395023
46,2.569073,0.038228,0.022236,0.015992,0.000745,1.140220,1.389880
47,2.595506,0.030441,0.014478,0.015964,0.000740,1.172564,1.391760
48,2.573035,0.032815,0.016893,0.015922,0.000728,1.153875,1.385616
49,2.600256,0.031502,0.015553,0.015949,0.000707,1.181774,1.386273
50,2.492228,0.035789,0.019803,0.015986,0.000683,1.061814,1.393942
51,2.454727,0.033604,0.017650,0.015955,0.000671,1.037432,1.383020
52,2.503481,0.036174,0.020238,0.015936,0.000668,1.086151,1.380489
53,2.626519,0.031736,0.015761,0.015975,0.000669,1.204967,1.389147
54,2.503529,0.031881,0.015939,0.015943,0.000664,1.089140,1.381844
55,2.644634,0.033672,0.017714,0.015958,0.000649,1.230461,1.379852
56,2.690416,0.035619,0.019636,0.015983,0.000636,1.272861,1.381300
57,2.507370,0.029766,0.013749,0.016017,0.000621,1.093284,1.383698
58,2.547210,0.029239,0.013243,0.015996,0.000614,1.142710,1.374647
59,2.610086,0.039693,0.023710,0.015984,0.000599,1.202761,1.367033
60,2.589953,0.033458,0.017474,0.015984,0.000586,1.172786,1.383123
61,2.493253,0.034470,0.018482,0.015987,0.000582,1.088896,1.369305
62,2.565736,0.034310,0.018201,0.016108,0.000579,1.150459,1.380387
63,2.638435,0.039102,0.022955,0.016147,0.000587,1.227132,1.371615
64,2.557757,0.032428,0.016416,0.016012,0.000586,1.143429,1.381314
65,2.550501,0.034206,0.018239,0.015967,0.000593,1.148438,1.367264
66,2.665252,0.034621,0.018596,0.016026,0.000599,1.253231,1.376801
67,2.577167,0.040440,0.024476,0.015964,0.000607,1.163671,1.372450
68,2.563706,0.036000,0.020042,0.015957,0.000618,1.157443,1.369645
69,2.622185,0.034615,0.018594,0.016021,0.000629,1.209067,1.377874
70,2.620492,0.039261,0.023298,0.015963,0.000638,1.212059,1.368534
71,2.536972,0.032483,0.016535,0.015948,0.000643,1.139852,1.363994
72,2.550362,0.032283,0.016329,0.015954,0.000640,1.149164,1.368275
73,2.557819,0.032757,0.016817,0.015941,0.000628,1.159606,1.364827
74,2.562961,0.030918,0.014984,0.015933,0.000613,1.160201,1.371229
75,2.622240,0.036291,0.020300,0.015991,0.000605,1.219938,1.365406
76,2.525370,0.027848,0.011920,0.015929,0.000603,1.132772,1.364147
77,2.546504,0.031764,0.015822,0.015941,0.000592,1.151118,1.363030
78,2.541785,0.034094,0.018095,0.015998,0.000577,1.137586,1.369528
79,2.602026,0.031856,0.015949,0.015907,0.000576,1.208470,1.361123
80,2.473294,0.035063,0.019168,0.015895,0.000581,1.133189,1.304461
81,2.559667,0.033894,0.018020,0.015874,0.000587,1.156886,1.368301
82,2.568130,0.032100,0.016212,0.015888,0.000591,1.171211,1.364228
83,2.589156,0.030742,0.014834,0.015908,0.000589,1.192658,1.365168
84,2.538022,0.034471,0.018557,0.015914,0.000586,1.137284,1.365680
85,2.648892,0.028947,0.013013,0.015933,0.000581,1.255839,1.363526
86,2.530139,0.031640,0.015731,0.015908,0.000565,1.137514,1.360419
87,2.627045,0.032239,0.016332,0.015908,0.000554,1.226462,1.367790
88,2.481903,0.037063,0.021147,0.015916,0.000544,1.142164,1.302132
89,2.604989,0.035297,0.019332,0.015966,0.000554,1.199568,1.369570
90,2.516524,0.029497,0.013536,0.015961,0.000564,1.127789,1.358675
91,2.556830,0.030141,0.014222,0.015919,0.000561,1.160168,1.365960
92,2.523052,0.037112,0.021168,0.015943,0.000555,1.124907,1.360479
93,2.572332,0.032342,0.016359,0.015983,0.000552,1.179199,1.360240
94,2.571869,0.035260,0.019320,0.015940,0.000546,1.173731,1.362331
95,2.625790,0.031997,0.016040,0.015957,0.000552,1.234215,1.359027
96,2.550054,0.042762,0.026804,0.015959,0.000561,1.151582,1.355148
97,2.527982,0.035517,0.019596,0.015921,0.000576,1.138185,1.353704
98,2.486439,0.031743,0.015737,0.016006,0.000581,1.150713,1.303403
99,2.534651,0.034649,0.018719,0.015930,0.000584,1.142326,1.357092
100,2.579634,0.032652,0.016635,0.016017,0.000589,1.181846,1.364547
1,4.518233,0.648770,0.620094,0.028676,0.004953,1.629646,2.234865
2,4.589239,0.736679,0.707196,0.029483,0.004436,1.617760,2.230364
3,4.731177,0.886962,0.857975,0.028986,0.004018,1.614484,2.225713
4,4.561022,0.737009,0.707877,0.029132,0.003648,1.599111,2.221254
5,4.309582,0.498430,0.470140,0.028290,0.003332,1.591204,2.216616
6,4.723605,0.923175,0.894251,0.028923,0.003080,1.585516,2.211834
7,4.033125,0.245930,0.218069,0.027861,0.002847,1.577281,2.207068
8,4.419249,0.648640,0.620859,0.027782,0.002613,1.565994,2.202002
9,4.445057,0.684236,0.656759,0.027478,0.002392,1.561707,2.196722
10,4.222618,0.472581,0.446254,0.026327,0.002201,1.556732,2.191104
11,4.255089,0.524095,0.497933,0.026162,0.002058,1.543740,2.185197
12,4.853344,1.160427,1.134944,0.025482,0.001969,1.512145,2.178803
13,3.976761,0.255251,0.229056,0.026195,0.001902,1.547611,2.171997
14,3.993339,0.292790,0.267410,0.025380,0.001795,1.534208,2.164545
15,4.766650,1.147185,1.122114,0.025072,0.001704,1.461908,2.155852
16,4.091464,0.440122,0.414110,0.026011,0.001619,1.503084,2.146639
17,4.840811,1.284302,1.259282,0.025020,0.001524,1.419380,2.135605
18,3.893193,0.257445,0.233281,0.024164,0.001451,1.511733,2.122564
19,4.189970,0.666808,0.643564,0.023245,0.001372,1.414579,2.107211
20,4.281650,0.799006,0.776035,0.022971,0.001304,1.392696,2.088643
21,4.120857,0.716535,0.693353,0.023183,0.001248,1.338347,2.064726
22,4.094540,0.720433,0.696876,0.023557,0.001197,1.336900,2.036009
23,3.930527,0.659281,0.636076,0.023206,0.001141,1.271454,1.998651
24,3.641559,0.244649,0.221354,0.023295,0.001094,1.439639,1.956178
25,3.884605,0.797903,0.775036,0.022867,0.001054,1.179499,1.906149
26,3.696125,0.710394,0.686736,0.023659,0.001027,1.140997,1.843706
27,3.808354,1.039028,1.014395,0.024633,0.001013,1.007714,1.760599
28,3.263946,0.647330,0.621238,0.026093,0.001008,0.928923,1.686684
29,3.461023,0.805777,0.778754,0.027023,0.001006,1.044072,1.610167
30,3.193155,0.690562,0.663163,0.027400,0.001012,0.948439,1.553142
31,3.189364,1.299237,1.270902,0.028336,0.001030,0.371319,1.517778
32,3.129991,0.988395,0.961524,0.026871,0.001050,0.653136,1.487410
33,2.977146,0.039579,0.015804,0.023775,0.001055,1.455602,1.480910
34,2.943424,0.692102,0.670023,0.022079,0.001049,0.781186,1.469087
35,3.083256,0.223705,0.204522,0.019184,0.001034,1.391013,1.467504
36,3.232657,0.445534,0.427369,0.018165,0.001019,1.369581,1.416523
37,3.044032,0.897737,0.880627,0.017110,0.001005,0.694767,1.450524
38,3.008792,0.538108,0.521428,0.016680,0.001000,1.021564,1.448119
39,3.033089,0.459765,0.443304,0.016461,0.000995,1.131140,1.441188
40,3.168907,0.717532,0.701302,0.016229,0.000990,1.016278,1.434107
41,3.018730,0.593929,0.577522,0.016407,0.000982,0.991513,1.432307
42,3.103449,0.715048,0.698867,0.016181,0.000977,0.952381,1.435043
43,3.035742,0.212607,0.196363,0.016244,0.000970,1.390891,1.431274
44,3.047744,0.731261,0.714992,0.016268,0.000966,0.903716,1.411801
45,2.926454,0.508354,0.491665,0.016689,0.000959,0.992772,1.424369
46,2.926927,0.232007,0.215937,0.016070,0.000955,1.291144,1.402820
47,3.063190,0.502971,0.486975,0.015996,0.000954,1.130865,1.428400
48,3.049583,0.773248,0.757516,0.015733,0.000953,0.855110,1.420271
49,2.980365,1.095961,1.079973,0.015988,0.000955,0.464181,1.419269
50,2.778629,0.413271,0.397150,0.016121,0.000951,0.955229,1.409179
51,2.895199,0.583198,0.567228,0.015970,0.000928,0.910585,1.400488
52,3.014464,0.429519,0.413433,0.016086,0.000887,1.195413,1.388645
53,2.957083,0.457611,0.441547,0.016064,0.000855,1.089413,1.409204
54,3.061401,0.889850,0.873607,0.016242,0.000828,0.743429,1.427294
55,2.927517,0.469856,0.453643,0.016213,0.000803,1.062799,1.394059
56,3.046959,0.708669,0.692427,0.016242,0.000791,0.950839,1.386661
57,2.924900,0.577442,0.561264,0.016178,0.000794,0.931226,1.415438
58,3.075851,0.481920,0.465997,0.015923,0.000798,1.206257,1.386876
59,3.027815,0.673248,0.657028,0.016220,0.000797,0.970504,1.383265
60,2.983923,0.701286,0.685506,0.015780,0.000793,0.929398,1.352447
61,2.836896,0.436540,0.420822,0.015718,0.000796,1.073423,1.326137
62,2.924852,0.666196,0.649938,0.016258,0.000796,0.856031,1.401829
63,3.022465,0.651629,0.635315,0.016314,0.000793,0.981671,1.388373
64,3.007923,0.894115,0.877932,0.016184,0.000794,0.721614,1.391400
65,3.130371,0.495547,0.479099,0.016448,0.000793,1.249410,1.384621
66,3.082360,0.480235,0.463986,0.016248,0.000797,1.214182,1.387146
67,2.966356,0.688302,0.672094,0.016208,0.000806,0.892221,1.385026
68,3.077128,0.875424,0.859796,0.015628,0.000811,0.813517,1.387376
69,2.955967,0.638033,0.621962,0.016071,0.000809,0.951639,1.365487
70,3.014523,0.471364,0.454999,0.016365,0.000808,1.168913,1.373438
71,3.046420,0.450708,0.434622,0.016087,0.000806,1.209730,1.385176
72,3.065301,0.529879,0.514056,0.015824,0.000804,1.156313,1.378305
73,3.011750,0.958605,0.941831,0.016774,0.000800,0.667438,1.384907
74,2.989132,0.428689,0.412399,0.016290,0.000805,1.173708,1.385929
75,3.050546,0.711009,0.695090,0.015919,0.000817,0.964573,1.374147
76,2.994610,0.413816,0.397733,0.016083,0.000827,1.200310,1.379657
77,2.947771,0.411690,0.395745,0.015945,0.000835,1.155233,1.380013
78,3.027840,0.705624,0.689644,0.015980,0.000842,0.944883,1.376492
79,3.069477,0.702933,0.687045,0.015888,0.000849,0.996015,1.369680
80,2.956950,0.462999,0.446936,0.016063,0.000844,1.163599,1.329507
81,2.971209,0.499408,0.483285,0.016123,0.000834,1.091790,1.379176
82,2.950193,0.468249,0.451558,0.016691,0.000835,1.090039,1.391070
83,3.008208,0.944037,0.928278,0.015759,0.000842,0.669803,1.393525
84,2.975248,0.675077,0.658642,0.016435,0.000864,0.932246,1.367061
85,3.058854,0.944968,0.928513,0.016455,0.000889,0.721887,1.391109
86,2.976595,0.732212,0.716065,0.016147,0.000904,0.877791,1.365689
87,2.819482,0.633807,0.617506,0.016301,0.000918,0.835323,1.349434
88,2.928502,0.687670,0.671844,0.015826,0.000931,0.886119,1.353782
89,2.845901,0.444072,0.427514,0.016557,0.000942,1.053779,1.347109
90,2.893373,0.660088,0.643881,0.016207,0.000947,0.872762,1.359575
91,2.888227,0.649261,0.632533,0.016727,0.000951,0.858368,1.379648
92,2.967055,0.719517,0.703254,0.016263,0.000957,0.887467,1.359115
93,2.858553,0.257546,0.241042,0.016503,0.000971,1.235667,1.364370
94,2.988071,0.696982,0.680739,0.016243,0.000985,0.890267,1.399836
95,2.946485,0.946307,0.929861,0.016446,0.001007,0.647573,1.351598
96,2.814094,0.655486,0.639159,0.016328,0.001023,0.790622,1.366963
97,2.825948,0.448362,0.431960,0.016402,0.001035,0.979687,1.396865
98,2.875435,0.505901,0.489491,0.016410,0.001047,0.995403,1.373084
99,2.716995,0.422354,0.406130,0.016224,0.001060,0.933079,1.360501
100,2.789229,0.478956,0.462302,0.016655,0.001076,0.941905,1.367291
1,4.510265,0.640841,0.611391,0.029450,0.004926,1.629635,2.234863
2,4.557971,0.705439,0.676013,0.029426,0.004417,1.617755,2.230359
3,4.701302,0.857118,0.828230,0.028888,0.003985,1.614486,2.225713
4,4.503653,0.679762,0.650867,0.028896,0.003588,1.599035,2.221267
5,4.272338,0.461367,0.433097,0.028270,0.003236,1.591126,2.216609
6,4.683660,0.883557,0.855370,0.028187,0.002939,1.585395,2.211769
7,4.044372,0.257710,0.230047,0.027663,0.002654,1.577032,2.206975
8,4.404418,0.634223,0.606700,0.027523,0.002399,1.565903,2.201893
9,4.414768,0.654202,0.627060,0.027142,0.002175,1.561820,2.196570
10,4.164245,0.414876,0.388193,0.026683,0.001992,1.556464,2.190912
11,4.230148,0.500006,0.473637,0.026369,0.001846,1.543339,2.184956
12,4.783421,1.091822,1.066024,0.025798,0.001732,1.511434,2.178432
13,3.977476,0.254350,0.228407,0.025943,0.001635,1.550062,2.171430
14,3.962972,0.264642,0.239101,0.025540,0.001541,1.532963,2.163827
15,4.711998,1.095447,1.070003,0.025444,0.001475,1.460166,2.154910
16,4.082985,0.433072,0.407559,0.025513,0.001437,1.502950,2.145526
17,4.758536,1.205952,1.181016,0.024936,0.001413,1.416983,2.134188
18,3.887785,0.252929,0.228724,0.024205,0.001432,1.512489,2.120934
19,4.172882,0.653500,0.629842,0.023659,0.001441,1.412811,2.105130
20,4.221098,0.741855,0.718361,0.023494,0.001443,1.391823,2.085977
21,4.079034,0.679339,0.655966,0.023373,0.001452,1.336831,2.061411
22,4.048460,0.690161,0.666748,0.023413,0.001441,1.325733,2.031125
23,3.878858,0.625757,0.602324,0.023433,0.001440,1.259921,1.991740
24,3.603588,0.222550,0.199081,0.023468,0.001448,1.432356,1.947234
25,3.810003,0.747223,0.723799,0.023424,0.001453,1.165567,1.895759
26,3.641441,0.670556,0.646500,0.024057,0.001465,1.138434,1.830986
27,3.732348,0.989036,0.963517,0.025518,0.001480,0.997319,1.744514
28,3.205421,0.632189,0.606017,0.026171,0.001487,0.899316,1.672429
29,3.382073,0.739142,0.711630,0.027512,0.001504,1.044074,1.597354
30,3.082682,0.622246,0.594573,0.027673,0.001507,0.914959,1.543971
31,3.075002,1.224399,1.195717,0.028682,0.001511,0.333708,1.515384
32,3.074199,0.970900,0.944542,0.026358,0.001539,0.615484,1.486277
33,3.044131,0.038857,0.015431,0.023426,0.001569,1.524644,1.479061
34,2.949792,0.683781,0.662273,0.021508,0.001583,0.797497,1.466931
35,2.979972,0.228759,0.209965,0.018794,0.001591,1.284445,1.465177
36,3.169595,0.423548,0.405710,0.017838,0.001586,1.326141,1.418320
37,2.984608,0.866581,0.849563,0.017018,0.001573,0.666680,1.449775
38,2.879184,0.509104,0.492354,0.016750,0.001566,0.922097,1.446418
39,2.997678,0.431863,0.415315,0.016548,0.001571,1.126291,1.437953
40,3.134899,0.679263,0.662766,0.016496,0.001589,1.021026,1.433021
41,2.933886,0.550568,0.534126,0.016442,0.001543,0.954407,1.427368
42,3.147164,0.706037,0.689671,0.016366,0.001512,1.008311,1.431305
43,2.976309,0.206759,0.190550,0.016209,0.001491,1.337206,1.430853
44,2.989087,0.698734,0.682567,0.016167,0.001498,0.878644,1.410212
45,2.853132,0.492608,0.476228,0.016380,0.001509,0.938096,1.420919
46,2.950844,0.226228,0.210186,0.016042,0.001491,1.321723,1.401403
47,3.015013,0.470602,0.454534,0.016068,0.001470,1.115958,1.426982
48,3.015635,0.718139,0.702178,0.015962,0.001450,0.878097,1.417949
49,2.931637,1.054918,1.038707,0.016211,0.001468,0.457882,1.417370
50,2.777015,0.399534,0.383470,0.016063,0.001493,0.966677,1.409312
51,2.895365,0.608031,0.591894,0.016137,0.001515,0.885671,1.400147
52,2.927253,0.410781,0.394744,0.016037,0.001578,1.126626,1.388268
53,2.909264,0.458932,0.442834,0.016098,0.001647,1.040083,1.408602
54,3.116730,0.887777,0.871584,0.016193,0.001725,0.799882,1.427346
55,2.824834,0.444272,0.428209,0.016063,0.001836,0.984956,1.393770
56,2.951733,0.669597,0.653402,0.016194,0.001924,0.892900,1.387311
57,2.917322,0.566585,0.550532,0.016053,0.001985,0.934101,1.414651
1,4.512595,0.643018,0.615017,0.028002,0.005044,1.629652,2.234880
2,4.485185,0.632117,0.601174,0.030943,0.004763,1.617893,2.230411
3,4.865593,1.020675,0.991692,0.028983,0.004436,1.614690,2.225793
4,4.509821,0.685205,0.659192,0.026013,0.004159,1.599078,2.221379
5,4.325776,0.513795,0.485807,0.027989,0.003891,1.591281,2.216808
6,4.780201,0.977962,0.948415,0.029547,0.003677,1.586323,2.212239
7,3.959184,0.170127,0.142476,0.027651,0.003460,1.577951,2.207646
8,4.352078,0.579158,0.550486,0.028672,0.003238,1.566986,2.202696
9,4.580920,0.817571,0.790695,0.026876,0.003013,1.562835,2.197501
10,4.293327,0.540609,0.515976,0.024633,0.002841,1.557894,2.191983
11,4.341375,0.608067,0.582300,0.025767,0.002697,1.544401,2.186210
12,5.294822,1.596983,1.572325,0.024658,0.002612,1.515106,2.180122
13,4.096170,0.371413,0.346710,0.024703,0.002570,1.548433,2.173754
14,3.970247,0.265600,0.239083,0.026517,0.002501,1.535361,2.166785
15,4.773999,1.144298,1.117574,0.026724,0.002419,1.468490,2.158792
16,4.165253,0.505948,0.479179,0.026769,0.002339,1.506917,2.150050
17,4.782726,1.212400,1.184697,0.027703,0.002266,1.428184,2.139877
18,3.843074,0.197629,0.172485,0.025143,0.002142,1.515191,2.128113
19,4.260794,0.716993,0.696545,0.020447,0.002011,1.427415,2.114376
20,4.605622,1.096705,1.077163,0.019542,0.001912,1.409136,2.097869
21,4.049704,0.609782,0.588214,0.021568,0.001798,1.360501,2.077623
22,4.386370,0.983610,0.964303,0.019307,0.001690,1.348418,2.052653
23,4.051180,0.732406,0.709207,0.023199,0.001594,1.296234,2.020946
24,3.727573,0.299108,0.277032,0.022076,0.001532,1.442729,1.984204
25,4.310812,1.154073,1.133000,0.021073,0.001486,1.214431,1.940822
26,3.875200,0.811338,0.788071,0.023267,0.001462,1.177417,1.884982
27,3.990780,1.133270,1.108779,0.024491,0.001468,1.045095,1.810948
28,3.268836,0.568719,0.541569,0.027151,0.001486,0.958920,1.739712
29,3.781032,1.039306,1.014635,0.024671,0.001481,1.080514,1.659731
30,3.419882,0.882885,0.858651,0.024235,0.001482,0.943508,1.592006
31,3.428082,1.479216,1.452296,0.026921,0.001481,0.413368,1.534017
32,3.087413,0.923903,0.895084,0.028819,0.001455,0.668486,1.493569
33,2.967696,0.047494,0.021959,0.025535,0.001410,1.428029,1.490763
34,2.918709,0.659806,0.636727,0.023079,0.001370,0.779145,1.478389
35,3.077369,0.238050,0.218352,0.019698,0.001334,1.366431,1.471554
36,3.220666,0.472865,0.453722,0.019143,0.001305,1.326739,1.419757
37,2.887417,0.793533,0.775861,0.017672,0.001282,0.638532,1.454070
38,3.092936,0.699816,0.683101,0.016714,0.001269,0.941742,1.450109
39,3.126557,0.555880,0.539596,0.016285,0.001272,1.123050,1.446355
40,3.148218,0.690946,0.674417,0.016529,0.001269,1.016888,1.439115
41,3.059282,0.676507,0.660608,0.015899,0.001293,0.945279,1.436203
42,3.358133,0.969984,0.954410,0.015575,0.001320,0.948414,1.438415
43,2.910734,0.232929,0.217135,0.015794,0.001332,1.240900,1.435574
44,3.134968,0.819070,0.802528,0.016542,0.001339,0.899364,1.415194
45,2.913946,0.530333,0.513995,0.016338,0.001350,0.956899,1.425363
46,3.026578,0.315229,0.299227,0.016003,0.001355,1.306953,1.403040
47,3.024152,0.468447,0.452957,0.015491,0.001361,1.126382,1.427962
48,3.029238,0.744855,0.729279,0.015575,0.001363,0.862131,1.420890
49,3.025731,1.120489,1.106228,0.014261,0.001346,0.483910,1.419986
50,3.020562,0.602227,0.585300,0.016926,0.001325,1.004844,1.412166
51,2.979431,0.722932,0.706997,0.015935,0.001304,0.852507,1.402688
52,2.977383,0.475875,0.460761,0.015114,0.001290,1.109571,1.390647
53,2.925663,0.463100,0.446363,0.016737,0.001269,1.052444,1.408851
54,3.184536,0.949917,0.934816,0.015100,0.001248,0.808111,1.425260
55,2.886754,0.471913,0.455609,0.016303,0.001228,1.021495,1.392118
56,3.082439,0.781278,0.765224,0.016054,0.001212,0.911182,1.388767
57,2.779306,0.447140,0.432369,0.014771,0.001200,0.917578,1.413388
58,3.050208,0.510283,0.496459,0.013824,0.001186,1.152341,1.386398
1,4.495491,0.626059,0.600111,0.025948,0.004925,1.629645,2.234863
2,4.530144,0.677653,0.647438,0.030215,0.004398,1.617737,2.230356
3,4.634612,0.790493,0.762832,0.027662,0.003913,1.614485,2.225721
4,4.461386,0.637535,0.610853,0.026682,0.003466,1.599082,2.221302
5,4.242160,0.431236,0.401853,0.029382,0.003078,1.591187,2.216659
6,4.670915,0.870907,0.842505,0.028402,0.002748,1.585447,2.211814
7,4.041750,0.255127,0.228433,0.026694,0.002468,1.577144,2.207012
8,4.390494,0.620633,0.594042,0.026591,0.002234,1.565719,2.201908
9,4.363287,0.603176,0.576638,0.026539,0.002024,1.561517,2.196570
10,4.114437,0.364989,0.337466,0.027523,0.001837,1.556705,2.190906
11,4.187216,0.457557,0.430001,0.027556,0.001681,1.543025,2.184954
12,4.712589,1.021175,0.994175,0.027001,0.001556,1.511444,2.178414
13,3.959894,0.237201,0.209466,0.027736,0.001468,1.549801,2.171424
14,3.920756,0.222906,0.198081,0.024825,0.001403,1.532685,2.163764
15,4.632574,1.015902,0.990537,0.025365,0.001359,1.460419,2.154894
16,4.048685,0.399367,0.374690,0.024678,0.001363,1.502516,2.145439
17,4.657842,1.105549,1.081184,0.024365,0.001401,1.416855,2.134036
18,3.863002,0.227586,0.204217,0.023369,0.001492,1.513119,2.120805
19,4.165654,0.647713,0.622776,0.024937,0.001561,1.411791,2.104588
20,4.167882,0.691869,0.668583,0.023286,0.001624,1.388950,2.085439
21,4.031013,0.635998,0.610793,0.025206,0.001700,1.332721,2.060593
22,4.031676,0.676446,0.653163,0.023284,0.001751,1.323654,2.029824
23,3.818406,0.570037,0.546935,0.023102,0.001827,1.256562,1.989980
24,3.579699,0.191356,0.166983,0.024374,0.001903,1.441325,1.945114
25,3.766577,0.709640,0.685555,0.024085,0.001954,1.161808,1.893175
26,3.607849,0.636413,0.612028,0.024385,0.002011,1.140528,1.828896
27,3.662755,0.923679,0.897606,0.026073,0.002094,0.992587,1.744395
28,3.161858,0.599874,0.573658,0.026216,0.002198,0.888559,1.671227
29,3.301690,0.654696,0.626824,0.027872,0.002304,1.048971,1.595720
30,3.038412,0.584122,0.555874,0.028248,0.002411,0.909483,1.542396
31,2.958448,1.100727,1.070820,0.029907,0.002515,0.342255,1.512951
32,3.015844,0.905176,0.878333,0.026843,0.002671,0.621267,1.486730
33,2.998569,0.024883,0.001879,0.023004,0.002846,1.490165,1.480674
34,3.009952,0.662946,0.640314,0.022631,0.002967,0.878913,1.465127
35,2.961835,0.228207,0.209992,0.018215,0.003070,1.265089,1.465471
36,3.147592,0.401687,0.384503,0.017184,0.003123,1.319731,1.423051
37,3.041994,0.872488,0.855410,0.017079,0.003169,0.716240,1.450097
38,2.939006,0.447719,0.430314,0.017405,0.003264,1.042203,1.445819
39,2.926928,0.394555,0.376990,0.017565,0.003387,1.087785,1.441201
40,3.067555,0.629250,0.611948,0.017301,0.003529,1.001893,1.432884
41,2.938274,0.511789,0.495699,0.016090,0.003610,0.991735,1.431139
42,3.101842,0.689443,0.673478,0.015964,0.003703,0.974177,1.434519
43,3.087772,0.197683,0.180787,0.016896,0.003770,1.454631,1.431687
44,3.008168,0.643088,0.626442,0.016647,0.003856,0.949204,1.412020
45,2.829149,0.444213,0.427942,0.016272,0.003938,0.958438,1.422559
46,2.865181,0.190053,0.175275,0.014778,0.003955,1.268732,1.402441
47,2.975140,0.442448,0.424841,0.017607,0.003960,1.101446,1.427285
48,2.949424,0.659089,0.642233,0.016857,0.003971,0.866846,1.419518
49,2.929720,1.026364,1.010040,0.016323,0.004073,0.480631,1.418653
50,2.927499,0.369876,0.355085,0.014791,0.004184,1.145081,1.408358
51,2.922732,0.587984,0.571612,0.016372,0.004264,0.929511,1.400973
52,2.919265,0.363579,0.349227,0.014352,0.004391,1.162499,1.388795
53,2.963113,0.444698,0.430388,0.014310,0.004510,1.104645,1.409260
54,3.099095,0.880593,0.864179,0.016414,0.004644,0.787541,1.426317
55,2.838905,0.406493,0.390261,0.016232,0.004827,1.033159,1.394427
56,2.908007,0.578410,0.562557,0.015853,0.004975,0.937400,1.387222
57,2.896996,0.549086,0.532784,0.016302,0.005129,0.927026,1.415755
1,3.879372,0.030893,0.001765,0.029128,0.004890,1.608791,2.234797
2,3.866737,0.029957,0.001590,0.028367,0.004274,1.602561,2.229945
3,3.854422,0.029384,0.001526,0.027858,0.003716,1.596159,2.225163
4,3.840812,0.026094,0.002603,0.023490,0.003210,1.591163,2.220346
5,3.834890,0.031537,0.002259,0.029279,0.002755,1.585171,2.215427
6,3.818590,0.027991,0.002056,0.025934,0.002357,1.577856,2.210386
7,3.809774,0.028303,0.002024,0.026278,0.002011,1.574304,2.205157
8,3.795772,0.026852,0.001987,0.024865,0.001715,1.567546,2.199659
9,3.782223,0.027993,0.001508,0.026485,0.001466,1.558988,2.193775
10,3.772703,0.030041,0.001657,0.028385,0.001258,1.553959,2.187445
11,3.759820,0.031483,0.002145,0.029338,0.001088,1.546653,2.180595
12,3.742736,0.031904,0.002289,0.029615,0.000951,1.536935,2.172946
13,3.720342,0.028077,0.001635,0.026442,0.000840,1.527358,2.164067
14,3.700216,0.027236,0.001878,0.025358,0.000748,1.518249,2.153983
15,3.677254,0.027474,0.001615,0.025859,0.000672,1.507117,2.141991
16,3.644017,0.024656,0.002061,0.022596,0.000611,1.491456,2.127294
17,3.606797,0.023230,0.001274,0.021956,0.000560,1.473577,2.109429
18,3.565795,0.026556,0.002010,0.024546,0.000519,1.452973,2.085746
19,3.513783,0.031601,0.003851,0.027750,0.000487,1.425341,2.056354
20,3.438831,0.028144,0.001593,0.026551,0.000464,1.393864,2.016358
21,3.342925,0.029498,0.001532,0.027966,0.000449,1.347815,1.965164
22,3.238884,0.028205,0.002096,0.026109,0.000437,1.312531,1.897711
23,3.134453,0.030270,0.001765,0.028505,0.000427,1.294168,1.809588
24,2.951636,0.033113,0.001540,0.031572,0.000419,1.194402,1.723702
25,2.826890,0.038727,0.001847,0.036880,0.000414,1.153755,1.633993
26,2.749859,0.038709,0.001931,0.036777,0.000414,1.151590,1.559146
27,2.819404,0.041919,0.001897,0.040022,0.000411,1.265763,1.511311
28,2.702647,0.038909,0.001633,0.037276,0.000405,1.167825,1.495507
29,2.808025,0.034112,0.001425,0.032687,0.000397,1.287385,1.486132
30,2.633421,0.029566,0.002697,0.026870,0.000385,1.132860,1.470610
31,2.568616,0.025863,0.001738,0.024125,0.000375,1.078295,1.464082
32,2.647055,0.024435,0.001528,0.022908,0.000365,1.166662,1.455592
33,2.546847,0.021355,0.002084,0.019270,0.000358,1.080509,1.444625
34,2.523237,0.019809,0.001435,0.018374,0.000351,1.059366,1.443710
35,2.573598,0.016949,0.001119,0.015830,0.000346,1.120343,1.435960
36,2.630130,0.018558,0.002101,0.016457,0.000338,1.227816,1.383420
37,2.592267,0.018395,0.001565,0.016829,0.000329,1.145293,1.428250
38,2.539092,0.018645,0.001182,0.017463,0.000322,1.106016,1.414109
39,2.594263,0.018884,0.001755,0.017129,0.000316,1.157247,1.417816
40,2.616893,0.018853,0.001493,0.017360,0.000310,1.185676,1.412054
41,2.512918,0.017586,0.001932,0.015653,0.000306,1.087426,1.407600
42,2.624771,0.017762,0.001757,0.016005,0.000304,1.201399,1.405306
43,2.517479,0.018348,0.001473,0.016875,0.000303,1.095824,1.403004
44,2.559096,0.017810,0.001441,0.016369,0.000302,1.144662,1.396321
45,2.547695,0.017531,0.001651,0.015881,0.000302,1.134045,1.395817
46,2.611664,0.016042,0.001760,0.014282,0.000301,1.211038,1.384283
47,2.578441,0.019367,0.001960,0.017407,0.000299,1.167984,1.390792
48,2.617378,0.018654,0.001509,0.017145,0.000294,1.212011,1.386420
49,2.609490,0.018645,0.002132,0.016513,0.000287,1.206107,1.384451
50,2.486306,0.016103,0.001824,0.014279,0.000280,1.072028,1.397895
51,2.437111,0.017991,0.001701,0.016290,0.000276,1.035610,1.383234
52,2.483700,0.016489,0.002074,0.014415,0.000274,1.087964,1.378974
53,2.589516,0.015625,0.001728,0.013897,0.000272,1.184672,1.388947
54,2.519490,0.018490,0.001877,0.016613,0.000269,1.118629,1.382101
55,2.542155,0.017184,0.001688,0.015497,0.000267,1.142242,1.382462
56,2.672930,0.016990,0.001556,0.015434,0.000264,1.273724,1.381952
57,2.523195,0.017228,0.001739,0.015489,0.000262,1.121842,1.383863
58,2.539061,0.018432,0.001624,0.016809,0.000261,1.145462,1.374905
59,2.658426,0.018340,0.002277,0.016062,0.000259,1.273556,1.366271
60,2.576076,0.018450,0.001499,0.016952,0.000255,1.175398,1.381972
61,2.466563,0.017052,0.001824,0.015229,0.000254,1.077452,1.371806
62,2.563574,0.018926,0.001572,0.017354,0.000253,1.157103,1.387292
63,2.601124,0.017581,0.002008,0.015573,0.000253,1.210633,1.372657
64,2.539682,0.016372,0.001922,0.014450,0.000251,1.140505,1.382553
65,2.547216,0.015035,0.001503,0.013532,0.000250,1.162723,1.369208
66,2.628744,0.016654,0.001747,0.014907,0.000248,1.234977,1.376865
67,2.558185,0.019344,0.003344,0.015999,0.000244,1.164164,1.374434
68,2.486529,0.016844,0.001916,0.014927,0.000241,1.099815,1.369629
69,2.560653,0.017491,0.001502,0.015989,0.000240,1.163823,1.379100
70,2.583818,0.016951,0.001859,0.015092,0.000237,1.197139,1.369490
71,2.539903,0.018120,0.001909,0.016211,0.000231,1.157523,1.364029
72,2.556179,0.020319,0.001552,0.018766,0.000227,1.167205,1.368428
73,2.514962,0.015844,0.001057,0.014787,0.000223,1.134149,1.364745
74,2.550743,0.017031,0.001255,0.015775,0.000220,1.161022,1.372470
75,2.534160,0.016602,0.001597,0.015005,0.000217,1.150673,1.366667
76,2.515547,0.017358,0.001412,0.015945,0.000215,1.133151,1.364824
77,2.536938,0.018080,0.002359,0.015722,0.000213,1.155198,1.363448
78,2.535667,0.020338,0.001748,0.018590,0.000212,1.145896,1.369222
79,2.564502,0.017257,0.001884,0.015373,0.000212,1.184891,1.362142
80,2.451662,0.015923,0.001674,0.014249,0.000212,1.130065,1.305462
81,2.577561,0.015710,0.001622,0.014088,0.000212,1.193268,1.368373
82,2.552727,0.015803,0.001468,0.014335,0.000210,1.174385,1.362328
83,2.606215,0.017437,0.001636,0.015801,0.000207,1.225741,1.362829
84,2.518670,0.015425,0.001959,0.013465,0.000204,1.138079,1.364962
85,2.635547,0.017771,0.001821,0.015950,0.000201,1.253254,1.364321
86,2.555115,0.019597,0.001789,0.017808,0.000198,1.169657,1.365663
87,2.587489,0.016462,0.001938,0.014524,0.000198,1.203499,1.367330
88,2.449293,0.017309,0.001723,0.015586,0.000197,1.128409,1.303377
89,2.572984,0.016501,0.001617,0.014884,0.000197,1.186020,1.370266
90,2.524477,0.016887,0.001519,0.015369,0.000197,1.148823,1.358571
91,2.539655,0.016804,0.001726,0.015078,0.000195,1.156728,1.365928
92,2.516833,0.017621,0.002882,0.014739,0.000192,1.133767,1.365254
93,2.567891,0.015876,0.001336,0.014540,0.000190,1.191790,1.360036
94,2.555000,0.018623,0.001625,0.016997,0.000187,1.173532,1.362659
95,2.577362,0.015908,0.001977,0.013931,0.000186,1.201029,1.360239
96,2.525060,0.017915,0.002008,0.015907,0.000184,1.151687,1.355274
97,2.470717,0.020868,0.002510,0.018358,0.000184,1.095083,1.354582
98,2.443485,0.017295,0.002377,0.014918,0.000184,1.123726,1.302279
99,2.514670,0.017523,0.002330,0.015192,0.000185,1.137240,1.359723
100,2.542963,0.018919,0.002065,0.016854,0.000185,1.158729,1.365129
1,3.882265,0.030074,0.001741,0.028333,0.004893,1.612489,2.234809
2,3.870637,0.029693,0.001726,0.027967,0.004279,1.606713,2.229952
3,3.858116,0.031738,0.002671,0.029068,0.003721,1.597469,2.225188
4,3.846042,0.031413,0.002662,0.028750,0.003216,1.591058,2.220356
5,3.835282,0.031563,0.001324,0.030239,0.002765,1.585529,2.215426
6,3.823767,0.031264,0.001326,0.029938,0.002369,1.579754,2.210379
7,3.811811,0.029126,0.002090,0.027036,0.002026,1.575426,2.205233
8,3.799459,0.028887,0.002114,0.026774,0.001730,1.569103,2.199739
9,3.788033,0.030255,0.001934,0.028321,0.001479,1.562448,2.193851
10,3.774303,0.029991,0.001941,0.028051,0.001268,1.555483,2.187560
11,3.759729,0.030419,0.001377,0.029041,0.001094,1.547550,2.180667
12,3.743750,0.030111,0.001365,0.028746,0.000953,1.539709,2.172978
13,3.721754,0.026497,0.001296,0.025202,0.000839,1.530016,2.164402
14,3.701063,0.026235,0.001282,0.024953,0.000746,1.519750,2.154332
15,3.679198,0.027576,0.001648,0.025928,0.000670,1.508662,2.142290
16,3.648421,0.027299,0.001629,0.025670,0.000608,1.492797,2.127717
17,3.614086,0.025111,0.003211,0.021900,0.000558,1.479007,2.109411
18,3.571620,0.025076,0.003195,0.021881,0.000517,1.459840,2.086188
19,3.512458,0.027583,0.002602,0.024981,0.000485,1.427606,2.056785
20,3.439664,0.027785,0.002567,0.025219,0.000461,1.393712,2.017706
21,3.352552,0.029654,0.001936,0.027718,0.000444,1.357566,1.964888
22,3.245364,0.030594,0.001843,0.028751,0.000432,1.315350,1.898989
23,3.111312,0.033013,0.003446,0.029567,0.000427,1.257138,1.820733
24,2.972745,0.035661,0.003404,0.032257,0.000432,1.208096,1.728555
25,2.875428,0.037405,0.002789,0.034616,0.000444,1.199257,1.638322
26,2.803051,0.040222,0.002753,0.037470,0.000451,1.199574,1.562803
27,2.741193,0.041710,0.002098,0.039612,0.000450,1.181212,1.517821
28,2.806331,0.038799,0.002066,0.036733,0.000444,1.268304,1.498783
29,2.753100,0.033984,0.001719,0.032265,0.000429,1.228184,1.490502
30,2.731789,0.029313,0.001704,0.027609,0.000413,1.224791,1.477273
31,2.569120,0.028428,0.005095,0.023333,0.000397,1.083589,1.456706
32,2.581767,0.025998,0.004972,0.021026,0.000385,1.110109,1.445275
33,2.611977,0.021062,0.001832,0.019230,0.000375,1.147393,1.443147
34,2.619145,0.019757,0.001826,0.017931,0.000363,1.164364,1.434662
35,2.595504,0.019664,0.002177,0.017487,0.000350,1.134685,1.440806
36,2.601084,0.019169,0.002172,0.016996,0.000339,1.149399,1.432177
37,2.638330,0.018543,0.001361,0.017183,0.000330,1.188903,1.430554
38,2.597226,0.018225,0.001320,0.016904,0.000325,1.157863,1.420813
39,2.509421,0.015612,0.001357,0.014255,0.000322,1.131777,1.361711
40,2.490557,0.015270,0.001298,0.013972,0.000318,1.116513,1.358456
41,2.563452,0.020725,0.001670,0.019055,0.000315,1.136512,1.405900
42,2.503538,0.020616,0.001666,0.018950,0.000311,1.078397,1.404215
43,2.575604,0.019333,0.002241,0.017092,0.000307,1.159004,1.396960
44,2.587537,0.018899,0.002243,0.016656,0.000303,1.174461,1.393873
45,2.584568,0.018794,0.002532,0.016263,0.000299,1.165537,1.399938
46,2.565013,0.018644,0.002463,0.016181,0.000296,1.150102,1.395970
47,2.501694,0.018648,0.001471,0.017177,0.000293,1.087227,1.395526
48,2.483312,0.018614,0.001465,0.017149,0.000290,1.070092,1.394316
49,2.557208,0.016861,0.001342,0.015519,0.000288,1.147286,1.392773
50,2.485494,0.016688,0.001331,0.015357,0.000285,1.077357,1.391164
51,2.551121,0.017184,0.001336,0.015848,0.000284,1.146419,1.387235
52,2.542707,0.017141,0.001337,0.015804,0.000284,1.139438,1.385844
53,2.570211,0.018749,0.002574,0.016175,0.000287,1.165144,1.386031
54,2.567206,0.018770,0.002561,0.016208,0.000289,1.163957,1.384190
55,2.550360,0.017149,0.001465,0.015684,0.000290,1.154189,1.378732
56,2.544404,0.017096,0.001481,0.015615,0.000287,1.147915,1.379105
57,2.525968,0.019298,0.001196,0.018102,0.000283,1.125914,1.380473
58,2.506930,0.019230,0.001205,0.018025,0.000278,1.107218,1.380203
59,2.553287,0.019751,0.001677,0.018074,0.000274,1.153999,1.379262
60,2.550142,0.019647,0.001601,0.018046,0.000271,1.152494,1.377730
61,2.510908,0.017384,0.001931,0.015454,0.000268,1.118786,1.374469
62,2.578698,0.017381,0.001928,0.015453,0.000265,1.188462,1.372589
63,2.613365,0.015789,0.001805,0.013985,0.000263,1.224168,1.373144
64,2.591663,0.015673,0.001800,0.013873,0.000259,1.204570,1.371161
65,2.542452,0.019708,0.002743,0.016965,0.000255,1.153762,1.368726
66,2.558768,0.019646,0.002758,0.016888,0.000251,1.169386,1.369485
67,2.493238,0.016477,0.002179,0.014299,0.000246,1.148034,1.328481
68,2.493441,0.016326,0.002095,0.014230,0.000243,1.152361,1.324511
69,2.525730,0.015711,0.001208,0.014503,0.000241,1.138725,1.371053
70,2.522836,0.015636,0.001226,0.014409,0.000237,1.134708,1.372256
71,2.560479,0.017289,0.002229,0.015060,0.000231,1.179984,1.362975
72,2.560914,0.017252,0.002252,0.014999,0.000227,1.178368,1.365068
73,2.458144,0.016349,0.001745,0.014605,0.000224,1.123652,1.317918
74,2.519639,0.016127,0.001707,0.014420,0.000221,1.185413,1.317877
75,2.524365,0.018079,0.002415,0.015664,0.000219,1.191461,1.314607
76,2.585705,0.018049,0.002427,0.015622,0.000217,1.254915,1.312524
77,2.540451,0.018507,0.002614,0.015893,0.000215,1.153783,1.367945
78,2.552007,0.018479,0.002598,0.015880,0.000215,1.166629,1.366684
79,2.581122,0.022758,0.001666,0.021092,0.000216,1.189237,1.368911
80,2.568199,0.022331,0.001418,0.020912,0.000217,1.176289,1.369362
81,2.554396,0.019938,0.002550,0.017388,0.000219,1.172052,1.362187
82,2.567791,0.019849,0.002559,0.017290,0.000220,1.187288,1.360433
83,2.567062,0.016310,0.001321,0.014989,0.000220,1.183220,1.367311
84,2.581687,0.016290,0.001327,0.014963,0.000220,1.198861,1.366316
85,2.512743,0.018114,0.001005,0.017109,0.000219,1.133158,1.361251
86,2.514610,0.018055,0.001004,0.017051,0.000216,1.134428,1.361911
87,2.579682,0.018069,0.001920,0.016149,0.000209,1.193547,1.367858
88,2.578631,0.018188,0.002021,0.016167,0.000204,1.189665,1.370575
89,2.571030,0.019125,0.002524,0.016601,0.000202,1.192452,1.359252
90,2.560184,0.019235,0.002561,0.016674,0.000204,1.178896,1.361849
91,2.503050,0.017147,0.000800,0.016347,0.000208,1.121949,1.363746
92,2.515157,0.017100,0.000789,0.016311,0.000209,1.133796,1.364051
93,2.535586,0.016471,0.001202,0.015269,0.000208,1.161987,1.356920
94,2.532239,0.016436,0.001212,0.015224,0.000201,1.158786,1.356815
95,2.543708,0.020975,0.001513,0.019462,0.000193,1.161886,1.360654
96,2.526190,0.020853,0.001505,0.019348,0.000190,1.144671,1.360475
97,2.527322,0.017664,0.002637,0.015028,0.000190,1.149400,1.360068
98,2.517232,0.017570,0.002620,0.014950,0.000190,1.140512,1.358961
99,2.530279,0.016776,0.002173,0.014604,0.000189,1.149194,1.364121
100,2.516340,0.016692,0.002183,0.014510,0.000188,1.141555,1.357905
1,3.972593,0.030087,0.001570,0.028517,0.003585,1.617434,2.321487
2,3.961419,0.029709,0.001564,0.028144,0.002993,1.612750,2.315968
3,3.954195,0.031608,0.002400,0.029208,0.002474,1.609630,2.310484
4,3.943040,0.031256,0.002413,0.028843,0.002025,1.604843,2.304917
5,3.932475,0.031621,0.001260,0.030361,0.001643,1.599946,2.299266
6,3.922081,0.031280,0.001263,0.030017,0.001320,1.596174,2.293307
7,3.906091,0.028898,0.002008,0.026890,0.001052,1.589026,2.287116
8,3.894150,0.028598,0.002043,0.026554,0.000834,1.584231,2.280487
9,3.885382,0.029976,0.001843,0.028133,0.000661,1.581515,2.273230
10,3.871692,0.029660,0.001867,0.027792,0.000529,1.576137,2.265367
11,3.859034,0.030280,0.001350,0.028930,0.000429,1.571703,2.256621
12,3.842943,0.029919,0.001342,0.028576,0.000355,1.565922,2.246746
13,3.818655,0.026134,0.001246,0.024888,0.000302,1.556616,2.235603
14,3.796499,0.025810,0.001240,0.024569,0.000264,1.547969,2.222456
15,3.771353,0.027421,0.001587,0.025835,0.000237,1.537024,2.206671
16,3.737726,0.027138,0.001577,0.025561,0.000218,1.522919,2.187450
17,3.696607,0.024059,0.003180,0.020878,0.000206,1.508916,2.163427
18,3.647772,0.023866,0.003171,0.020695,0.000201,1.490458,2.133247
19,3.587931,0.027336,0.002590,0.024746,0.000202,1.466010,2.094383
20,3.506379,0.027440,0.002563,0.024877,0.000210,1.435199,2.043531
21,3.400507,0.029083,0.002204,0.026879,0.000223,1.397133,1.974068
22,3.273987,0.029900,0.002050,0.027851,0.000239,1.356567,1.887281
23,3.133914,0.030316,0.003464,0.026852,0.000261,1.313827,1.789511
24,2.976261,0.032851,0.003434,0.029417,0.000298,1.267883,1.675229
25,2.857182,0.035159,0.002785,0.032374,0.000342,1.251818,1.569863
26,2.783974,0.038624,0.002767,0.035857,0.000370,1.242677,1.502302
27,2.749764,0.036247,0.002180,0.034067,0.000376,1.231677,1.481465
28,2.698585,0.032529,0.002092,0.030437,0.000357,1.189672,1.476027
29,2.638287,0.029597,0.001745,0.027852,0.000322,1.145886,1.462483
30,2.627236,0.025458,0.001734,0.023724,0.000286,1.155761,1.445732
31,2.575191,0.026873,0.005198,0.021675,0.000257,1.132581,1.415480
32,2.573050,0.024828,0.004990,0.019838,0.000239,1.144391,1.403592
33,2.605049,0.018425,0.001816,0.016609,0.000226,1.178137,1.408261
34,2.603312,0.017745,0.001814,0.015931,0.000216,1.181210,1.404141
35,2.558417,0.018496,0.002190,0.016306,0.000210,1.123386,1.416324
36,2.591167,0.018299,0.002172,0.016128,0.000212,1.159623,1.413032
37,2.564865,0.018221,0.001294,0.016927,0.000221,1.143293,1.403130
38,2.571320,0.017865,0.001330,0.016535,0.000232,1.147283,1.405940
39,2.536637,0.014870,0.001391,0.013480,0.000242,1.187982,1.333541
40,2.541917,0.014713,0.001331,0.013382,0.000246,1.195763,1.331195
41,2.551726,0.020780,0.001647,0.019133,0.000244,1.144051,1.386652
42,2.550545,0.020665,0.001651,0.019014,0.000237,1.142065,1.387578
43,2.643490,0.018804,0.002260,0.016544,0.000228,1.241960,1.382499
44,2.634080,0.018318,0.002252,0.016066,0.000220,1.234897,1.380646
45,2.573731,0.018261,0.002460,0.015801,0.000214,1.170720,1.384536
46,2.565682,0.018148,0.002449,0.015699,0.000211,1.159801,1.387522
47,2.575407,0.018693,0.001444,0.017249,0.000212,1.174985,1.381517
48,2.568288,0.018638,0.001437,0.017201,0.000213,1.170813,1.378623
49,2.560963,0.016746,0.001332,0.015414,0.000213,1.162713,1.381291
50,2.563521,0.016711,0.001324,0.015387,0.000213,1.166282,1.380315
51,2.611434,0.017143,0.001298,0.015845,0.000213,1.216521,1.377557
52,2.580462,0.017074,0.001295,0.015779,0.000215,1.186973,1.376199
53,2.605930,0.018692,0.002539,0.016153,0.000220,1.209843,1.377175
54,2.569178,0.018718,0.002532,0.016186,0.000231,1.174565,1.375664
55,2.601528,0.017377,0.001467,0.015910,0.000248,1.214516,1.369388
56,2.597251,0.017276,0.001480,0.015797,0.000258,1.209648,1.370069
57,2.582844,0.019007,0.001187,0.017821,0.000256,1.191847,1.371734
58,2.581234,0.019030,0.001185,0.017844,0.000250,1.192421,1.369533
59,2.565360,0.019729,0.001685,0.018044,0.000245,1.174226,1.371160
60,2.564350,0.019496,0.001576,0.017921,0.000240,1.174105,1.370508
61,2.590828,0.017330,0.001888,0.015442,0.000239,1.202300,1.370959
62,2.573061,0.017276,0.001871,0.015405,0.000238,1.191830,1.363718
63,2.567896,0.015784,0.001776,0.014008,0.000235,1.185589,1.366288
64,2.566144,0.015636,0.001774,0.013863,0.000232,1.185745,1.364531
65,2.567323,0.019641,0.002701,0.016940,0.000230,1.185400,1.362052
66,2.566264,0.019535,0.002710,0.016825,0.000227,1.186167,1.360336
67,2.509284,0.016271,0.002189,0.014082,0.000222,1.174302,1.318490
68,2.501019,0.016122,0.002135,0.013987,0.000221,1.169133,1.315544
69,2.578857,0.015669,0.001177,0.014492,0.000221,1.196065,1.366903
70,2.575542,0.015619,0.001174,0.014446,0.000214,1.191973,1.367735
71,2.560580,0.017177,0.002216,0.014961,0.000204,1.182364,1.360834
72,2.561807,0.017115,0.002229,0.014886,0.000198,1.182021,1.362474
73,2.517544,0.016280,0.001734,0.014546,0.000195,1.185852,1.315218
74,2.512501,0.016079,0.001692,0.014387,0.000193,1.183020,1.313209
75,2.507725,0.018015,0.002460,0.015555,0.000193,1.178383,1.311134
76,2.503827,0.017938,0.002440,0.015498,0.000193,1.175342,1.310355
77,2.574559,0.018520,0.002607,0.015913,0.000193,1.188515,1.367331
78,2.562711,0.018469,0.002594,0.015876,0.000193,1.177105,1.366944
79,2.570375,0.022848,0.001801,0.021046,0.000195,1.180255,1.367077
80,2.566745,0.022273,0.001400,0.020872,0.000201,1.178684,1.365587
81,2.547050,0.019927,0.002535,0.017392,0.000210,1.171343,1.355570
82,2.546324,0.019786,0.002545,0.017241,0.000216,1.170839,1.355482
83,2.529049,0.016226,0.001312,0.014914,0.000219,1.150368,1.362236
84,2.524670,0.016193,0.001317,0.014876,0.000219,1.146929,1.361328
85,2.563752,0.018040,0.001007,0.017033,0.000220,1.188701,1.356791
86,2.557875,0.017987,0.001011,0.016976,0.000219,1.183725,1.355944
87,2.549656,0.017952,0.001907,0.016046,0.000215,1.168060,1.363429
88,2.546822,0.017896,0.001913,0.015983,0.000214,1.167296,1.361417
89,2.549278,0.019240,0.002619,0.016621,0.000218,1.170644,1.359176
90,2.546944,0.019178,0.002595,0.016584,0.000226,1.169614,1.357926
91,2.526517,0.017109,0.000877,0.016232,0.000235,1.148907,1.360265
92,2.514378,0.017053,0.000825,0.016227,0.000241,1.135479,1.361605
93,2.544285,0.016477,0.001201,0.015276,0.000243,1.175458,1.352106
94,2.546416,0.016425,0.001209,0.015217,0.000238,1.177254,1.352498
95,2.571956,0.020529,0.001487,0.019042,0.000228,1.193062,1.358137
96,2.561974,0.020490,0.001467,0.019023,0.000222,1.185199,1.356063
97,2.556597,0.017454,0.002619,0.014835,0.000222,1.185136,1.353785
98,2.553413,0.017398,0.002609,0.014789,0.000221,1.183263,1.352531
99,2.534813,0.016781,0.002149,0.014632,0.000218,1.159343,1.358470
100,2.529606,0.016764,0.002162,0.014602,0.000221,1.154571,1.358049
1,3.972593,0.030087,0.001570,0.028517,0.003585,1.617434,2.321487
2,3.961419,0.029709,0.001564,0.028144,0.002993,1.612750,2.315968
3,3.954195,0.031608,0.002400,0.029208,0.002474,1.609630,2.310484
4,3.943040,0.031256,0.002413,0.028843,0.002025,1.604843,2.304917
5,3.932475,0.031621,0.001260,0.030361,0.001643,1.599946,2.299266
6,3.922081,0.031281,0.001263,0.030017,0.001320,1.596174,2.293307
7,3.906091,0.028898,0.002008,0.026890,0.001052,1.589026,2.287116
8,3.894150,0.028598,0.002043,0.026554,0.000834,1.584231,2.280487
9,3.885382,0.029976,0.001843,0.028133,0.000661,1.581515,2.273230
10,3.871692,0.029660,0.001867,0.027792,0.000529,1.576137,2.265367
11,3.859034,0.030280,0.001350,0.028930,0.000429,1.571703,2.256621
12,3.842925,0.029919,0.001342,0.028576,0.000355,1.565917,2.246734
13,3.818758,0.026135,0.001246,0.024888,0.000302,1.556718,2.235603
14,3.796526,0.025809,0.001240,0.024569,0.000264,1.547974,2.222479
15,3.771207,0.027415,0.001582,0.025833,0.000237,1.536947,2.206607
16,3.739116,0.027122,0.001576,0.025546,0.000218,1.524293,2.187483
17,3.696547,0.024060,0.003180,0.020880,0.000206,1.508785,2.163496
18,3.648440,0.023863,0.003169,0.020694,0.000201,1.491025,2.133351
19,3.588358,0.027342,0.002590,0.024752,0.000202,1.466326,2.094487
20,3.506362,0.027431,0.002559,0.024872,0.000210,1.435097,2.043624
21,3.400519,0.029145,0.002252,0.026893,0.000224,1.397331,1.973820
22,3.280528,0.029829,0.002082,0.027747,0.000239,1.362932,1.887528
23,3.131447,0.030449,0.003472,0.026978,0.000261,1.312797,1.787939
24,2.981201,0.032852,0.003450,0.029402,0.000299,1.272839,1.675212
25,2.860972,0.035080,0.002789,0.032291,0.000342,1.255941,1.569610
26,2.777868,0.038728,0.002788,0.035940,0.000369,1.237680,1.501091
27,2.720412,0.036611,0.002230,0.034381,0.000374,1.201924,1.481502
28,2.731841,0.032906,0.002140,0.030766,0.000356,1.224202,1.474377
29,2.638832,0.029998,0.001741,0.028257,0.000322,1.146401,1.462111
30,2.609034,0.025404,0.001718,0.023685,0.000286,1.137983,1.445362
31,2.574012,0.026933,0.005263,0.021670,0.000257,1.131363,1.415458
32,2.565203,0.024821,0.005001,0.019820,0.000239,1.139256,1.400887
33,2.615865,0.018455,0.001815,0.016640,0.000228,1.192369,1.404812
34,2.594615,0.017747,0.001811,0.015936,0.000217,1.174270,1.402381
35,2.559613,0.018485,0.002186,0.016299,0.000210,1.123779,1.417139
36,2.588430,0.018275,0.002168,0.016107,0.000213,1.157604,1.412338
37,2.571866,0.018164,0.001327,0.016836,0.000222,1.143220,1.410260
38,2.567497,0.017856,0.001334,0.016522,0.000234,1.142568,1.406838
39,2.534379,0.014853,0.001361,0.013493,0.000245,1.185315,1.333966
40,2.540183,0.014679,0.001312,0.013367,0.000248,1.194921,1.330335
41,2.546771,0.020788,0.001646,0.019142,0.000247,1.137310,1.388426
42,2.547586,0.020654,0.001650,0.019004,0.000240,1.138897,1.387794
43,2.650799,0.018786,0.002259,0.016527,0.000230,1.247957,1.383825
44,2.632581,0.018312,0.002253,0.016059,0.000222,1.233488,1.380559
45,2.573648,0.018250,0.002455,0.015796,0.000216,1.168704,1.386478
46,2.579159,0.018122,0.002448,0.015674,0.000213,1.173577,1.387247
47,2.576014,0.018680,0.001438,0.017242,0.000214,1.174867,1.382253
48,2.569614,0.018617,0.001430,0.017188,0.000215,1.169786,1.380996
49,2.563839,0.016793,0.001332,0.015460,0.000214,1.165734,1.381099
50,2.565105,0.016713,0.001324,0.015389,0.000214,1.167873,1.380305
51,2.609486,0.017133,0.001305,0.015828,0.000214,1.214372,1.377767
52,2.580839,0.017084,0.001301,0.015783,0.000216,1.187227,1.376312
53,2.603398,0.018715,0.002550,0.016165,0.000221,1.207354,1.377108
54,2.566257,0.018709,0.002533,0.016176,0.000231,1.173683,1.373634
55,2.591805,0.017372,0.001472,0.015900,0.000248,1.203686,1.370498
56,2.597010,0.017294,0.001488,0.015806,0.000258,1.210256,1.369203
57,2.584616,0.019021,0.001183,0.017838,0.000256,1.192288,1.373051
58,2.584536,0.019029,0.001193,0.017836,0.000251,1.192852,1.372404
59,2.565657,0.019714,0.001666,0.018048,0.000246,1.174419,1.371278
60,2.563746,0.019479,0.001562,0.017917,0.000242,1.174772,1.369254
61,2.587561,0.017336,0.001890,0.015446,0.000240,1.200065,1.369921
62,2.573964,0.017269,0.001878,0.015391,0.000239,1.188659,1.367797
63,2.566297,0.015781,0.001773,0.014008,0.000237,1.185266,1.365013
64,2.567509,0.015634,0.001768,0.013866,0.000233,1.186633,1.365008
65,2.570558,0.019635,0.002701,0.016935,0.000231,1.187954,1.362738
66,2.565514,0.019525,0.002709,0.016816,0.000227,1.185013,1.360749
67,2.509165,0.016305,0.002217,0.014088,0.000222,1.173480,1.319157
68,2.501375,0.016148,0.002211,0.013936,0.000221,1.170693,1.314313
69,2.574910,0.015692,0.001194,0.014498,0.000221,1.194512,1.364485
70,2.573707,0.015658,0.001175,0.014483,0.000215,1.191362,1.366472
71,2.560833,0.017195,0.002218,0.014977,0.000205,1.182185,1.361248
72,2.561413,0.017134,0.002236,0.014897,0.000199,1.181880,1.362200
73,2.516877,0.016313,0.001751,0.014562,0.000196,1.186342,1.314026
74,2.508943,0.016112,0.001701,0.014411,0.000194,1.181877,1.310760
75,2.500059,0.017812,0.002389,0.015423,0.000193,1.177455,1.304599
76,2.497938,0.017842,0.002395,0.015446,0.000193,1.174185,1.305719
77,2.576606,0.018497,0.002598,0.015899,0.000192,1.189944,1.367973
78,2.562079,0.018442,0.002594,0.015847,0.000192,1.176228,1.367217
79,2.570515,0.022915,0.001855,0.021060,0.000194,1.180670,1.366737
80,2.568101,0.022269,0.001418,0.020851,0.000200,1.179608,1.366024
81,2.547270,0.019938,0.002535,0.017404,0.000208,1.170442,1.356682
82,2.545697,0.019820,0.002542,0.017278,0.000215,1.170202,1.355461
83,2.529182,0.016257,0.001314,0.014943,0.000217,1.150445,1.362263
84,2.525923,0.016225,0.001319,0.014906,0.000218,1.147632,1.361849
85,2.562072,0.018061,0.001008,0.017052,0.000219,1.187237,1.356555
86,2.557496,0.017984,0.001005,0.016979,0.000218,1.183528,1.355766
87,2.556306,0.018097,0.002004,0.016093,0.000215,1.168092,1.369903
88,2.551616,0.017995,0.001987,0.016008,0.000213,1.165982,1.367426
89,2.548762,0.019193,0.002593,0.016599,0.000218,1.170117,1.359234
90,2.543772,0.019053,0.002516,0.016537,0.000226,1.170858,1.353635
91,2.527797,0.017083,0.000837,0.016246,0.000235,1.148700,1.361779
92,2.540197,0.017045,0.000810,0.016235,0.000241,1.161167,1.361744
93,2.544399,0.016472,0.001199,0.015274,0.000244,1.175816,1.351867
94,2.545500,0.016441,0.001208,0.015233,0.000238,1.176043,1.352777
95,2.571738,0.020551,0.001485,0.019066,0.000228,1.193396,1.357563
96,2.561491,0.020513,0.001473,0.019040,0.000222,1.184525,1.356231
97,2.555956,0.017469,0.002624,0.014844,0.000222,1.183879,1.354386
98,2.552927,0.017404,0.002610,0.014793,0.000221,1.182158,1.353144
99,2.533606,0.016744,0.002153,0.014591,0.000218,1.157671,1.358973
100,2.520242,0.016761,0.002161,0.014600,0.000220,1.145047,1.358214
1,3.972593,0.030087,0.001570,0.028517,0.003585,1.617434,2.321487
2,3.961419,0.029709,0.001564,0.028144,0.002993,1.612750,2.315968
3,3.954195,0.031608,0.002400,0.029208,0.002474,1.609630,2.310484
4,3.943040,0.031256,0.002413,0.028843,0.002025,1.604843,2.304917
5,3.932475,0.031621,0.001260,0.030361,0.001643,1.599946,2.299266
6,3.922081,0.031281,0.001263,0.030017,0.001320,1.596174,2.293307
7,3.906091,0.028898,0.002008,0.026890,0.001052,1.589026,2.287116
8,3.894150,0.028598,0.002043,0.026554,0.000834,1.584231,2.280487
9,3.885382,0.029976,0.001843,0.028133,0.000661,1.581515,2.273230
10,3.871692,0.029660,0.001867,0.027792,0.000529,1.576137,2.265367
11,3.859034,0.030280,0.001350,0.028930,0.000429,1.571703,2.256621
12,3.842943,0.029919,0.001342,0.028576,0.000355,1.565922,2.246746
13,3.818655,0.026134,0.001246,0.024888,0.000302,1.556616,2.235603
14,3.796499,0.025810,0.001240,0.024569,0.000264,1.547969,2.222456
15,3.771372,0.027422,0.001587,0.025835,0.000237,1.537025,2.206689
16,3.737709,0.027138,0.001577,0.025561,0.000218,1.522913,2.187439
17,3.696794,0.024059,0.003181,0.020878,0.000206,1.509021,2.163507
18,3.647817,0.023875,0.003169,0.020706,0.000201,1.490531,2.133209
19,3.588017,0.027348,0.002593,0.024755,0.000202,1.466185,2.094281
20,3.506273,0.027433,0.002558,0.024875,0.000210,1.435196,2.043434
21,3.399932,0.029097,0.002220,0.026877,0.000223,1.396726,1.973886
22,3.273969,0.029878,0.002053,0.027825,0.000239,1.356978,1.886874
23,3.138647,0.030313,0.003466,0.026847,0.000261,1.319375,1.788699
24,2.979692,0.032999,0.003430,0.029569,0.000298,1.271158,1.675237
25,2.859070,0.034957,0.002778,0.032179,0.000340,1.252717,1.571056
26,2.773388,0.038460,0.002773,0.035687,0.000368,1.233900,1.500660
27,2.748492,0.036177,0.002188,0.033990,0.000373,1.234628,1.477313
28,2.706993,0.032550,0.002113,0.030436,0.000354,1.198179,1.475910
29,2.639951,0.030056,0.001734,0.028323,0.000318,1.144344,1.465232
30,2.597986,0.025271,0.001697,0.023574,0.000280,1.130279,1.442155
31,2.575156,0.026995,0.005173,0.021822,0.000248,1.132387,1.415525
32,2.571101,0.024870,0.004964,0.019906,0.000228,1.142954,1.403049
33,2.613657,0.018422,0.001813,0.016609,0.000217,1.187532,1.407486
34,2.619439,0.017743,0.001808,0.015935,0.000207,1.197778,1.403711
35,2.551971,0.018487,0.002180,0.016307,0.000202,1.117181,1.416101
36,2.585024,0.018273,0.002169,0.016104,0.000206,1.151813,1.414733
37,2.570519,0.018210,0.001344,0.016867,0.000216,1.142221,1.409871
38,2.567309,0.017888,0.001327,0.016560,0.000228,1.145949,1.403244
39,2.536530,0.014878,0.001385,0.013494,0.000240,1.187065,1.334347
40,2.543724,0.014696,0.001317,0.013379,0.000244,1.198223,1.330560
41,2.546606,0.020751,0.001640,0.019111,0.000243,1.139801,1.385811
42,2.549151,0.020619,0.001646,0.018973,0.000237,1.141051,1.387244
43,2.644008,0.018865,0.002267,0.016598,0.000228,1.241510,1.383405
44,2.632387,0.018392,0.002254,0.016139,0.000220,1.233260,1.380515
45,2.572774,0.018261,0.002453,0.015808,0.000215,1.167989,1.386310
46,2.563275,0.018139,0.002452,0.015687,0.000213,1.158537,1.386386
47,2.575479,0.018676,0.001426,0.017250,0.000214,1.173726,1.382863
48,2.566656,0.018606,0.001421,0.017186,0.000215,1.168181,1.379654
49,2.560753,0.016784,0.001324,0.015459,0.000216,1.162505,1.381249
50,2.556012,0.016680,0.001316,0.015364,0.000215,1.160123,1.378994
51,2.611885,0.017132,0.001307,0.015825,0.000216,1.216175,1.378361
52,2.582219,0.017087,0.001311,0.015776,0.000218,1.189107,1.375807
53,2.609857,0.018731,0.002563,0.016168,0.000222,1.213995,1.376910
54,2.572770,0.018736,0.002547,0.016188,0.000233,1.177140,1.376662
55,2.598166,0.017367,0.001473,0.015894,0.000249,1.210285,1.370264
56,2.592665,0.017291,0.001486,0.015806,0.000259,1.205612,1.369503
57,2.584397,0.019026,0.001186,0.017840,0.000257,1.192445,1.372668
58,2.583674,0.019016,0.001196,0.017820,0.000252,1.192727,1.371679
59,2.563553,0.019701,0.001642,0.018059,0.000247,1.174071,1.369534
60,2.564338,0.019486,0.001565,0.017921,0.000243,1.174487,1.370122
61,2.589377,0.017321,0.001887,0.015434,0.000241,1.200748,1.371067
62,2.577993,0.017271,0.001867,0.015404,0.000240,1.191671,1.368811
63,2.568127,0.015792,0.001769,0.014023,0.000238,1.185643,1.366453
64,2.564194,0.015652,0.001760,0.013892,0.000235,1.183857,1.364451
65,2.571954,0.019637,0.002700,0.016937,0.000232,1.189458,1.362626
66,2.568362,0.019536,0.002709,0.016826,0.000228,1.186713,1.361885
67,2.505033,0.016373,0.002359,0.014014,0.000223,1.171848,1.316589
68,2.505354,0.016234,0.002217,0.014017,0.000221,1.170838,1.318061
69,2.576329,0.015736,0.001220,0.014516,0.000221,1.195191,1.365182
70,2.571887,0.015580,0.001170,0.014409,0.000214,1.191358,1.364736
71,2.558332,0.017210,0.002233,0.014977,0.000204,1.181631,1.359286
72,2.561324,0.017115,0.002219,0.014896,0.000199,1.181728,1.362283
73,2.517418,0.016336,0.001755,0.014581,0.000196,1.187622,1.313264
74,2.508924,0.016127,0.001725,0.014402,0.000195,1.183211,1.309391
75,2.503598,0.018007,0.002454,0.015554,0.000195,1.173940,1.311456
76,2.505024,0.017899,0.002402,0.015497,0.000194,1.176677,1.310254
77,2.574753,0.018511,0.002604,0.015907,0.000194,1.187970,1.368078
78,2.564368,0.018463,0.002590,0.015872,0.000194,1.178443,1.367268
79,2.570511,0.022970,0.001847,0.021123,0.000196,1.180670,1.366675
80,2.567615,0.022333,0.001435,0.020898,0.000201,1.179785,1.365296
81,2.548704,0.019944,0.002537,0.017408,0.000210,1.171459,1.357091
82,2.545965,0.019805,0.002545,0.017260,0.000216,1.169888,1.356055
83,2.531428,0.016256,0.001316,0.014940,0.000219,1.152129,1.362824
84,2.525234,0.016208,0.001318,0.014891,0.000219,1.147166,1.361640
85,2.562846,0.018035,0.001003,0.017032,0.000221,1.188111,1.356479
86,2.558032,0.017974,0.001002,0.016972,0.000220,1.183821,1.356017
87,2.550977,0.017958,0.001907,0.016051,0.000216,1.168453,1.364351
88,2.551823,0.018006,0.001998,0.016008,0.000214,1.166567,1.367035
89,2.546987,0.019176,0.002593,0.016583,0.000218,1.169291,1.358302
90,2.546225,0.019167,0.002571,0.016597,0.000226,1.168654,1.358178
91,2.526931,0.017095,0.000836,0.016260,0.000235,1.149182,1.360419
92,2.539303,0.017036,0.000804,0.016232,0.000241,1.160889,1.361136
93,2.544158,0.016466,0.001202,0.015264,0.000244,1.175517,1.351931
94,2.545502,0.016414,0.001208,0.015207,0.000238,1.176570,1.352280
95,2.569306,0.020560,0.001484,0.019076,0.000228,1.191206,1.357311
96,2.562727,0.020509,0.001467,0.019041,0.000222,1.185581,1.356415
97,2.557780,0.017470,0.002625,0.014845,0.000222,1.185727,1.354360
98,2.554530,0.017354,0.002598,0.014756,0.000221,1.183628,1.353326
99,2.534329,0.016801,0.002151,0.014650,0.000219,1.158472,1.358838
100,2.518948,0.016769,0.002164,0.014605,0.000222,1.145044,1.356913
1,3.970828,0.029939,0.001570,0.028368,0.003585,1.617433,2.319871
2,3.955206,0.029217,0.001564,0.027653,0.002993,1.612747,2.310248
3,3.943582,0.030795,0.002400,0.028395,0.002474,1.609619,2.300694
4,3.928009,0.030148,0.002414,0.027734,0.002025,1.604852,2.290985
5,3.912762,0.030206,0.001260,0.028946,0.001643,1.599888,2.281026
6,3.897107,0.029595,0.001263,0.028331,0.001320,1.595698,2.270494
7,3.876213,0.026971,0.002007,0.024964,0.001052,1.588806,2.259384
8,3.858228,0.026418,0.002044,0.024375,0.000834,1.583635,2.247341
9,3.842671,0.027479,0.001842,0.025636,0.000661,1.580475,2.234056
10,3.821921,0.026898,0.001867,0.025032,0.000529,1.575135,2.219359
11,3.801072,0.027247,0.001350,0.025897,0.000430,1.570621,2.202775
12,3.775051,0.026617,0.001343,0.025274,0.000356,1.564337,2.183742
13,3.739077,0.022720,0.001245,0.021475,0.000303,1.554206,2.161848
14,3.703328,0.022131,0.001240,0.020892,0.000265,1.545340,2.135592
15,3.660583,0.023404,0.001583,0.021821,0.000238,1.533387,2.103554
16,3.605677,0.022804,0.001575,0.021229,0.000220,1.518333,2.064321
17,3.538380,0.019787,0.003176,0.016611,0.000209,1.503120,2.015264
18,3.455633,0.019322,0.003161,0.016161,0.000207,1.482667,1.953437
19,3.354141,0.021987,0.002590,0.019397,0.000214,1.455544,1.876396
20,3.222921,0.021616,0.002558,0.019059,0.000231,1.421426,1.779647
21,3.060759,0.022420,0.002270,0.020150,0.000257,1.380777,1.657305
22,2.899502,0.022068,0.002109,0.019959,0.000284,1.339068,1.538082
23,2.793146,0.021491,0.003438,0.018053,0.000315,1.297572,1.473768
24,2.736110,0.021659,0.003429,0.018231,0.000345,1.258030,1.456075
25,2.730511,0.022167,0.002768,0.019399,0.000348,1.254070,1.453926
26,2.697614,0.020999,0.002732,0.018267,0.000325,1.234122,1.442169
27,2.661495,0.016656,0.002076,0.014579,0.000297,1.224923,1.419620
28,2.618246,0.016397,0.002102,0.014294,0.000266,1.199482,1.402102
29,2.596150,0.018415,0.001733,0.016682,0.000239,1.183054,1.394442
30,2.604739,0.018215,0.001711,0.016504,0.000218,1.197123,1.389183
31,2.613836,0.022031,0.005165,0.016865,0.000204,1.214659,1.376943
32,2.609476,0.021666,0.005051,0.016615,0.000200,1.215177,1.372432
33,2.590599,0.016790,0.001817,0.014973,0.000201,1.193463,1.380145
34,2.586929,0.016719,0.001805,0.014915,0.000201,1.194340,1.375668
35,2.573079,0.017974,0.002217,0.015758,0.000204,1.165504,1.389396
36,2.563618,0.017907,0.002191,0.015715,0.000216,1.159462,1.386033
37,2.547563,0.017276,0.001333,0.015943,0.000237,1.146066,1.383984
38,2.544142,0.017206,0.001330,0.015876,0.000258,1.147311,1.379367
39,2.530329,0.015017,0.001309,0.013708,0.000275,1.191316,1.323721
40,2.520750,0.014791,0.001286,0.013505,0.000279,1.182657,1.323023
41,2.523705,0.020505,0.001639,0.018867,0.000273,1.136724,1.366203
42,2.514820,0.020311,0.001650,0.018661,0.000261,1.128671,1.365577
43,2.619385,0.018524,0.002268,0.016256,0.000245,1.239049,1.361567
44,2.620018,0.017976,0.002258,0.015718,0.000232,1.244224,1.357586
45,2.542151,0.018057,0.002459,0.015598,0.000222,1.161503,1.362369
46,2.545206,0.018006,0.002457,0.015548,0.000217,1.164506,1.362477
47,2.545366,0.018742,0.001431,0.017311,0.000217,1.169560,1.356847
48,2.551411,0.018634,0.001440,0.017194,0.000217,1.172468,1.360092
49,2.533743,0.016695,0.001320,0.015375,0.000216,1.159948,1.356884
50,2.532351,0.016576,0.001314,0.015262,0.000215,1.157753,1.357807
51,2.573087,0.017302,0.001295,0.016006,0.000214,1.199727,1.355844
52,2.570671,0.017174,0.001294,0.015880,0.000216,1.198393,1.354888
53,2.609383,0.018621,0.002539,0.016082,0.000220,1.236618,1.353924
54,2.578431,0.018581,0.002533,0.016049,0.000231,1.207434,1.352185
55,2.550242,0.017232,0.001465,0.015766,0.000248,1.183206,1.349556
56,2.554421,0.017142,0.001479,0.015663,0.000257,1.187108,1.349914
57,2.566464,0.019037,0.001174,0.017863,0.000251,1.197059,1.350116
58,2.564098,0.019050,0.001185,0.017865,0.000241,1.194985,1.349821
59,2.545832,0.019320,0.001631,0.017690,0.000233,1.177508,1.348770
60,2.543904,0.019141,0.001571,0.017570,0.000227,1.176975,1.347561
61,2.570927,0.017262,0.001877,0.015385,0.000225,1.204160,1.349281
62,2.564423,0.017203,0.001868,0.015335,0.000222,1.199563,1.347435
63,2.545891,0.015734,0.001772,0.013962,0.000218,1.186164,1.343775
64,2.547428,0.015539,0.001769,0.013770,0.000213,1.186884,1.344792
65,2.552007,0.019539,0.002697,0.016842,0.000207,1.189906,1.342355
66,2.549953,0.019418,0.002706,0.016712,0.000201,1.188441,1.341893
67,2.506163,0.016197,0.002163,0.014035,0.000192,1.177937,1.311836
68,2.499568,0.016051,0.002127,0.013923,0.000189,1.176205,1.307123
69,2.556654,0.015587,0.001197,0.014390,0.000188,1.197698,1.343181
70,2.554244,0.015493,0.001196,0.014297,0.000183,1.195990,1.342578
71,2.541791,0.017162,0.002218,0.014944,0.000174,1.186666,1.337790
72,2.543260,0.017002,0.002230,0.014772,0.000171,1.184250,1.341837
73,2.509093,0.016142,0.001721,0.014421,0.000172,1.184359,1.308419
74,2.509113,0.015960,0.001704,0.014256,0.000173,1.184390,1.308589
75,2.500547,0.017864,0.002410,0.015454,0.000176,1.177254,1.305253
76,2.499478,0.017756,0.002396,0.015360,0.000177,1.177113,1.304431
77,2.551697,0.018463,0.002596,0.015867,0.000176,1.189137,1.343920
78,2.541524,0.018365,0.002583,0.015782,0.000176,1.180759,1.342224
79,2.545626,0.022214,0.001632,0.020582,0.000178,1.182646,1.340588
80,2.544828,0.021790,0.001445,0.020345,0.000185,1.182296,1.340557
81,2.535712,0.019765,0.002524,0.017241,0.000197,1.178143,1.337606
82,2.532872,0.019683,0.002533,0.017150,0.000204,1.175145,1.337840
83,2.510477,0.016308,0.001322,0.014985,0.000205,1.153588,1.340376
84,2.510045,0.016268,0.001323,0.014945,0.000202,1.151950,1.341625
85,2.550777,0.017927,0.001006,0.016921,0.000201,1.195230,1.337420
86,2.547370,0.017835,0.001006,0.016829,0.000198,1.192768,1.336569
87,2.535062,0.017983,0.001929,0.016055,0.000193,1.170342,1.346544
88,2.532618,0.017865,0.001931,0.015933,0.000192,1.167821,1.346741
89,2.534845,0.019141,0.002544,0.016596,0.000197,1.174821,1.340686
90,2.531458,0.019081,0.002529,0.016551,0.000208,1.172208,1.339962
91,2.496425,0.016924,0.000772,0.016152,0.000221,1.137226,1.342054
92,2.493790,0.016928,0.000777,0.016152,0.000233,1.135407,1.341222
93,2.528789,0.016533,0.001200,0.015333,0.000240,1.177735,1.334281
94,2.528800,0.016449,0.001206,0.015242,0.000236,1.177624,1.334491
95,2.559713,0.020377,0.001483,0.018894,0.000222,1.199830,1.339284
96,2.533747,0.020278,0.001470,0.018808,0.000212,1.174721,1.338536
97,2.533796,0.017358,0.002617,0.014741,0.000209,1.180057,1.336172
1,3.970828,0.029939,0.001570,0.028368,0.003585,1.617433,2.319871
2,3.955206,0.029217,0.001564,0.027653,0.002993,1.612747,2.310248
3,3.939530,0.028556,0.001566,0.026991,0.002474,1.607796,2.300704
4,3.923937,0.027944,0.001570,0.026374,0.002022,1.602967,2.291004
5,3.909075,0.027366,0.001578,0.025788,0.001635,1.599107,2.280967
6,3.893591,0.026819,0.001594,0.025226,0.001311,1.594997,2.270464
7,3.876440,0.026287,0.001604,0.024683,0.001044,1.589836,2.259273
8,3.859506,0.025760,0.001595,0.024166,0.000828,1.585713,2.247205
9,3.839872,0.025212,0.001583,0.023629,0.000658,1.580046,2.233956
10,3.819195,0.024720,0.001608,0.023112,0.000526,1.574710,2.219238
11,3.795803,0.024202,0.001607,0.022594,0.000426,1.568505,2.202671
12,3.769032,0.023655,0.001582,0.022073,0.000352,1.561267,2.183758
13,3.738975,0.023120,0.001570,0.021550,0.000298,1.553957,2.161600
14,3.703396,0.022594,0.001575,0.021019,0.000261,1.545324,2.135217
15,3.660761,0.022068,0.001585,0.020483,0.000237,1.534847,2.103610
16,3.607247,0.021501,0.001552,0.019949,0.000222,1.521809,2.063715
17,3.543367,0.021007,0.001572,0.019435,0.000214,1.505956,2.016191
18,3.460758,0.020519,0.001556,0.018962,0.000213,1.487483,1.952543
19,3.357375,0.020156,0.001571,0.018585,0.000218,1.463780,1.873221
20,3.228219,0.019944,0.001577,0.018367,0.000230,1.433580,1.774464
21,3.072623,0.019925,0.001620,0.018305,0.000252,1.393407,1.659040
22,2.911068,0.020361,0.001674,0.018687,0.000283,1.352889,1.537534
23,2.775229,0.020970,0.001755,0.019215,0.000316,1.310658,1.443286
24,2.697177,0.021629,0.001880,0.019749,0.000333,1.268828,1.406387
25,2.666558,0.021559,0.001980,0.019579,0.000326,1.238715,1.405959
26,2.644581,0.020594,0.001940,0.018654,0.000300,1.219874,1.403812
27,2.677243,0.019694,0.001794,0.017900,0.000270,1.191246,1.466034
28,2.578019,0.018987,0.001708,0.017278,0.000235,1.195842,1.362956
29,2.639297,0.018430,0.001641,0.016789,0.000208,1.202663,1.417995
30,2.627854,0.018060,0.001562,0.016499,0.000187,1.203265,1.406342
31,2.600801,0.017999,0.001600,0.016399,0.000171,1.184127,1.398504
32,2.613654,0.017921,0.001579,0.016341,0.000160,1.207196,1.388377
33,2.597601,0.017878,0.001554,0.016324,0.000153,1.190630,1.388940
34,2.589616,0.017858,0.001553,0.016305,0.000148,1.187626,1.383984
35,2.583462,0.017875,0.001566,0.016309,0.000145,1.177466,1.387976
36,2.584951,0.017866,0.001559,0.016307,0.000143,1.181687,1.385256
37,2.587868,0.017850,0.001557,0.016294,0.000140,1.191232,1.378646
38,2.572206,0.017826,0.001549,0.016277,0.000138,1.174500,1.379741
39,2.574419,0.017876,0.001569,0.016307,0.000136,1.179026,1.377381
40,2.596319,0.017882,0.001575,0.016306,0.000133,1.202809,1.375495
41,2.595066,0.017863,0.001548,0.016315,0.000131,1.204505,1.372567
42,2.594647,0.017806,0.001543,0.016263,0.000129,1.205732,1.370980
43,2.587474,0.017814,0.001561,0.016253,0.000127,1.200969,1.368564
44,2.576738,0.017833,0.001552,0.016281,0.000125,1.191691,1.367089
45,2.589574,0.017809,0.001547,0.016262,0.000124,1.206331,1.365311
1,4.313412,0.371962,0.343308,0.028654,0.003840,1.617446,2.320164
2,4.379894,0.454590,0.426797,0.027793,0.003623,1.610976,2.310704
3,4.068867,0.160840,0.133871,0.026969,0.003518,1.603149,2.301360
4,4.066392,0.178538,0.152366,0.026171,0.003375,1.592558,2.291921
5,4.409140,0.543632,0.517492,0.026139,0.003323,1.580081,2.282105
6,4.121466,0.258229,0.232392,0.025836,0.003372,1.588006,2.271860
7,4.345685,0.507147,0.481937,0.025209,0.003334,1.574187,2.261017
8,3.886036,0.048479,0.024150,0.024329,0.003210,1.584800,2.249547
9,4.321887,0.529648,0.505705,0.023942,0.003039,1.552618,2.236582
10,4.138659,0.369828,0.347063,0.022764,0.002939,1.543117,2.222776
11,4.431231,0.704867,0.682456,0.022410,0.002835,1.516526,2.207003
12,4.157368,0.458760,0.436708,0.022052,0.002810,1.506347,2.189451
13,4.270974,0.588307,0.566796,0.021511,0.002831,1.511215,2.168621
14,3.982704,0.330296,0.308750,0.021545,0.002844,1.504161,2.145404
15,4.114109,0.541286,0.520955,0.020331,0.002921,1.452457,2.117446
16,3.731965,0.141545,0.121437,0.020108,0.003022,1.502702,2.084696
17,3.728735,0.207494,0.188148,0.019345,0.003098,1.473857,2.044286
18,3.561699,0.046005,0.027263,0.018742,0.003090,1.515386,1.997217
19,3.695599,0.321621,0.302666,0.018955,0.003051,1.435554,1.935374
20,3.991215,0.842744,0.824958,0.017786,0.003014,1.283850,1.861607
21,3.391406,0.216436,0.198575,0.017861,0.003046,1.393071,1.778853
22,3.295117,0.373254,0.355406,0.017848,0.003055,1.239123,1.679686
23,3.065687,0.223880,0.205968,0.017912,0.003017,1.268867,1.569923
24,3.085082,0.332081,0.314137,0.017944,0.002955,1.250505,1.499541
25,2.924249,0.391355,0.371387,0.019968,0.002893,1.084161,1.445839
26,3.109778,0.786259,0.766997,0.019263,0.002886,0.876196,1.444436
27,2.893691,0.790720,0.770561,0.020160,0.002964,0.659817,1.440190
28,2.703620,0.208963,0.189572,0.019391,0.003116,1.112177,1.379364
29,2.637348,0.473387,0.454804,0.018583,0.003258,0.738826,1.421877
30,2.921603,0.120969,0.103401,0.017568,0.003498,1.376109,1.421028
31,2.670127,0.043872,0.026760,0.017112,0.003723,1.276740,1.345792
32,2.776570,0.266976,0.250156,0.016820,0.003851,1.157226,1.348516
33,2.659338,0.121876,0.105501,0.016375,0.003917,1.190894,1.342652
34,2.647500,0.234959,0.218221,0.016738,0.003952,1.069287,1.339302
35,2.582790,0.253297,0.236594,0.016703,0.003960,0.950143,1.375390
36,2.605940,0.148508,0.132132,0.016376,0.004066,1.113568,1.339797
37,2.675542,0.532944,0.516383,0.016561,0.004206,0.747060,1.391332
38,2.694054,0.148942,0.132744,0.016198,0.004361,1.202973,1.337778
39,2.447886,0.319138,0.302540,0.016597,0.004535,0.757568,1.366645
40,2.860062,0.024960,0.008466,0.016494,0.004748,1.455288,1.375066
41,2.728392,0.348022,0.331493,0.016529,0.004895,1.007941,1.367535
42,2.529528,0.297862,0.281206,0.016657,0.005063,0.906916,1.319686
43,2.887657,0.224729,0.208840,0.015889,0.005241,1.309775,1.347911
44,2.728187,0.643355,0.627151,0.016204,0.005357,0.702960,1.376515
45,2.883346,0.270196,0.253257,0.016939,0.005539,1.241218,1.366394
46,2.699313,0.467034,0.449959,0.017076,0.005672,0.868833,1.357773
47,2.666622,0.736066,0.719504,0.016562,0.005649,0.552931,1.371975
48,2.578488,0.321314,0.304457,0.016857,0.005795,0.894184,1.357195
49,2.694410,0.220163,0.204398,0.015765,0.006051,1.098380,1.369816
50,2.821125,0.308912,0.292085,0.016827,0.006232,1.153411,1.352570
51,2.768197,0.281182,0.264697,0.016486,0.006309,1.104928,1.375778
52,2.572518,0.240177,0.224040,0.016137,0.006362,0.965952,1.360027
53,2.608019,0.255369,0.238809,0.016560,0.006477,0.982538,1.363635
54,2.811462,0.480429,0.463405,0.017025,0.006562,1.000895,1.323575
55,2.634883,0.428277,0.411506,0.016770,0.006637,0.845251,1.354719
56,2.708737,0.487323,0.470612,0.016711,0.006672,0.848793,1.365948
57,2.647072,0.578205,0.561950,0.016255,0.006741,0.740508,1.321618
58,2.724626,0.551904,0.535793,0.016111,0.006919,0.776081,1.389722
59,2.743844,0.472615,0.455536,0.017079,0.007103,0.954763,1.309363
60,2.850474,0.628747,0.612904,0.015844,0.007242,0.842163,1.372322
61,2.631247,0.358392,0.341655,0.016737,0.007489,0.918297,1.347069
62,2.651801,0.149802,0.133914,0.015888,0.007757,1.120885,1.373357
63,2.451812,0.312068,0.295247,0.016822,0.007988,0.759240,1.372515
64,2.745894,0.641803,0.625876,0.015927,0.008172,0.734732,1.361188
65,2.584701,0.152229,0.135537,0.016693,0.008384,1.068484,1.355605
66,2.596484,0.481200,0.465073,0.016126,0.008564,0.783488,1.323233
67,2.488382,0.600598,0.584211,0.016387,0.008888,0.528431,1.350466
68,2.746076,0.365879,0.349243,0.016636,0.009199,1.017348,1.353650
69,2.566169,0.117694,0.101297,0.016396,0.009417,1.093418,1.345641
70,2.517355,0.265123,0.248502,0.016621,0.009594,0.901316,1.341323
71,2.670180,0.241071,0.225379,0.015692,0.009781,1.057808,1.361520
72,2.580266,0.038986,0.022160,0.016827,0.009856,1.212950,1.318473
73,2.542844,0.370508,0.354479,0.016029,0.009825,0.806684,1.355827
74,2.654117,0.479614,0.462840,0.016774,0.009817,0.811351,1.353335
75,2.441459,0.201657,0.184795,0.016862,0.009826,0.894847,1.335129
76,2.407653,0.302416,0.285819,0.016597,0.009874,0.745337,1.350026
77,2.630710,0.286064,0.269279,0.016785,0.009958,0.986279,1.348409
78,2.485098,0.127411,0.110654,0.016757,0.009953,1.008024,1.339711
79,2.495195,0.294924,0.278812,0.016112,0.009887,0.825320,1.365064
80,2.731084,0.321786,0.305953,0.015833,0.009943,1.031050,1.368305
81,2.391157,0.206739,0.189761,0.016979,0.010108,0.833176,1.341133
82,2.405923,0.402391,0.386113,0.016278,0.010185,0.645063,1.348283
83,2.388316,0.362816,0.346038,0.016778,0.010315,0.677635,1.337550
84,2.578734,0.428523,0.411703,0.016820,0.010478,0.801195,1.338537
85,2.457626,0.266275,0.249668,0.016607,0.010453,0.843647,1.337250
86,2.700787,0.388429,0.372440,0.015989,0.010322,0.932410,1.369627
87,2.544443,0.106533,0.089999,0.016534,0.010259,1.072418,1.355233
88,2.606493,0.617582,0.601124,0.016458,0.010201,0.642147,1.336564
89,2.480398,0.258193,0.242238,0.015955,0.010238,0.839021,1.372945
90,2.402683,0.345769,0.329476,0.016293,0.010331,0.695542,1.351042
91,2.536132,0.331705,0.315666,0.016039,0.010418,0.860062,1.333946
92,2.394490,0.277166,0.259989,0.017176,0.010466,0.810603,1.296256
93,2.813149,0.545813,0.528827,0.016985,0.010651,0.913746,1.342940
1,4.601523,0.656589,0.627811,0.028777,0.003720,1.621068,2.320147
2,4.420386,0.495324,0.467176,0.028148,0.003488,1.610732,2.310842
3,4.610276,0.700598,0.672883,0.027715,0.003333,1.604864,2.301479
4,4.163945,0.272800,0.246131,0.026669,0.003265,1.595875,2.292004
5,3.982769,0.107629,0.081509,0.026120,0.003176,1.589578,2.282386
6,4.306749,0.451324,0.426749,0.024575,0.003074,1.580109,2.272241
7,4.275678,0.425587,0.399673,0.025914,0.002951,1.585810,2.261331
8,4.488317,0.674769,0.650829,0.023941,0.002866,1.560722,2.249959
9,4.445394,0.652445,0.627931,0.024514,0.002832,1.552859,2.237258
10,4.280473,0.490546,0.467652,0.022894,0.002837,1.563576,2.223515
11,4.486583,0.730322,0.707238,0.023084,0.002817,1.545406,2.208039
12,3.807511,0.041834,0.019614,0.022219,0.002804,1.572073,2.190801
13,3.994671,0.309687,0.288055,0.021632,0.002717,1.510973,2.171294
14,4.238235,0.578321,0.557184,0.021137,0.002652,1.509792,2.147470
15,3.905844,0.301678,0.281149,0.020529,0.002599,1.480256,2.121310
16,4.007890,0.438123,0.418154,0.019969,0.002647,1.479638,2.087482
17,3.797601,0.282552,0.263631,0.018921,0.002746,1.463514,2.048791
18,3.861490,0.409860,0.390098,0.019762,0.002777,1.447543,2.001311
19,3.950837,0.637920,0.619412,0.018509,0.002795,1.366468,1.943654
20,3.534620,0.317214,0.299178,0.018036,0.002826,1.341447,1.873134
21,3.461514,0.196346,0.178441,0.017905,0.002879,1.478085,1.784204
22,3.548981,0.651298,0.634086,0.017212,0.002880,1.205883,1.688920
23,3.186306,0.280556,0.263528,0.017028,0.002858,1.306647,1.596245
24,2.792053,0.077628,0.058903,0.018724,0.002845,1.229092,1.482488
25,3.022999,0.482785,0.463248,0.019537,0.002836,1.085441,1.451936
26,2.990192,0.387474,0.367351,0.020123,0.002806,1.163141,1.436772
27,2.615616,0.287516,0.268019,0.019497,0.002818,0.933779,1.391504
28,2.693349,0.457916,0.438909,0.019007,0.002885,0.783753,1.448795
29,2.938718,0.218860,0.200465,0.018395,0.003003,1.348556,1.368299
30,2.601603,0.286065,0.268534,0.017531,0.003066,0.885818,1.426653
31,2.743320,0.474724,0.457772,0.016952,0.003165,0.920925,1.344506
32,2.637441,0.524975,0.507988,0.016987,0.003335,0.711395,1.397737
33,2.916204,0.649340,0.632118,0.017222,0.003466,0.867203,1.396194
34,2.484906,0.457781,0.440708,0.017073,0.003615,0.659605,1.363905
35,2.651407,0.797907,0.781352,0.016555,0.003803,0.450297,1.399400
36,2.487737,0.440792,0.423802,0.016990,0.004032,0.642971,1.399943
37,2.985019,0.231109,0.214114,0.016995,0.004278,1.372089,1.377544
38,2.416267,0.256638,0.240089,0.016550,0.004504,0.826531,1.328594
39,3.098897,0.193056,0.176212,0.016844,0.004714,1.540431,1.360695
40,2.524999,0.511784,0.495042,0.016743,0.004867,0.626584,1.381763
41,3.015725,0.254116,0.238259,0.015857,0.005139,1.420310,1.336160
42,2.692335,0.476996,0.460369,0.016627,0.005432,0.840800,1.369107
43,2.550580,0.285249,0.269716,0.015533,0.005696,0.875205,1.384430
44,2.862437,0.224619,0.208018,0.016601,0.005924,1.262675,1.369220
45,2.974562,0.505577,0.489768,0.015809,0.006117,1.092298,1.370570
46,2.560156,0.622794,0.606161,0.016634,0.006290,0.571784,1.359288
47,3.053496,0.448576,0.432781,0.015795,0.006463,1.265798,1.332659
48,2.537872,0.479777,0.462956,0.016821,0.006569,0.682519,1.369007
49,2.678450,0.290506,0.273752,0.016754,0.006604,1.067459,1.313881
50,2.539345,0.259435,0.242910,0.016524,0.006585,0.915076,1.358248
51,2.838880,0.292656,0.276990,0.015666,0.006598,1.165080,1.374545
52,2.410518,0.284361,0.267824,0.016538,0.006661,0.757898,1.361598
53,2.849853,0.461970,0.445155,0.016815,0.006744,1.012156,1.368983
54,2.715448,0.260070,0.243471,0.016599,0.006668,1.104311,1.344398
55,2.513616,0.263863,0.247481,0.016382,0.006602,0.880470,1.362682
56,3.088477,0.443366,0.426531,0.016835,0.006582,1.286899,1.351629
57,2.764563,0.413530,0.397693,0.015836,0.006456,0.987416,1.357161
58,2.533034,0.279784,0.263391,0.016392,0.006446,0.887670,1.359134
59,2.937278,0.603037,0.586982,0.016055,0.006501,0.988782,1.338957
60,2.454610,0.286725,0.270291,0.016434,0.006634,0.839157,1.322094
61,2.536838,0.299497,0.282990,0.016507,0.006767,0.877689,1.352885
62,2.596446,0.075505,0.059146,0.016359,0.006793,1.155143,1.359006
63,2.691339,0.251009,0.234433,0.016577,0.006787,1.083368,1.350175
64,2.726339,0.293934,0.277199,0.016735,0.006825,1.084400,1.341181
65,2.710905,0.476896,0.460152,0.016745,0.006880,0.863169,1.363959
66,2.545829,0.259390,0.242765,0.016625,0.006886,0.916959,1.362595
67,2.389686,0.328660,0.312014,0.016646,0.006852,0.708979,1.345194
68,2.802643,0.255166,0.238373,0.016794,0.006662,1.221906,1.318909
69,2.612081,0.666582,0.650491,0.016092,0.006524,0.577129,1.361845
70,2.647994,0.498516,0.482439,0.016077,0.006556,0.794231,1.348692
71,2.656053,0.242039,0.225218,0.016821,0.006568,1.070581,1.336865
72,2.913026,0.452599,0.435734,0.016865,0.006595,1.105301,1.348531
73,2.795437,0.239822,0.224052,0.015770,0.006673,1.219388,1.329554
74,2.519721,0.468777,0.452703,0.016074,0.006782,0.733684,1.310478
75,2.693637,0.609178,0.593237,0.015941,0.006964,0.725247,1.352248
76,2.583406,0.421501,0.404666,0.016835,0.007206,0.811374,1.343325
77,2.746906,0.430082,0.414173,0.015908,0.007412,0.985445,1.323967
78,2.664546,0.370123,0.353443,0.016680,0.007642,0.974355,1.312426
79,2.723213,0.619656,0.602696,0.016960,0.007884,0.758941,1.336732
80,2.609979,0.055214,0.038406,0.016808,0.008091,1.241726,1.304948
81,2.717457,0.192672,0.175954,0.016718,0.008150,1.172329,1.344306
82,2.587015,0.245912,0.229186,0.016727,0.008166,1.003524,1.329413
83,2.746208,0.724626,0.707570,0.017057,0.008241,0.677754,1.335586
84,2.404314,0.246834,0.230370,0.016463,0.008394,0.806333,1.342753
85,2.524259,0.233908,0.217469,0.016438,0.008384,0.934322,1.347646
86,2.873088,0.951762,0.935506,0.016256,0.008409,0.591312,1.321605
87,2.606969,0.242970,0.226248,0.016722,0.008445,1.022720,1.332834
88,2.641301,0.712045,0.695846,0.016199,0.008351,0.573488,1.347417
89,2.432648,0.067971,0.051396,0.016575,0.008229,1.016861,1.339586
90,2.282867,0.309366,0.292906,0.016460,0.008103,0.630411,1.334986
91,2.601552,0.385299,0.368549,0.016750,0.008112,0.879463,1.328679
92,2.487729,0.524161,0.508228,0.015933,0.008196,0.613434,1.341937
93,2.515278,0.230912,0.214321,0.016590,0.008332,0.922443,1.353592
94,2.500826,0.241336,0.225089,0.016247,0.008442,0.900611,1.350436
95,2.617301,0.403049,0.386220,0.016829,0.008545,0.867610,1.338097
96,2.602605,0.406469,0.390488,0.015981,0.008673,0.859342,1.328121
97,2.345553,0.420700,0.404007,0.016693,0.008853,0.585013,1.330987
98,2.572853,0.229087,0.212329,0.016759,0.008983,1.013871,1.320912
99,2.713314,0.595952,0.580095,0.015857,0.009046,0.756396,1.351920
100,2.659457,0.521180,0.505037,0.016143,0.009121,0.804239,1.324916
1,4.588066,0.658425,0.629240,0.029185,0.002359,1.656797,2.270485
2,4.402211,0.492626,0.464650,0.027975,0.002517,1.644651,2.262418
3,4.593344,0.701171,0.673073,0.028098,0.002734,1.634944,2.254495
4,4.144898,0.271750,0.245096,0.026655,0.002971,1.623728,2.246448
5,3.962866,0.106744,0.080606,0.026138,0.003168,1.614830,2.238124
6,4.290212,0.450957,0.426242,0.024716,0.003325,1.606303,2.229626
7,4.251467,0.424754,0.398757,0.025997,0.003438,1.602805,2.220469
8,4.471877,0.674051,0.650015,0.024036,0.003544,1.583286,2.210996
9,4.427382,0.649702,0.625284,0.024418,0.003698,1.573411,2.200572
10,4.263872,0.489683,0.466533,0.023149,0.003878,1.580874,2.189437
11,4.466662,0.729043,0.705532,0.023512,0.003987,1.556552,2.177081
12,3.789850,0.041766,0.019423,0.022342,0.004068,1.581099,2.162917
13,3.983376,0.309248,0.287568,0.021680,0.004022,1.522345,2.147762
14,4.232477,0.578626,0.557112,0.021513,0.003988,1.520844,2.129019
15,3.896559,0.300744,0.280163,0.020581,0.003934,1.484186,2.107695
16,4.003617,0.438207,0.417843,0.020364,0.003985,1.480940,2.080486
17,3.793856,0.284960,0.265856,0.019103,0.004073,1.456970,2.047853
18,3.851879,0.408900,0.389194,0.019706,0.004061,1.432663,2.006256
19,3.929202,0.635972,0.617667,0.018305,0.004037,1.335908,1.953285
20,3.486761,0.315094,0.297444,0.017650,0.004034,1.286885,1.880747
21,3.374946,0.196174,0.178410,0.017763,0.004067,1.394531,1.780176
22,3.395135,0.651758,0.633949,0.017809,0.004033,1.068237,1.671108
23,2.993528,0.282987,0.262993,0.019995,0.003969,1.150439,1.556133
24,2.632388,0.085199,0.058725,0.026474,0.003923,1.121399,1.421866
25,2.789326,0.490972,0.462676,0.028296,0.003901,0.869739,1.424714
26,2.868004,0.393795,0.367191,0.026604,0.003876,1.049795,1.420537
27,2.613903,0.290449,0.267325,0.023124,0.003922,0.961116,1.358417
28,2.498227,0.458523,0.439113,0.019411,0.004049,0.634354,1.401301
29,3.042980,0.218975,0.200834,0.018141,0.004227,1.457786,1.361993
30,2.528946,0.283414,0.266181,0.017234,0.004327,0.845678,1.395526
31,2.774588,0.471906,0.455106,0.016800,0.004459,0.964277,1.333946
32,2.429503,0.524806,0.508119,0.016687,0.004682,0.517213,1.382801
33,2.868905,0.649393,0.632405,0.016987,0.004881,0.833038,1.381593
34,2.451224,0.456451,0.439488,0.016963,0.005106,0.627544,1.362123
35,2.634718,0.795225,0.778918,0.016307,0.005333,0.451802,1.382358
36,2.454759,0.439452,0.422696,0.016756,0.005583,0.632429,1.377295
37,2.729519,0.227915,0.211014,0.016901,0.005823,1.119385,1.376396
38,2.583125,0.256777,0.239992,0.016785,0.006022,0.991882,1.328444
39,2.863742,0.191643,0.174711,0.016932,0.006203,1.303271,1.362625
40,2.499351,0.508489,0.491693,0.016796,0.006319,0.615519,1.369024
41,2.951383,0.254486,0.238465,0.016021,0.006580,1.356762,1.333555
42,2.608299,0.475412,0.458625,0.016787,0.006866,0.755450,1.370572
43,2.467855,0.284634,0.268933,0.015701,0.007106,0.804553,1.371561
44,2.756768,0.222627,0.206080,0.016547,0.007267,1.163364,1.363510
45,2.951324,0.504856,0.488917,0.015939,0.007362,1.075518,1.363588
46,2.538829,0.622185,0.605634,0.016551,0.007435,0.552297,1.356912
47,3.037324,0.448438,0.432602,0.015836,0.007531,1.259073,1.322282
48,2.571049,0.480254,0.463299,0.016956,0.007574,0.721264,1.361956
49,2.538085,0.291174,0.274229,0.016944,0.007566,0.927361,1.311985
50,2.490716,0.258782,0.242192,0.016590,0.007492,0.870316,1.354126
51,2.764417,0.292387,0.276607,0.015779,0.007444,1.103638,1.360948
52,2.439165,0.283625,0.266954,0.016671,0.007458,0.796774,1.351309
53,2.805685,0.462265,0.445427,0.016838,0.007500,0.980305,1.355614
54,2.710425,0.257725,0.241156,0.016568,0.007377,1.100353,1.344971
55,2.502290,0.263773,0.247343,0.016430,0.007258,0.878009,1.353251
56,3.022872,0.445271,0.428416,0.016855,0.007190,1.221954,1.348457
57,2.753644,0.412717,0.396888,0.015828,0.007006,0.988528,1.345393
58,2.524924,0.280224,0.263781,0.016443,0.006934,0.888194,1.349572
59,2.911261,0.603248,0.587122,0.016127,0.006935,0.958828,1.342250
60,2.448279,0.286444,0.269889,0.016555,0.007002,0.837700,1.317133
61,2.512110,0.299397,0.282859,0.016538,0.007090,0.860753,1.344870
62,2.614013,0.075268,0.058874,0.016395,0.007082,1.180786,1.350877
63,2.666502,0.250132,0.233582,0.016550,0.007054,1.066240,1.343076
64,2.684030,0.293860,0.277096,0.016764,0.007078,1.045359,1.337734
65,2.667490,0.475738,0.458988,0.016749,0.007124,0.831707,1.352921
66,2.527739,0.258956,0.242198,0.016758,0.007115,0.911237,1.350430
67,2.383729,0.332661,0.315953,0.016707,0.007071,0.698464,1.345533
68,2.758128,0.256423,0.239554,0.016868,0.006853,1.180350,1.314503
69,2.619838,0.664982,0.648673,0.016309,0.006684,0.596946,1.351226
70,2.664919,0.508680,0.492589,0.016091,0.006709,0.801428,1.348103
71,2.656403,0.240703,0.223871,0.016832,0.006699,1.073724,1.335278
72,2.903298,0.452430,0.435520,0.016910,0.006718,1.103045,1.341104
73,2.784841,0.239518,0.223704,0.015814,0.006800,1.217282,1.321242
74,2.531919,0.468904,0.452765,0.016139,0.006925,0.743923,1.312168
75,2.674876,0.610131,0.594181,0.015950,0.007133,0.710174,1.347439
76,2.586108,0.421104,0.404314,0.016790,0.007395,0.819440,1.338170
77,2.740172,0.430370,0.414316,0.016053,0.007609,0.984868,1.317325
78,2.639861,0.370608,0.353798,0.016810,0.007869,0.952637,1.308748
79,2.722658,0.620171,0.603291,0.016881,0.008155,0.755078,1.339254
80,2.568604,0.055357,0.038458,0.016898,0.008394,1.198894,1.305959
81,2.639501,0.192270,0.175578,0.016692,0.008449,1.097854,1.340928
82,2.517213,0.244353,0.227690,0.016663,0.008436,0.929982,1.334442
83,2.693011,0.724980,0.708031,0.016949,0.008468,0.626748,1.332815
84,2.352504,0.245203,0.228749,0.016454,0.008550,0.756669,1.342082
85,2.456674,0.233429,0.216975,0.016454,0.008457,0.872477,1.342312
86,2.837136,0.951687,0.935254,0.016433,0.008424,0.562773,1.314252
87,2.548948,0.242708,0.225945,0.016764,0.008422,0.961958,1.335860
88,2.629116,0.711614,0.695272,0.016342,0.008278,0.566032,1.343193
89,2.347648,0.067777,0.051160,0.016617,0.008117,0.933608,1.338146
90,2.272516,0.309704,0.293211,0.016493,0.007956,0.619211,1.335645
91,2.528355,0.385646,0.368927,0.016718,0.007951,0.804470,1.330289
92,2.465624,0.523738,0.507759,0.015979,0.008013,0.596250,1.337623
93,2.459971,0.231308,0.214668,0.016639,0.008141,0.874823,1.345699
94,2.454615,0.241756,0.225444,0.016312,0.008248,0.860173,1.344438
95,2.562016,0.403556,0.386831,0.016725,0.008351,0.815832,1.334277
96,2.572525,0.408711,0.392471,0.016240,0.008481,0.834932,1.320400
97,2.339066,0.421526,0.404877,0.016650,0.008675,0.578510,1.330356
98,2.502229,0.229201,0.212309,0.016892,0.008820,0.947301,1.316907
99,2.695000,0.595890,0.580034,0.015856,0.008879,0.739981,1.350250
100,2.614822,0.521704,0.505426,0.016278,0.008963,0.762187,1.321969
1,4.588066,0.658425,0.629240,0.029185,0.002359,1.656797,2.270485
2,4.402211,0.492626,0.464650,0.027975,0.002517,1.644651,2.262418
3,4.593343,0.701171,0.673073,0.028098,0.002734,1.634944,2.254495
4,4.144898,0.271750,0.245096,0.026655,0.002971,1.623728,2.246448
5,3.962866,0.106744,0.080606,0.026138,0.003168,1.614830,2.238124
6,4.290212,0.450957,0.426242,0.024716,0.003325,1.606303,2.229626
1,4.770669,0.830789,0.806388,0.024400,0.001940,1.667933,2.270008
2,4.881177,0.947768,0.923517,0.024251,0.001935,1.663457,2.268017
3,4.070445,0.145108,0.123237,0.021871,0.001976,1.657267,2.266095
4,4.936414,1.013691,0.989733,0.023958,0.002021,1.656566,2.264137
5,3.926386,0.022620,0.001514,0.021106,0.002058,1.639530,2.262177
6,4.047385,0.133684,0.112228,0.021456,0.002077,1.651465,2.260159
7,4.726168,0.814755,0.791218,0.023537,0.002103,1.651139,2.258170
8,4.035248,0.131036,0.109839,0.021197,0.002138,1.645901,2.256172
9,3.913735,0.022104,0.001518,0.020586,0.002176,1.635218,2.254238
10,4.840940,0.945581,0.922443,0.023137,0.002201,1.640908,2.252249
11,4.025569,0.134396,0.113585,0.020810,0.002236,1.638681,2.250257
12,4.897219,1.010263,0.987390,0.022873,0.002274,1.636475,2.248207
13,5.022677,1.137437,1.114687,0.022750,0.002305,1.636712,2.246224
14,5.012053,1.132187,1.109564,0.022622,0.002344,1.633341,2.244181
15,3.893382,0.021354,0.001489,0.019865,0.002388,1.627458,2.242182
16,3.890899,0.021223,0.001473,0.019750,0.002419,1.627118,2.240139
1,4.788769,0.851261,0.825325,0.025936,0.002171,1.667334,2.268004
2,4.482213,0.557917,0.533399,0.024519,0.002249,1.657951,2.264097
3,3.984595,0.076217,0.049920,0.026297,0.002360,1.645874,2.260144
4,4.386861,0.477693,0.450335,0.027359,0.002450,1.650544,2.256173
5,4.462419,0.568484,0.545033,0.023451,0.002543,1.639222,2.252171
6,4.553304,0.663489,0.640069,0.023420,0.002630,1.639008,2.248176
7,5.036903,1.154741,1.130475,0.024266,0.002742,1.635251,2.244169
1,4.153222,0.296407,0.274839,0.021568,0.010919,1.621516,2.224381
2,3.631655,0.413278,0.390809,0.022470,0.004620,1.519613,1.694143
3,3.041530,0.354737,0.340237,0.014500,0.002367,1.378362,1.306065
4,2.739432,0.297220,0.283129,0.014091,0.002737,1.204709,1.234766
5,2.551422,0.356386,0.342147,0.014239,0.004227,0.965252,1.225556
6,2.398876,0.346068,0.331970,0.014098,0.006736,0.825286,1.220786
7,2.376719,0.296242,0.281960,0.014282,0.008202,0.857341,1.214934
8,2.317714,0.284610,0.270634,0.013976,0.009750,0.809309,1.214046
9,2.286729,0.305681,0.291680,0.014001,0.010316,0.754793,1.215939
10,2.310680,0.231662,0.217501,0.014161,0.009863,0.856238,1.212918
11,2.355062,0.352690,0.338757,0.013933,0.010066,0.780863,1.211444
12,2.303382,0.335210,0.321180,0.014030,0.011251,0.746434,1.210487
13,2.280803,0.303495,0.289578,0.013918,0.011322,0.755813,1.210173
14,2.258425,0.324601,0.310790,0.013811,0.011401,0.713282,1.209141
15,2.336566,0.418119,0.404104,0.014014,0.012056,0.695144,1.211248
16,2.221052,0.190401,0.176650,0.013750,0.011669,0.807784,1.211199
17,2.274797,0.275314,0.261484,0.013829,0.009909,0.780943,1.208631
18,2.314735,0.314684,0.301033,0.013651,0.009670,0.781269,1.209113
19,2.246999,0.288992,0.274883,0.014110,0.009346,0.739814,1.208847
20,2.222405,0.322530,0.308553,0.013977,0.009689,0.681419,1.208767
