smiles,index,qed,sa_score,logp,molecular_weight,num_atoms,num_rings,num_aromatic_rings,num_rotatable_bonds,tpsa,hbd,hba,lipinski_violations
O1OOOOOOOOOOOOOOOOOOOOOOOOOOOOOO1,0,0.4341310281251453,0,4.811199999999996,495.9690000000003,31,1,1,0,407.33999999999975,0,31,1
O1OOO1.O1OOOO1.O1OOOOOOOOOOOOOOOOOOOOO1,1,0.38851271876159105,0,-1.0024000000000002,495.9690000000003,31,3,1,0,305.67999999999995,0,31,1
O1OOO1.O1OOOOOOOOOOOOOOOOOOOOOOOOOO1,2,0.4586690628329412,0,3.9167999999999976,495.9690000000003,31,2,1,0,391.69999999999976,0,31,1
